Workbook

Sheet Quality Check
A1: Exchange | B1: Sheet | C1: Data From | D1: Data To | E1: Data Rows | F1: Turnover Total (INR Bn)
A2: NSE | B2: Year NSE Equity Cash | C2: ='Year NSE Equity Cash'!A2 -> 1994-1995 | D2: =LOOKUP(2,1/('Year NSE Equity Cash'!$A$2:$A$100000<>""),'Year NSE Equity Cash'!$A$2:$A$100000) -> 2025-2026 | E2: =COUNTA('Year NSE Equity Cash'!$A:$A)-1 -> 32 | F2: =SUM('Year NSE Equity Cash'!$I:$I) -> 1899269
A3: NSE | B3: Monthly NSE Equity Cash | C3: ='Monthly NSE Equity Cash'!A2 -> 36251 | D3: =LOOKUP(2,1/('Monthly NSE Equity Cash'!$A$2:$A$100000<>""),'Monthly NSE Equity Cash'!$A$2:$A$100000) -> 46235 | E3: =COUNTA('Monthly NSE Equity Cash'!$A:$A)-1 -> 329 | F3: =SUM('Monthly NSE Equity Cash'!$K:$K) -> 2022184.5
A4: NSE | B4: Daily NSE Equity Cash | C4: ='Daily NSE Equity Cash'!A2 -> 43922 | D4: =LOOKUP(2,1/('Daily NSE Equity Cash'!$A$2:$A$100000<>""),'Daily NSE Equity Cash'!$A$2:$A$100000) -> 46272 | E4: =COUNTA('Daily NSE Equity Cash'!$A:$A)-1 -> 1592 | F4: =SUM('Daily NSE Equity Cash'!$H:$H) -> 1332162
A5: BSE | B5: Year BSE Equity Cash | C5: ='Year BSE Equity Cash'!A2 -> 1997-1998 | D5: =LOOKUP(2,1/('Year BSE Equity Cash'!$A$2:$A$100000<>""),'Year BSE Equity Cash'!$A$2:$A$100000) -> 2026-2027 | E5: =COUNTA('Year BSE Equity Cash'!$A:$A)-1 -> 30 | F5: =SUM('Year BSE Equity Cash'!$F:$F) -> 275345.7
A6: BSE | B6: Monthly BSE Equity Cash | C6: ='Monthly BSE Equity Cash'!A2 -> 35735 | D6: =LOOKUP(2,1/('Monthly BSE Equity Cash'!$A$2:$A$100000<>""),'Monthly BSE Equity Cash'!$A$2:$A$100000) -> 46266 | E6: =COUNTA('Monthly BSE Equity Cash'!$A:$A)-1 -> 347 | F6: =SUM('Monthly BSE Equity Cash'!$G:$G) -> 275345.7
A7: BSE | B7: Daily BSE Equity Cash | C7: ='Daily BSE Equity Cash'!A2 -> 43922 | D7: =LOOKUP(2,1/('Daily BSE Equity Cash'!$A$2:$A$100000<>""),'Daily BSE Equity Cash'!$A$2:$A$100000) -> 46272 | E7: =COUNTA('Daily BSE Equity Cash'!$A:$A)-1 -> 1597 | F7: =SUM('Daily BSE Equity Cash'!$H:$H) -> 100482.39
A9: NSE & BSE daily end dates aligned? | C9: =IF($D$4=$D$7,"YES","NO") -> YES
A11: Turnover Reconciliation | B11: Aggregate (INR Bn) | C11: Component Sum (INR Bn) | D11: Difference | E11: Status | F11: Remarks
A12: NSE: Monthly vs Daily (Apr-2020 → last completed month) | B12: =SUMIFS('Monthly NSE Equity Cash'!$K:$K,'Monthly NSE Equity Cash'!$A:$A,">="&DATE(2020,4,1)) -> 1330029.4 | C12: =SUMIFS('Daily NSE Equity Cash'!$H:$H,'Daily NSE Equity Cash'!$A:$A,"<="&EOMONTH($D$3,0)) -> 1326463.5 | D12: =B12-C12 -> 3565.8974 | E12: =IF(ABS(D12)<=0.25,"OK","CHECK") -> CHECK | F12: NSE source gaps: daily rows missing 22-Nov-2021 & 07/08/09/11/14-Aug-2023
A13: NSE: Yearly vs Monthly (FY1999-2000 → last completed FY) | B13: =SUMIFS('Year NSE Equity Cash'!$I:$I,'Year NSE Equity Cash'!$A:$A,">=1999-2000") -> 1887786.4 | C13: =SUMIFS('Monthly NSE Equity Cash'!$K:$K,'Monthly NSE Equity Cash'!$A:$A,"<="&DATE(VALUE(RIGHT($D$2,4)),3,31)) -> 1887786.6 | D13: =B13-C13 -> -0.21 | E13: =IF(ABS(D13)<=0.25,"OK","CHECK") -> OK | F13: ~0.2 INR Bn rounding at NSE (FY2020-21)
A14: BSE: Monthly vs Daily (Apr-2020 → last month) | B14: =SUMIFS('Monthly BSE Equity Cash'!$G:$G,'Monthly BSE Equity Cash'!$A:$A,">="&DATE(2020,4,1),'Monthly BSE Equity Cash'!$A:$A,"<="&DATE(YEAR($D$7),MONTH($D$7),1)) -> 100482.44 | C14: =SUMIFS('Daily BSE Equity Cash'!$H:$H,'Daily BSE Equity Cash'!$A:$A,"<="&EOMONTH($D$6,0)) -> 100482.39 | D14: =B14-C14 -> 0.0555 | E14: =IF(ABS(D14)<=0.25,"OK","CHECK") -> OK
A15: BSE: Yearly vs Monthly (full history) | B15: =SUM('Year BSE Equity Cash'!$F:$F) -> 275345.7 | C15: =SUM('Monthly BSE Equity Cash'!$G:$G) -> 275345.7 | D15: =B15-C15 -> 0 | E15: =IF(ABS(D15)<=0.25,"OK","CHECK") -> OK
A17: Notes
A18: Units: shares & trades in Crores; all monetary values in INR Bn (1 Bn = 100 Crores); same units for both exchanges.
A19: Each Market Share sheet carries a period-to-date Comparison block below the data - Year & Day: current-FY YTD vs prior FY; Qrtr: running quarter vs same quarter a year earlier; Mth: running month vs same month a year earlier - always over the FIRST EQUAL NUMBER of NSE trading days of the prior period (matched window shown in the block; live formulas on the daily sheets).
A20: NSE publishes Monthly figures only for completed months; the NSE Year sheet excludes the in-progress fiscal year.
A21: Known NSE source gaps (same on nseindia.com): daily rows missing for 22-Nov-2021 and 07/08/09/11/14-Aug-2023; Aug-2023 monthly total is ~1 trading day low; Dec-2021 monthly & FY2020-21 yearly differ by ~0.2 INR Bn (NSE rounding).
A22: History starts: NSE yearly FY1994-95, monthly Apr-1999; BSE yearly FY1997-98, monthly Nov-1997; daily sheets per chosen range.
A23: Market Share sheets: NSE turnover for periods not yet published by NSE at yearly/monthly level (current FY / current month / current quarter) is summed from the Daily NSE Equity Cash sheet; once NSE publishes the official aggregate, that figure takes over automatically.

Sheet Year Eq Cash Turnover Mkt Share
A1: Fiscal Year | B1: NSE Turnover (INR Bn) | C1: BSE Turnover (INR Bn) | D1: Total Turnover (INR Bn) | E1: NSE YoY Growth | F1: BSE YoY Growth | G1: Total Turnover YoY Growth | H1: NSE Market Share | I1: BSE Market Share
A2: 1994-1995 | B2: =IF(MAX(SUMIFS('Year NSE Equity Cash'!$I:$I,'Year NSE Equity Cash'!$A:$A,$A2),SUMIFS('Daily NSE Equity Cash'!$H:$H,'Daily NSE Equity Cash'!$A:$A,">="&DATE(VALUE(LEFT($A2,4)),4,1),'Daily NSE Equity Cash'!$A:$A,"<="&DATE(VALUE(RIGHT($A2,4)),3,31)))=0,"",MAX(SUMIFS('Year NSE Equity Cash'!$I:$I,'Year NSE Equity Cash'!$A:$A,$A2),SUMIFS('Daily NSE Equity Cash'!$H:$H,'Daily NSE Equity Cash'!$A:$A,">="&DATE(VALUE(LEFT($A2,4)),4,1),'Daily NSE Equity Cash'!$A:$A,"<="&DATE(VALUE(RIGHT($A2,4)),3,31)))) -> 18.05 | C2: =IF(SUMIFS('Year BSE Equity Cash'!$F:$F,'Year BSE Equity Cash'!$A:$A,$A2)=0,"",SUMIFS('Year BSE Equity Cash'!$F:$F,'Year BSE Equity Cash'!$A:$A,$A2)) | D2: =IF(OR(B2="",C2=""),"",B2+C2) | H2: =IF(D2="","",B2/D2) | I2: =IF(D2="","",C2/D2)
A3: 1995-1996 | B3: =IF(MAX(SUMIFS('Year NSE Equity Cash'!$I:$I,'Year NSE Equity Cash'!$A:$A,$A3),SUMIFS('Daily NSE Equity Cash'!$H:$H,'Daily NSE Equity Cash'!$A:$A,">="&DATE(VALUE(LEFT($A3,4)),4,1),'Daily NSE Equity Cash'!$A:$A,"<="&DATE(VALUE(RIGHT($A3,4)),3,31)))=0,"",MAX(SUMIFS('Year NSE Equity Cash'!$I:$I,'Year NSE Equity Cash'!$A:$A,$A3),SUMIFS('Daily NSE Equity Cash'!$H:$H,'Daily NSE Equity Cash'!$A:$A,">="&DATE(VALUE(LEFT($A3,4)),4,1),'Daily NSE Equity Cash'!$A:$A,"<="&DATE(VALUE(RIGHT($A3,4)),3,31)))) -> 672.87 | C3: =IF(SUMIFS('Year BSE Equity Cash'!$F:$F,'Year BSE Equity Cash'!$A:$A,$A3)=0,"",SUMIFS('Year BSE Equity Cash'!$F:$F,'Year BSE Equity Cash'!$A:$A,$A3)) | D3: =IF(OR(B3="",C3=""),"",B3+C3) | E3: =IF(OR(B3="",B2=""),"",B3/B2-1) -> 36.278116 | F3: =IF(OR(C3="",C2=""),"",C3/C2-1) | G3: =IF(OR(D3="",D2=""),"",D3/D2-1) | H3: =IF(D3="","",B3/D3) | I3: =IF(D3="","",C3/D3)
A4: 1996-1997 | B4: =IF(MAX(SUMIFS('Year NSE Equity Cash'!$I:$I,'Year NSE Equity Cash'!$A:$A,$A4),SUMIFS('Daily NSE Equity Cash'!$H:$H,'Daily NSE Equity Cash'!$A:$A,">="&DATE(VALUE(LEFT($A4,4)),4,1),'Daily NSE Equity Cash'!$A:$A,"<="&DATE(VALUE(RIGHT($A4,4)),3,31)))=0,"",MAX(SUMIFS('Year NSE Equity Cash'!$I:$I,'Year NSE Equity Cash'!$A:$A,$A4),SUMIFS('Daily NSE Equity Cash'!$H:$H,'Daily NSE Equity Cash'!$A:$A,">="&DATE(VALUE(LEFT($A4,4)),4,1),'Daily NSE Equity Cash'!$A:$A,"<="&DATE(VALUE(RIGHT($A4,4)),3,31)))) -> 2945.03 | C4: =IF(SUMIFS('Year BSE Equity Cash'!$F:$F,'Year BSE Equity Cash'!$A:$A,$A4)=0,"",SUMIFS('Year BSE Equity Cash'!$F:$F,'Year BSE Equity Cash'!$A:$A,$A4)) | D4: =IF(OR(B4="",C4=""),"",B4+C4) | E4: =IF(OR(B4="",B3=""),"",B4/B3-1) -> 3.3768187 | F4: =IF(OR(C4="",C3=""),"",C4/C3-1) | G4: =IF(OR(D4="",D3=""),"",D4/D3-1) | H4: =IF(D4="","",B4/D4) | I4: =IF(D4="","",C4/D4)
A5: 1997-1998 | B5: =IF(MAX(SUMIFS('Year NSE Equity Cash'!$I:$I,'Year NSE Equity Cash'!$A:$A,$A5),SUMIFS('Daily NSE Equity Cash'!$H:$H,'Daily NSE Equity Cash'!$A:$A,">="&DATE(VALUE(LEFT($A5,4)),4,1),'Daily NSE Equity Cash'!$A:$A,"<="&DATE(VALUE(RIGHT($A5,4)),3,31)))=0,"",MAX(SUMIFS('Year NSE Equity Cash'!$I:$I,'Year NSE Equity Cash'!$A:$A,$A5),SUMIFS('Daily NSE Equity Cash'!$H:$H,'Daily NSE Equity Cash'!$A:$A,">="&DATE(VALUE(LEFT($A5,4)),4,1),'Daily NSE Equity Cash'!$A:$A,"<="&DATE(VALUE(RIGHT($A5,4)),3,31)))) -> 3701.93 | C5: =IF(SUMIFS('Year BSE Equity Cash'!$F:$F,'Year BSE Equity Cash'!$A:$A,$A5)=0,"",SUMIFS('Year BSE Equity Cash'!$F:$F,'Year BSE Equity Cash'!$A:$A,$A5)) -> 868.9916 | D5: =IF(OR(B5="",C5=""),"",B5+C5) -> 4570.9216 | E5: =IF(OR(B5="",B4=""),"",B5/B4-1) -> 0.25700927 | F5: =IF(OR(C5="",C4=""),"",C5/C4-1) | G5: =IF(OR(D5="",D4=""),"",D5/D4-1) | H5: =IF(D5="","",B5/D5) -> 0.809887 | I5: =IF(D5="","",C5/D5) -> 0.190113
A6: 1998-1999 | B6: =IF(MAX(SUMIFS('Year NSE Equity Cash'!$I:$I,'Year NSE Equity Cash'!$A:$A,$A6),SUMIFS('Daily NSE Equity Cash'!$H:$H,'Daily NSE Equity Cash'!$A:$A,">="&DATE(VALUE(LEFT($A6,4)),4,1),'Daily NSE Equity Cash'!$A:$A,"<="&DATE(VALUE(RIGHT($A6,4)),3,31)))=0,"",MAX(SUMIFS('Year NSE Equity Cash'!$I:$I,'Year NSE Equity Cash'!$A:$A,$A6),SUMIFS('Daily NSE Equity Cash'!$H:$H,'Daily NSE Equity Cash'!$A:$A,">="&DATE(VALUE(LEFT($A6,4)),4,1),'Daily NSE Equity Cash'!$A:$A,"<="&DATE(VALUE(RIGHT($A6,4)),3,31)))) -> 4144.74 | C6: =IF(SUMIFS('Year BSE Equity Cash'!$F:$F,'Year BSE Equity Cash'!$A:$A,$A6)=0,"",SUMIFS('Year BSE Equity Cash'!$F:$F,'Year BSE Equity Cash'!$A:$A,$A6)) -> 2846.3687 | D6: =IF(OR(B6="",C6=""),"",B6+C6) -> 6991.1087 | E6: =IF(OR(B6="",B5=""),"",B6/B5-1) -> 0.11961598 | F6: =IF(OR(C6="",C5=""),"",C6/C5-1) -> 2.2754847 | G6: =IF(OR(D6="",D5=""),"",D6/D5-1) -> 0.52947465 | H6: =IF(D6="","",B6/D6) -> 0.59285876 | I6: =IF(D6="","",C6/D6) -> 0.40714124
A7: 1999-2000 | B7: =IF(MAX(SUMIFS('Year NSE Equity Cash'!$I:$I,'Year NSE Equity Cash'!$A:$A,$A7),SUMIFS('Daily NSE Equity Cash'!$H:$H,'Daily NSE Equity Cash'!$A:$A,">="&DATE(VALUE(LEFT($A7,4)),4,1),'Daily NSE Equity Cash'!$A:$A,"<="&DATE(VALUE(RIGHT($A7,4)),3,31)))=0,"",MAX(SUMIFS('Year NSE Equity Cash'!$I:$I,'Year NSE Equity Cash'!$A:$A,$A7),SUMIFS('Daily NSE Equity Cash'!$H:$H,'Daily NSE Equity Cash'!$A:$A,">="&DATE(VALUE(LEFT($A7,4)),4,1),'Daily NSE Equity Cash'!$A:$A,"<="&DATE(VALUE(RIGHT($A7,4)),3,31)))) -> 8390.52 | C7: =IF(SUMIFS('Year BSE Equity Cash'!$F:$F,'Year BSE Equity Cash'!$A:$A,$A7)=0,"",SUMIFS('Year BSE Equity Cash'!$F:$F,'Year BSE Equity Cash'!$A:$A,$A7)) -> 6864.2855 | D7: =IF(OR(B7="",C7=""),"",B7+C7) -> 15254.806 | E7: =IF(OR(B7="",B6=""),"",B7/B6-1) -> 1.0243779 | F7: =IF(OR(C7="",C6=""),"",C7/C6-1) -> 1.4115939 | G7: =IF(OR(D7="",D6=""),"",D7/D6-1) -> 1.1820295 | H7: =IF(D7="","",B7/D7) -> 0.55002471 | I7: =IF(D7="","",C7/D7) -> 0.44997529
A8: 2000-2001 | B8: =IF(MAX(SUMIFS('Year NSE Equity Cash'!$I:$I,'Year NSE Equity Cash'!$A:$A,$A8),SUMIFS('Daily NSE Equity Cash'!$H:$H,'Daily NSE Equity Cash'!$A:$A,">="&DATE(VALUE(LEFT($A8,4)),4,1),'Daily NSE Equity Cash'!$A:$A,"<="&DATE(VALUE(RIGHT($A8,4)),3,31)))=0,"",MAX(SUMIFS('Year NSE Equity Cash'!$I:$I,'Year NSE Equity Cash'!$A:$A,$A8),SUMIFS('Daily NSE Equity Cash'!$H:$H,'Daily NSE Equity Cash'!$A:$A,">="&DATE(VALUE(LEFT($A8,4)),4,1),'Daily NSE Equity Cash'!$A:$A,"<="&DATE(VALUE(RIGHT($A8,4)),3,31)))) -> 13395.1 | C8: =IF(SUMIFS('Year BSE Equity Cash'!$F:$F,'Year BSE Equity Cash'!$A:$A,$A8)=0,"",SUMIFS('Year BSE Equity Cash'!$F:$F,'Year BSE Equity Cash'!$A:$A,$A8)) -> 10000.326 | D8: =IF(OR(B8="",C8=""),"",B8+C8) -> 23395.426 | E8: =IF(OR(B8="",B7=""),"",B8/B7-1) -> 0.59645648 | F8: =IF(OR(C8="",C7=""),"",C8/C7-1) -> 0.45686338 | G8: =IF(OR(D8="",D7=""),"",D8/D7-1) -> 0.53364303 | H8: =IF(D8="","",B8/D8) -> 0.57255208 | I8: =IF(D8="","",C8/D8) -> 0.42744792
A9: 2001-2002 | B9: =IF(MAX(SUMIFS('Year NSE Equity Cash'!$I:$I,'Year NSE Equity Cash'!$A:$A,$A9),SUMIFS('Daily NSE Equity Cash'!$H:$H,'Daily NSE Equity Cash'!$A:$A,">="&DATE(VALUE(LEFT($A9,4)),4,1),'Daily NSE Equity Cash'!$A:$A,"<="&DATE(VALUE(RIGHT($A9,4)),3,31)))=0,"",MAX(SUMIFS('Year NSE Equity Cash'!$I:$I,'Year NSE Equity Cash'!$A:$A,$A9),SUMIFS('Daily NSE Equity Cash'!$H:$H,'Daily NSE Equity Cash'!$A:$A,">="&DATE(VALUE(LEFT($A9,4)),4,1),'Daily NSE Equity Cash'!$A:$A,"<="&DATE(VALUE(RIGHT($A9,4)),3,31)))) -> 5131.67 | C9: =IF(SUMIFS('Year BSE Equity Cash'!$F:$F,'Year BSE Equity Cash'!$A:$A,$A9)=0,"",SUMIFS('Year BSE Equity Cash'!$F:$F,'Year BSE Equity Cash'!$A:$A,$A9)) -> 3072.9777 | D9: =IF(OR(B9="",C9=""),"",B9+C9) -> 8204.6477 | E9: =IF(OR(B9="",B8=""),"",B9/B8-1) -> -0.61689946 | F9: =IF(OR(C9="",C8=""),"",C9/C8-1) -> -0.69271225 | G9: =IF(OR(D9="",D8=""),"",D9/D8-1) -> -0.64930548 | H9: =IF(D9="","",B9/D9) -> 0.62545891 | I9: =IF(D9="","",C9/D9) -> 0.37454109
A10: 2002-2003 | B10: =IF(MAX(SUMIFS('Year NSE Equity Cash'!$I:$I,'Year NSE Equity Cash'!$A:$A,$A10),SUMIFS('Daily NSE Equity Cash'!$H:$H,'Daily NSE Equity Cash'!$A:$A,">="&DATE(VALUE(LEFT($A10,4)),4,1),'Daily NSE Equity Cash'!$A:$A,"<="&DATE(VALUE(RIGHT($A10,4)),3,31)))=0,"",MAX(SUMIFS('Year NSE Equity Cash'!$I:$I,'Year NSE Equity Cash'!$A:$A,$A10),SUMIFS('Daily NSE Equity Cash'!$H:$H,'Daily NSE Equity Cash'!$A:$A,">="&DATE(VALUE(LEFT($A10,4)),4,1),'Daily NSE Equity Cash'!$A:$A,"<="&DATE(VALUE(RIGHT($A10,4)),3,31)))) -> 6179.89 | C10: =IF(SUMIFS('Year BSE Equity Cash'!$F:$F,'Year BSE Equity Cash'!$A:$A,$A10)=0,"",SUMIFS('Year BSE Equity Cash'!$F:$F,'Year BSE Equity Cash'!$A:$A,$A10)) -> 3140.7313 | D10: =IF(OR(B10="",C10=""),"",B10+C10) -> 9320.6213 | E10: =IF(OR(B10="",B9=""),"",B10/B9-1) -> 0.20426489 | F10: =IF(OR(C10="",C9=""),"",C10/C9-1) -> 0.022048191 | G10: =IF(OR(D10="",D9=""),"",D10/D9-1) -> 0.13601725 | H10: =IF(D10="","",B10/D10) -> 0.66303413 | I10: =IF(D10="","",C10/D10) -> 0.33696587
A11: 2003-2004 | B11: =IF(MAX(SUMIFS('Year NSE Equity Cash'!$I:$I,'Year NSE Equity Cash'!$A:$A,$A11),SUMIFS('Daily NSE Equity Cash'!$H:$H,'Daily NSE Equity Cash'!$A:$A,">="&DATE(VALUE(LEFT($A11,4)),4,1),'Daily NSE Equity Cash'!$A:$A,"<="&DATE(VALUE(RIGHT($A11,4)),3,31)))=0,"",MAX(SUMIFS('Year NSE Equity Cash'!$I:$I,'Year NSE Equity Cash'!$A:$A,$A11),SUMIFS('Daily NSE Equity Cash'!$H:$H,'Daily NSE Equity Cash'!$A:$A,">="&DATE(VALUE(LEFT($A11,4)),4,1),'Daily NSE Equity Cash'!$A:$A,"<="&DATE(VALUE(RIGHT($A11,4)),3,31)))) -> 10995.35 | C11: =IF(SUMIFS('Year BSE Equity Cash'!$F:$F,'Year BSE Equity Cash'!$A:$A,$A11)=0,"",SUMIFS('Year BSE Equity Cash'!$F:$F,'Year BSE Equity Cash'!$A:$A,$A11)) -> 5026.1838 | D11: =IF(OR(B11="",C11=""),"",B11+C11) -> 16021.534 | E11: =IF(OR(B11="",B10=""),"",B11/B10-1) -> 0.77921452 | F11: =IF(OR(C11="",C10=""),"",C11/C10-1) -> 0.60032277 | G11: =IF(OR(D11="",D10=""),"",D11/D10-1) -> 0.7189341 | H11: =IF(D11="","",B11/D11) -> 0.68628573 | I11: =IF(D11="","",C11/D11) -> 0.31371427
A12: 2004-2005 | B12: =IF(MAX(SUMIFS('Year NSE Equity Cash'!$I:$I,'Year NSE Equity Cash'!$A:$A,$A12),SUMIFS('Daily NSE Equity Cash'!$H:$H,'Daily NSE Equity Cash'!$A:$A,">="&DATE(VALUE(LEFT($A12,4)),4,1),'Daily NSE Equity Cash'!$A:$A,"<="&DATE(VALUE(RIGHT($A12,4)),3,31)))=0,"",MAX(SUMIFS('Year NSE Equity Cash'!$I:$I,'Year NSE Equity Cash'!$A:$A,$A12),SUMIFS('Daily NSE Equity Cash'!$H:$H,'Daily NSE Equity Cash'!$A:$A,">="&DATE(VALUE(LEFT($A12,4)),4,1),'Daily NSE Equity Cash'!$A:$A,"<="&DATE(VALUE(RIGHT($A12,4)),3,31)))) -> 11400.71 | C12: =IF(SUMIFS('Year BSE Equity Cash'!$F:$F,'Year BSE Equity Cash'!$A:$A,$A12)=0,"",SUMIFS('Year BSE Equity Cash'!$F:$F,'Year BSE Equity Cash'!$A:$A,$A12)) -> 5187.1565 | D12: =IF(OR(B12="",C12=""),"",B12+C12) -> 16587.867 | E12: =IF(OR(B12="",B11=""),"",B12/B11-1) -> 0.036866494 | F12: =IF(OR(C12="",C11=""),"",C12/C11-1) -> 0.032026823 | G12: =IF(OR(D12="",D11=""),"",D12/D11-1) -> 0.03534822 | H12: =IF(D12="","",B12/D12) -> 0.68729212 | I12: =IF(D12="","",C12/D12) -> 0.31270788
A13: 2005-2006 | B13: =IF(MAX(SUMIFS('Year NSE Equity Cash'!$I:$I,'Year NSE Equity Cash'!$A:$A,$A13),SUMIFS('Daily NSE Equity Cash'!$H:$H,'Daily NSE Equity Cash'!$A:$A,">="&DATE(VALUE(LEFT($A13,4)),4,1),'Daily NSE Equity Cash'!$A:$A,"<="&DATE(VALUE(RIGHT($A13,4)),3,31)))=0,"",MAX(SUMIFS('Year NSE Equity Cash'!$I:$I,'Year NSE Equity Cash'!$A:$A,$A13),SUMIFS('Daily NSE Equity Cash'!$H:$H,'Daily NSE Equity Cash'!$A:$A,">="&DATE(VALUE(LEFT($A13,4)),4,1),'Daily NSE Equity Cash'!$A:$A,"<="&DATE(VALUE(RIGHT($A13,4)),3,31)))) -> 15695.58 | C13: =IF(SUMIFS('Year BSE Equity Cash'!$F:$F,'Year BSE Equity Cash'!$A:$A,$A13)=0,"",SUMIFS('Year BSE Equity Cash'!$F:$F,'Year BSE Equity Cash'!$A:$A,$A13)) -> 8160.847 | D13: =IF(OR(B13="",C13=""),"",B13+C13) -> 23856.427 | E13: =IF(OR(B13="",B12=""),"",B13/B12-1) -> 0.37671952 | F13: =IF(OR(C13="",C12=""),"",C13/C12-1) -> 0.5732795 | G13: =IF(OR(D13="",D12=""),"",D13/D12-1) -> 0.43818537 | H13: =IF(D13="","",B13/D13) -> 0.6579183 | I13: =IF(D13="","",C13/D13) -> 0.3420817
A14: 2006-2007 | B14: =IF(MAX(SUMIFS('Year NSE Equity Cash'!$I:$I,'Year NSE Equity Cash'!$A:$A,$A14),SUMIFS('Daily NSE Equity Cash'!$H:$H,'Daily NSE Equity Cash'!$A:$A,">="&DATE(VALUE(LEFT($A14,4)),4,1),'Daily NSE Equity Cash'!$A:$A,"<="&DATE(VALUE(RIGHT($A14,4)),3,31)))=0,"",MAX(SUMIFS('Year NSE Equity Cash'!$I:$I,'Year NSE Equity Cash'!$A:$A,$A14),SUMIFS('Daily NSE Equity Cash'!$H:$H,'Daily NSE Equity Cash'!$A:$A,">="&DATE(VALUE(LEFT($A14,4)),4,1),'Daily NSE Equity Cash'!$A:$A,"<="&DATE(VALUE(RIGHT($A14,4)),3,31)))) -> 19452.85 | C14: =IF(SUMIFS('Year BSE Equity Cash'!$F:$F,'Year BSE Equity Cash'!$A:$A,$A14)=0,"",SUMIFS('Year BSE Equity Cash'!$F:$F,'Year BSE Equity Cash'!$A:$A,$A14)) -> 9561.8911 | D14: =IF(OR(B14="",C14=""),"",B14+C14) -> 29014.741 | E14: =IF(OR(B14="",B13=""),"",B14/B13-1) -> 0.23938395 | F14: =IF(OR(C14="",C13=""),"",C14/C13-1) -> 0.17167876 | G14: =IF(OR(D14="",D13=""),"",D14/D13-1) -> 0.21622325 | H14: =IF(D14="","",B14/D14) -> 0.67044713 | I14: =IF(D14="","",C14/D14) -> 0.32955287
... A34: 2026-2027 | B34: =IF(MAX(SUMIFS('Year NSE Equity Cash'!$I:$I,'Year NSE Equity Cash'!$A:$A,$A34),SUMIFS('Daily NSE Equity Cash'!$H:$H,'Daily NSE Equity Cash'!$A:$A,">="&DATE(VALUE(LEFT($A34,4)),4,1),'Daily NSE Equity Cash'!$A:$A,"<="&DATE(VALUE(RIGHT($A34,4)),3,31)))=0,"",MAX(SUMIFS('Year NSE Equity Cash'!$I:$I,'Year NSE Equity Cash'!$A:$A,$A34),SUMIFS('Daily NSE Equity Cash'!$H:$H,'Daily NSE Equity Cash'!$A:$A,">="&DATE(VALUE(LEFT($A34,4)),4,1),'Daily NSE Equity Cash'!$A:$A,"<="&DATE(VALUE(RIGHT($A34,4)),3,31)))) -> 140096.37 | C34: =IF(SUMIFS('Year BSE Equity Cash'!$F:$F,'Year BSE Equity Cash'!$A:$A,$A34)=0,"",SUMIFS('Year BSE Equity Cash'!$F:$F,'Year BSE Equity Cash'!$A:$A,$A34)) -> 11094.718 | D34: =IF(OR(B34="",C34=""),"",B34+C34) -> 151191.09 | E34: =IF(OR(B34="",B33=""),"",B34/B33-1) -> -0.4624624 | F34: =IF(OR(C34="",C33=""),"",C34/C33-1) -> -0.43499433 | G34: =IF(OR(D34="",D33=""),"",D34/D33-1) -> -0.46053786 | H34: =IF(D34="","",B34/D34) -> 0.92661791 | I34: =IF(D34="","",C34/D34) -> 0.073382093
A36: YTD Comparison - FY2026-2027 YTD vs FY2025-2026 YTD (same number of trading days)
A37: Trading days elapsed in FY2026-2027 (per NSE daily) | B37: =COUNTIF('Daily NSE Equity Cash'!$A:$A,">="&DATE(2026,4,1)) -> 109
A38: Matched FY2025-2026 window | B38: =DATE(2025,4,1) -> 45748 | C38: =INDEX('Daily NSE Equity Cash'!$A:$A,COUNTIF('Daily NSE Equity Cash'!$A:$A,"<"&DATE(2025,4,1))+1+$B37) -> 45908
B39: NSE Turnover (INR Bn) | C39: BSE Turnover (INR Bn) | D39: Total Turnover (INR Bn) | H39: NSE Market Share | I39: BSE Market Share
A40: FY2025-2026 YTD (first N trading days) | B40: =SUMIFS('Daily NSE Equity Cash'!$H:$H,'Daily NSE Equity Cash'!$A:$A,">="&$B$38,'Daily NSE Equity Cash'!$A:$A,"<="&$C$38) -> 111256.13 | C40: =SUMIFS('Daily BSE Equity Cash'!$H:$H,'Daily BSE Equity Cash'!$A:$A,">="&$B$38,'Daily BSE Equity Cash'!$A:$A,"<="&$C$38) -> 8217.5111 | D40: =B40+C40 -> 119473.64 | H40: =IF(D40=0,"",B40/D40) -> 0.93121905 | I40: =IF(D40=0,"",C40/D40) -> 0.068780953
A41: FY2026-2027 YTD | B41: =SUMIFS('Daily NSE Equity Cash'!$H:$H,'Daily NSE Equity Cash'!$A:$A,">="&DATE(2026,4,1)) -> 140096.37 | C41: =SUMIFS('Daily BSE Equity Cash'!$H:$H,'Daily BSE Equity Cash'!$A:$A,">="&DATE(2026,4,1)) -> 11094.717 | D41: =B41+C41 -> 151191.08 | H41: =IF(D41=0,"",B41/D41) -> 0.92661791 | I41: =IF(D41=0,"",C41/D41) -> 0.073382088
A42: YTD Growth (FY2026-2027 vs FY2025-2026) | B42: =IF(OR(B40=0,B40=""),"",B41/B40-1) -> 0.25922376 | C42: =IF(OR(C40=0,C40=""),"",C41/C40-1) -> 0.35013111 | D42: =IF(OR(D40=0,D40=""),"",D41/D40-1) -> 0.26547646

Sheet Qrtr Eq Cash Turnover Mkt Share
A1: Qrtr - Year | B1: NSE Turnover (INR Bn) | C1: BSE Turnover (INR Bn) | D1: Total Turnover (INR Bn) | E1: NSE YoY Growth | F1: BSE YoY Growth | G1: Total Turnover YoY Growth | H1: NSE QoQ Growth | I1: BSE QoQ Growth | J1: Total Turnover QoQ Growth | K1: NSE Market Share | L1: BSE Market Share
A2: Q3FY98 | B2: =IF(MAX(SUMIFS('Monthly NSE Equity Cash'!$K:$K,'Monthly NSE Equity Cash'!$C:$C,$A2),SUMIFS('Daily NSE Equity Cash'!$H:$H,'Daily NSE Equity Cash'!$D:$D,$A2))=0,"",MAX(SUMIFS('Monthly NSE Equity Cash'!$K:$K,'Monthly NSE Equity Cash'!$C:$C,$A2),SUMIFS('Daily NSE Equity Cash'!$H:$H,'Daily NSE Equity Cash'!$D:$D,$A2))) | C2: =IF(SUMIFS('Monthly BSE Equity Cash'!$G:$G,'Monthly BSE Equity Cash'!$C:$C,$A2)=0,"",SUMIFS('Monthly BSE Equity Cash'!$G:$G,'Monthly BSE Equity Cash'!$C:$C,$A2)) -> 299.6254 | D2: =IF(OR(B2="",C2=""),"",B2+C2) | K2: =IF(D2="","",B2/D2) | L2: =IF(D2="","",C2/D2)
A3: Q4FY98 | B3: =IF(MAX(SUMIFS('Monthly NSE Equity Cash'!$K:$K,'Monthly NSE Equity Cash'!$C:$C,$A3),SUMIFS('Daily NSE Equity Cash'!$H:$H,'Daily NSE Equity Cash'!$D:$D,$A3))=0,"",MAX(SUMIFS('Monthly NSE Equity Cash'!$K:$K,'Monthly NSE Equity Cash'!$C:$C,$A3),SUMIFS('Daily NSE Equity Cash'!$H:$H,'Daily NSE Equity Cash'!$D:$D,$A3))) | C3: =IF(SUMIFS('Monthly BSE Equity Cash'!$G:$G,'Monthly BSE Equity Cash'!$C:$C,$A3)=0,"",SUMIFS('Monthly BSE Equity Cash'!$G:$G,'Monthly BSE Equity Cash'!$C:$C,$A3)) -> 569.3662 | D3: =IF(OR(B3="",C3=""),"",B3+C3) | H3: =IF(OR(B3="",B2=""),"",B3/B2-1) | I3: =IF(OR(C3="",C2=""),"",C3/C2-1) -> 0.90026012 | J3: =IF(OR(D3="",D2=""),"",D3/D2-1) | K3: =IF(D3="","",B3/D3) | L3: =IF(D3="","",C3/D3)
A4: Q1FY99 | B4: =IF(MAX(SUMIFS('Monthly NSE Equity Cash'!$K:$K,'Monthly NSE Equity Cash'!$C:$C,$A4),SUMIFS('Daily NSE Equity Cash'!$H:$H,'Daily NSE Equity Cash'!$D:$D,$A4))=0,"",MAX(SUMIFS('Monthly NSE Equity Cash'!$K:$K,'Monthly NSE Equity Cash'!$C:$C,$A4),SUMIFS('Daily NSE Equity Cash'!$H:$H,'Daily NSE Equity Cash'!$D:$D,$A4))) | C4: =IF(SUMIFS('Monthly BSE Equity Cash'!$G:$G,'Monthly BSE Equity Cash'!$C:$C,$A4)=0,"",SUMIFS('Monthly BSE Equity Cash'!$G:$G,'Monthly BSE Equity Cash'!$C:$C,$A4)) -> 452.6481 | D4: =IF(OR(B4="",C4=""),"",B4+C4) | H4: =IF(OR(B4="",B3=""),"",B4/B3-1) | I4: =IF(OR(C4="",C3=""),"",C4/C3-1) -> -0.20499654 | J4: =IF(OR(D4="",D3=""),"",D4/D3-1) | K4: =IF(D4="","",B4/D4) | L4: =IF(D4="","",C4/D4)
A5: Q2FY99 | B5: =IF(MAX(SUMIFS('Monthly NSE Equity Cash'!$K:$K,'Monthly NSE Equity Cash'!$C:$C,$A5),SUMIFS('Daily NSE Equity Cash'!$H:$H,'Daily NSE Equity Cash'!$D:$D,$A5))=0,"",MAX(SUMIFS('Monthly NSE Equity Cash'!$K:$K,'Monthly NSE Equity Cash'!$C:$C,$A5),SUMIFS('Daily NSE Equity Cash'!$H:$H,'Daily NSE Equity Cash'!$D:$D,$A5))) | C5: =IF(SUMIFS('Monthly BSE Equity Cash'!$G:$G,'Monthly BSE Equity Cash'!$C:$C,$A5)=0,"",SUMIFS('Monthly BSE Equity Cash'!$G:$G,'Monthly BSE Equity Cash'!$C:$C,$A5)) -> 670.9652 | D5: =IF(OR(B5="",C5=""),"",B5+C5) | H5: =IF(OR(B5="",B4=""),"",B5/B4-1) | I5: =IF(OR(C5="",C4=""),"",C5/C4-1) -> 0.48231087 | J5: =IF(OR(D5="",D4=""),"",D5/D4-1) | K5: =IF(D5="","",B5/D5) | L5: =IF(D5="","",C5/D5)
A6: Q3FY99 | B6: =IF(MAX(SUMIFS('Monthly NSE Equity Cash'!$K:$K,'Monthly NSE Equity Cash'!$C:$C,$A6),SUMIFS('Daily NSE Equity Cash'!$H:$H,'Daily NSE Equity Cash'!$D:$D,$A6))=0,"",MAX(SUMIFS('Monthly NSE Equity Cash'!$K:$K,'Monthly NSE Equity Cash'!$C:$C,$A6),SUMIFS('Daily NSE Equity Cash'!$H:$H,'Daily NSE Equity Cash'!$D:$D,$A6))) | C6: =IF(SUMIFS('Monthly BSE Equity Cash'!$G:$G,'Monthly BSE Equity Cash'!$C:$C,$A6)=0,"",SUMIFS('Monthly BSE Equity Cash'!$G:$G,'Monthly BSE Equity Cash'!$C:$C,$A6)) -> 692.7328 | D6: =IF(OR(B6="",C6=""),"",B6+C6) | E6: =IF(OR(B6="",B2=""),"",B6/B2-1) | F6: =IF(OR(C6="",C2=""),"",C6/C2-1) -> 1.3119962 | G6: =IF(OR(D6="",D2=""),"",D6/D2-1) | H6: =IF(OR(B6="",B5=""),"",B6/B5-1) | I6: =IF(OR(C6="",C5=""),"",C6/C5-1) -> 0.032442219 | J6: =IF(OR(D6="",D5=""),"",D6/D5-1) | K6: =IF(D6="","",B6/D6) | L6: =IF(D6="","",C6/D6)
A7: Q4FY99 | B7: =IF(MAX(SUMIFS('Monthly NSE Equity Cash'!$K:$K,'Monthly NSE Equity Cash'!$C:$C,$A7),SUMIFS('Daily NSE Equity Cash'!$H:$H,'Daily NSE Equity Cash'!$D:$D,$A7))=0,"",MAX(SUMIFS('Monthly NSE Equity Cash'!$K:$K,'Monthly NSE Equity Cash'!$C:$C,$A7),SUMIFS('Daily NSE Equity Cash'!$H:$H,'Daily NSE Equity Cash'!$D:$D,$A7))) | C7: =IF(SUMIFS('Monthly BSE Equity Cash'!$G:$G,'Monthly BSE Equity Cash'!$C:$C,$A7)=0,"",SUMIFS('Monthly BSE Equity Cash'!$G:$G,'Monthly BSE Equity Cash'!$C:$C,$A7)) -> 1030.0226 | D7: =IF(OR(B7="",C7=""),"",B7+C7) | E7: =IF(OR(B7="",B3=""),"",B7/B3-1) | F7: =IF(OR(C7="",C3=""),"",C7/C3-1) -> 0.80906875 | G7: =IF(OR(D7="",D3=""),"",D7/D3-1) | H7: =IF(OR(B7="",B6=""),"",B7/B6-1) | I7: =IF(OR(C7="",C6=""),"",C7/C6-1) -> 0.4868974 | J7: =IF(OR(D7="",D6=""),"",D7/D6-1) | K7: =IF(D7="","",B7/D7) | L7: =IF(D7="","",C7/D7)
A8: Q1FY00 | B8: =IF(MAX(SUMIFS('Monthly NSE Equity Cash'!$K:$K,'Monthly NSE Equity Cash'!$C:$C,$A8),SUMIFS('Daily NSE Equity Cash'!$H:$H,'Daily NSE Equity Cash'!$D:$D,$A8))=0,"",MAX(SUMIFS('Monthly NSE Equity Cash'!$K:$K,'Monthly NSE Equity Cash'!$C:$C,$A8),SUMIFS('Daily NSE Equity Cash'!$H:$H,'Daily NSE Equity Cash'!$D:$D,$A8))) -> 1266.69 | C8: =IF(SUMIFS('Monthly BSE Equity Cash'!$G:$G,'Monthly BSE Equity Cash'!$C:$C,$A8)=0,"",SUMIFS('Monthly BSE Equity Cash'!$G:$G,'Monthly BSE Equity Cash'!$C:$C,$A8)) -> 964.776 | D8: =IF(OR(B8="",C8=""),"",B8+C8) -> 2231.466 | E8: =IF(OR(B8="",B4=""),"",B8/B4-1) | F8: =IF(OR(C8="",C4=""),"",C8/C4-1) -> 1.1314041 | G8: =IF(OR(D8="",D4=""),"",D8/D4-1) | H8: =IF(OR(B8="",B7=""),"",B8/B7-1) | I8: =IF(OR(C8="",C7=""),"",C8/C7-1) -> -0.063344824 | J8: =IF(OR(D8="",D7=""),"",D8/D7-1) | K8: =IF(D8="","",B8/D8) -> 0.56764925 | L8: =IF(D8="","",C8/D8) -> 0.43235075
A9: Q2FY00 | B9: =IF(MAX(SUMIFS('Monthly NSE Equity Cash'!$K:$K,'Monthly NSE Equity Cash'!$C:$C,$A9),SUMIFS('Daily NSE Equity Cash'!$H:$H,'Daily NSE Equity Cash'!$D:$D,$A9))=0,"",MAX(SUMIFS('Monthly NSE Equity Cash'!$K:$K,'Monthly NSE Equity Cash'!$C:$C,$A9),SUMIFS('Daily NSE Equity Cash'!$H:$H,'Daily NSE Equity Cash'!$D:$D,$A9))) -> 1650.32 | C9: =IF(SUMIFS('Monthly BSE Equity Cash'!$G:$G,'Monthly BSE Equity Cash'!$C:$C,$A9)=0,"",SUMIFS('Monthly BSE Equity Cash'!$G:$G,'Monthly BSE Equity Cash'!$C:$C,$A9)) -> 1432.1419 | D9: =IF(OR(B9="",C9=""),"",B9+C9) -> 3082.4619 | E9: =IF(OR(B9="",B5=""),"",B9/B5-1) | F9: =IF(OR(C9="",C5=""),"",C9/C5-1) -> 1.1344503 | G9: =IF(OR(D9="",D5=""),"",D9/D5-1) | H9: =IF(OR(B9="",B8=""),"",B9/B8-1) -> 0.30286021 | I9: =IF(OR(C9="",C8=""),"",C9/C8-1) -> 0.48442944 | J9: =IF(OR(D9="",D8=""),"",D9/D8-1) -> 0.3813618 | K9: =IF(D9="","",B9/D9) -> 0.53539023 | L9: =IF(D9="","",C9/D9) -> 0.46460977
A10: Q3FY00 | B10: =IF(MAX(SUMIFS('Monthly NSE Equity Cash'!$K:$K,'Monthly NSE Equity Cash'!$C:$C,$A10),SUMIFS('Daily NSE Equity Cash'!$H:$H,'Daily NSE Equity Cash'!$D:$D,$A10))=0,"",MAX(SUMIFS('Monthly NSE Equity Cash'!$K:$K,'Monthly NSE Equity Cash'!$C:$C,$A10),SUMIFS('Daily NSE Equity Cash'!$H:$H,'Daily NSE Equity Cash'!$D:$D,$A10))) -> 2371.32 | C10: =IF(SUMIFS('Monthly BSE Equity Cash'!$G:$G,'Monthly BSE Equity Cash'!$C:$C,$A10)=0,"",SUMIFS('Monthly BSE Equity Cash'!$G:$G,'Monthly BSE Equity Cash'!$C:$C,$A10)) -> 1852.6767 | D10: =IF(OR(B10="",C10=""),"",B10+C10) -> 4223.9967 | E10: =IF(OR(B10="",B6=""),"",B10/B6-1) | F10: =IF(OR(C10="",C6=""),"",C10/C6-1) -> 1.6744463 | G10: =IF(OR(D10="",D6=""),"",D10/D6-1) | H10: =IF(OR(B10="",B9=""),"",B10/B9-1) -> 0.43688497 | I10: =IF(OR(C10="",C9=""),"",C10/C9-1) -> 0.29364046 | J10: =IF(OR(D10="",D9=""),"",D10/D9-1) -> 0.37033217 | K10: =IF(D10="","",B10/D10) -> 0.56139248 | L10: =IF(D10="","",C10/D10) -> 0.43860752
A11: Q4FY00 | B11: =IF(MAX(SUMIFS('Monthly NSE Equity Cash'!$K:$K,'Monthly NSE Equity Cash'!$C:$C,$A11),SUMIFS('Daily NSE Equity Cash'!$H:$H,'Daily NSE Equity Cash'!$D:$D,$A11))=0,"",MAX(SUMIFS('Monthly NSE Equity Cash'!$K:$K,'Monthly NSE Equity Cash'!$C:$C,$A11),SUMIFS('Daily NSE Equity Cash'!$H:$H,'Daily NSE Equity Cash'!$D:$D,$A11))) -> 3102.17 | C11: =IF(SUMIFS('Monthly BSE Equity Cash'!$G:$G,'Monthly BSE Equity Cash'!$C:$C,$A11)=0,"",SUMIFS('Monthly BSE Equity Cash'!$G:$G,'Monthly BSE Equity Cash'!$C:$C,$A11)) -> 2614.6909 | D11: =IF(OR(B11="",C11=""),"",B11+C11) -> 5716.8609 | E11: =IF(OR(B11="",B7=""),"",B11/B7-1) | F11: =IF(OR(C11="",C7=""),"",C11/C7-1) -> 1.5384792 | G11: =IF(OR(D11="",D7=""),"",D11/D7-1) | H11: =IF(OR(B11="",B10=""),"",B11/B10-1) -> 0.30820387 | I11: =IF(OR(C11="",C10=""),"",C11/C10-1) -> 0.41130447 | J11: =IF(OR(D11="",D10=""),"",D11/D10-1) -> 0.35342457 | K11: =IF(D11="","",B11/D11) -> 0.54263521 | L11: =IF(D11="","",C11/D11) -> 0.45736479
A12: Q1FY01 | B12: =IF(MAX(SUMIFS('Monthly NSE Equity Cash'!$K:$K,'Monthly NSE Equity Cash'!$C:$C,$A12),SUMIFS('Daily NSE Equity Cash'!$H:$H,'Daily NSE Equity Cash'!$D:$D,$A12))=0,"",MAX(SUMIFS('Monthly NSE Equity Cash'!$K:$K,'Monthly NSE Equity Cash'!$C:$C,$A12),SUMIFS('Daily NSE Equity Cash'!$H:$H,'Daily NSE Equity Cash'!$D:$D,$A12))) -> 2556.39 | C12: =IF(SUMIFS('Monthly BSE Equity Cash'!$G:$G,'Monthly BSE Equity Cash'!$C:$C,$A12)=0,"",SUMIFS('Monthly BSE Equity Cash'!$G:$G,'Monthly BSE Equity Cash'!$C:$C,$A12)) -> 1887.704 | D12: =IF(OR(B12="",C12=""),"",B12+C12) -> 4444.094 | E12: =IF(OR(B12="",B8=""),"",B12/B8-1) -> 1.0181655 | F12: =IF(OR(C12="",C8=""),"",C12/C8-1) -> 0.95662413 | G12: =IF(OR(D12="",D8=""),"",D12/D8-1) -> 0.99155802 | H12: =IF(OR(B12="",B11=""),"",B12/B11-1) -> -0.17593491 | I12: =IF(OR(C12="",C11=""),"",C12/C11-1) -> -0.27803933 | J12: =IF(OR(D12="",D11=""),"",D12/D11-1) -> -0.22263388 | K12: =IF(D12="","",B12/D12) -> 0.57523311 | L12: =IF(D12="","",C12/D12) -> 0.42476689
A13: Q2FY01 | B13: =IF(MAX(SUMIFS('Monthly NSE Equity Cash'!$K:$K,'Monthly NSE Equity Cash'!$C:$C,$A13),SUMIFS('Daily NSE Equity Cash'!$H:$H,'Daily NSE Equity Cash'!$D:$D,$A13))=0,"",MAX(SUMIFS('Monthly NSE Equity Cash'!$K:$K,'Monthly NSE Equity Cash'!$C:$C,$A13),SUMIFS('Daily NSE Equity Cash'!$H:$H,'Daily NSE Equity Cash'!$D:$D,$A13))) -> 3778.83 | C13: =IF(SUMIFS('Monthly BSE Equity Cash'!$G:$G,'Monthly BSE Equity Cash'!$C:$C,$A13)=0,"",SUMIFS('Monthly BSE Equity Cash'!$G:$G,'Monthly BSE Equity Cash'!$C:$C,$A13)) -> 2873.4186 | D13: =IF(OR(B13="",C13=""),"",B13+C13) -> 6652.2486 | E13: =IF(OR(B13="",B9=""),"",B13/B9-1) -> 1.2897559 | F13: =IF(OR(C13="",C9=""),"",C13/C9-1) -> 1.0063784 | G13: =IF(OR(D13="",D9=""),"",D13/D9-1) -> 1.158096 | H13: =IF(OR(B13="",B12=""),"",B13/B12-1) -> 0.47818995 | I13: =IF(OR(C13="",C12=""),"",C13/C12-1) -> 0.52217646 | J13: =IF(OR(D13="",D12=""),"",D13/D12-1) -> 0.49687396 | K13: =IF(D13="","",B13/D13) -> 0.56805303 | L13: =IF(D13="","",C13/D13) -> 0.43194697
A14: Q3FY01 | B14: =IF(MAX(SUMIFS('Monthly NSE Equity Cash'!$K:$K,'Monthly NSE Equity Cash'!$C:$C,$A14),SUMIFS('Daily NSE Equity Cash'!$H:$H,'Daily NSE Equity Cash'!$D:$D,$A14))=0,"",MAX(SUMIFS('Monthly NSE Equity Cash'!$K:$K,'Monthly NSE Equity Cash'!$C:$C,$A14),SUMIFS('Daily NSE Equity Cash'!$H:$H,'Daily NSE Equity Cash'!$D:$D,$A14))) -> 3610 | C14: =IF(SUMIFS('Monthly BSE Equity Cash'!$G:$G,'Monthly BSE Equity Cash'!$C:$C,$A14)=0,"",SUMIFS('Monthly BSE Equity Cash'!$G:$G,'Monthly BSE Equity Cash'!$C:$C,$A14)) -> 2624.7436 | D14: =IF(OR(B14="",C14=""),"",B14+C14) -> 6234.7436 | E14: =IF(OR(B14="",B10=""),"",B14/B10-1) -> 0.52235885 | F14: =IF(OR(C14="",C10=""),"",C14/C10-1) -> 0.41673051 | G14: =IF(OR(D14="",D10=""),"",D14/D10-1) -> 0.47602947 | H14: =IF(OR(B14="",B13=""),"",B14/B13-1) -> -0.04467785 | I14: =IF(OR(C14="",C13=""),"",C14/C13-1) -> -0.086543255 | J14: =IF(OR(D14="",D13=""),"",D14/D13-1) -> -0.062761485 | K14: =IF(D14="","",B14/D14) -> 0.57901339 | L14: =IF(D14="","",C14/D14) -> 0.42098661
A15: Q4FY01 | B15: =IF(MAX(SUMIFS('Monthly NSE Equity Cash'!$K:$K,'Monthly NSE Equity Cash'!$C:$C,$A15),SUMIFS('Daily NSE Equity Cash'!$H:$H,'Daily NSE Equity Cash'!$D:$D,$A15))=0,"",MAX(SUMIFS('Monthly NSE Equity Cash'!$K:$K,'Monthly NSE Equity Cash'!$C:$C,$A15),SUMIFS('Daily NSE Equity Cash'!$H:$H,'Daily NSE Equity Cash'!$D:$D,$A15))) -> 3449.88 | C15: =IF(SUMIFS('Monthly BSE Equity Cash'!$G:$G,'Monthly BSE Equity Cash'!$C:$C,$A15)=0,"",SUMIFS('Monthly BSE Equity Cash'!$G:$G,'Monthly BSE Equity Cash'!$C:$C,$A15)) -> 2614.46 | D15: =IF(OR(B15="",C15=""),"",B15+C15) -> 6064.34 | E15: =IF(OR(B15="",B11=""),"",B15/B11-1) -> 0.11208606 | F15: =IF(OR(C15="",C11=""),"",C15/C11-1) -> -8.8308717e-05 | G15: =IF(OR(D15="",D11=""),"",D15/D11-1) -> 0.060781451 | H15: =IF(OR(B15="",B14=""),"",B15/B14-1) -> -0.044354571 | I15: =IF(OR(C15="",C14=""),"",C15/C14-1) -> -0.0039179446 | J15: =IF(OR(D15="",D14=""),"",D15/D14-1) -> -0.027331292 | K15: =IF(D15="","",B15/D15) -> 0.56887971 | L15: =IF(D15="","",C15/D15) -> 0.43112029
A16: Q1FY02 | B16: =IF(MAX(SUMIFS('Monthly NSE Equity Cash'!$K:$K,'Monthly NSE Equity Cash'!$C:$C,$A16),SUMIFS('Daily NSE Equity Cash'!$H:$H,'Daily NSE Equity Cash'!$D:$D,$A16))=0,"",MAX(SUMIFS('Monthly NSE Equity Cash'!$K:$K,'Monthly NSE Equity Cash'!$C:$C,$A16),SUMIFS('Daily NSE Equity Cash'!$H:$H,'Daily NSE Equity Cash'!$D:$D,$A16))) -> 1267.28 | C16: =IF(SUMIFS('Monthly BSE Equity Cash'!$G:$G,'Monthly BSE Equity Cash'!$C:$C,$A16)=0,"",SUMIFS('Monthly BSE Equity Cash'!$G:$G,'Monthly BSE Equity Cash'!$C:$C,$A16)) -> 811.9537 | D16: =IF(OR(B16="",C16=""),"",B16+C16) -> 2079.2337 | E16: =IF(OR(B16="",B12=""),"",B16/B12-1) -> -0.50426969 | F16: =IF(OR(C16="",C12=""),"",C16/C12-1) -> -0.56987234 | G16: =IF(OR(D16="",D12=""),"",D16/D12-1) -> -0.53213553 | H16: =IF(OR(B16="",B15=""),"",B16/B15-1) -> -0.63265969 | I16: =IF(OR(C16="",C15=""),"",C16/C15-1) -> -0.68943732 | J16: =IF(OR(D16="",D15=""),"",D16/D15-1) -> -0.65713768 | K16: =IF(D16="","",B16/D16) -> 0.60949378 | L16: =IF(D16="","",C16/D16) -> 0.39050622
A17: Q2FY02 | B17: =IF(MAX(SUMIFS('Monthly NSE Equity Cash'!$K:$K,'Monthly NSE Equity Cash'!$C:$C,$A17),SUMIFS('Daily NSE Equity Cash'!$H:$H,'Daily NSE Equity Cash'!$D:$D,$A17))=0,"",MAX(SUMIFS('Monthly NSE Equity Cash'!$K:$K,'Monthly NSE Equity Cash'!$C:$C,$A17),SUMIFS('Daily NSE Equity Cash'!$H:$H,'Daily NSE Equity Cash'!$D:$D,$A17))) -> 919.68 | C17: =IF(SUMIFS('Monthly BSE Equity Cash'!$G:$G,'Monthly BSE Equity Cash'!$C:$C,$A17)=0,"",SUMIFS('Monthly BSE Equity Cash'!$G:$G,'Monthly BSE Equity Cash'!$C:$C,$A17)) -> 562.8124 | D17: =IF(OR(B17="",C17=""),"",B17+C17) -> 1482.4924 | E17: =IF(OR(B17="",B13=""),"",B17/B13-1) -> -0.75662308 | F17: =IF(OR(C17="",C13=""),"",C17/C13-1) -> -0.80413143 | G17: =IF(OR(D17="",D13=""),"",D17/D13-1) -> -0.77714417 | H17: =IF(OR(B17="",B16=""),"",B17/B16-1) -> -0.27428824 | I17: =IF(OR(C17="",C16=""),"",C17/C16-1) -> -0.30684176 | J17: =IF(OR(D17="",D16=""),"",D17/D16-1) -> -0.28700059 | K17: =IF(D17="","",B17/D17) -> 0.62036068 | L17: =IF(D17="","",C17/D17) -> 0.37963932
... A117: Q2FY27 | B117: =IF(MAX(SUMIFS('Monthly NSE Equity Cash'!$K:$K,'Monthly NSE Equity Cash'!$C:$C,$A117),SUMIFS('Daily NSE Equity Cash'!$H:$H,'Daily NSE Equity Cash'!$D:$D,$A117))=0,"",MAX(SUMIFS('Monthly NSE Equity Cash'!$K:$K,'Monthly NSE Equity Cash'!$C:$C,$A117),SUMIFS('Daily NSE Equity Cash'!$H:$H,'Daily NSE Equity Cash'!$D:$D,$A117))) -> 58527.129 | C117: =IF(SUMIFS('Monthly BSE Equity Cash'!$G:$G,'Monthly BSE Equity Cash'!$C:$C,$A117)=0,"",SUMIFS('Monthly BSE Equity Cash'!$G:$G,'Monthly BSE Equity Cash'!$C:$C,$A117)) -> 5121.5337 | D117: =IF(OR(B117="",C117=""),"",B117+C117) -> 63648.663 | E117: =IF(OR(B117="",B113=""),"",B117/B113-1) -> -0.044475623 | F117: =IF(OR(C117="",C113=""),"",C117/C113-1) -> 0.0042769583 | G117: =IF(OR(D117="",D113=""),"",D117/D113-1) -> -0.040728513 | H117: =IF(OR(B117="",B116=""),"",B117/B116-1) -> -0.28248529 | I117: =IF(OR(C117="",C116=""),"",C117/C116-1) -> -0.14257904 | J117: =IF(OR(D117="",D116=""),"",D117/D116-1) -> -0.27293922 | K117: =IF(D117="","",B117/D117) -> 0.91953431 | L117: =IF(D117="","",C117/D117) -> 0.080465692
A119: QTD Comparison - Q2FY27 QTD vs Q2FY26 QTD (same number of trading days)
A120: Trading days elapsed in Q2FY27 (per NSE daily) | B120: =COUNTIF('Daily NSE Equity Cash'!$A:$A,">="&DATE(2026,7,1)) -> 49
A121: Matched Q2FY26 window | B121: =DATE(2025,7,1) -> 45839 | C121: =INDEX('Daily NSE Equity Cash'!$A:$A,COUNTIF('Daily NSE Equity Cash'!$A:$A,"<"&DATE(2025,7,1))+1+$B120) -> 45909
B122: NSE Turnover (INR Bn) | C122: BSE Turnover (INR Bn) | D122: Total Turnover (INR Bn) | K122: NSE Market Share | L122: BSE Market Share
A123: Q2FY26 QTD (first N trading days) | B123: =SUMIFS('Daily NSE Equity Cash'!$H:$H,'Daily NSE Equity Cash'!$A:$A,">="&$B$121,'Daily NSE Equity Cash'!$A:$A,"<="&$C$121) -> 45844.493 | C123: =SUMIFS('Daily BSE Equity Cash'!$H:$H,'Daily BSE Equity Cash'!$A:$A,">="&$B$121,'Daily BSE Equity Cash'!$A:$A,"<="&$C$121) -> 3908.3072 | D123: =B123+C123 -> 49752.801 | K123: =IF(D123=0,"",B123/D123) -> 0.92144548 | L123: =IF(D123=0,"",C123/D123) -> 0.078554517
A124: Q2FY27 QTD | B124: =SUMIFS('Daily NSE Equity Cash'!$H:$H,'Daily NSE Equity Cash'!$A:$A,">="&DATE(2026,7,1)) -> 58527.129 | C124: =SUMIFS('Daily BSE Equity Cash'!$H:$H,'Daily BSE Equity Cash'!$A:$A,">="&DATE(2026,7,1)) -> 5121.533 | D124: =B124+C124 -> 63648.662 | K124: =IF(D124=0,"",B124/D124) -> 0.91953432 | L124: =IF(D124=0,"",C124/D124) -> 0.080465682
A125: QTD Growth (Q2FY27 vs Q2FY26) | B125: =IF(OR(B123=0,B123=""),"",B124/B123-1) -> 0.2766447 | C125: =IF(OR(C123=0,C123=""),"",C124/C123-1) -> 0.31042232 | D125: =IF(OR(D123=0,D123=""),"",D124/D123-1) -> 0.27929808

Sheet Mth Eq Cash Turnover Mkt Share
A1: Month | B1: Fiscal Year | C1: Qrtr - Year | D1: NSE Turnover (INR Bn) | E1: BSE Turnover (INR Bn) | F1: Total Turnover (INR Bn) | G1: NSE YoY Growth | H1: BSE YoY Growth | I1: Total Turnover YoY Growth | J1: NSE MoM Growth | K1: BSE MoM Growth | L1: Total Turnover MoM Growth | M1: NSE Market Share | N1: BSE Market Share
A2: 35735 | B2: 1997-1998 | C2: Q3FY98 | D2: =IF(MAX(SUMIFS('Monthly NSE Equity Cash'!$K:$K,'Monthly NSE Equity Cash'!$A:$A,$A2),SUMIFS('Daily NSE Equity Cash'!$H:$H,'Daily NSE Equity Cash'!$C:$C,$A2))=0,"",MAX(SUMIFS('Monthly NSE Equity Cash'!$K:$K,'Monthly NSE Equity Cash'!$A:$A,$A2),SUMIFS('Daily NSE Equity Cash'!$H:$H,'Daily NSE Equity Cash'!$C:$C,$A2))) | E2: =IF(SUMIFS('Monthly BSE Equity Cash'!$G:$G,'Monthly BSE Equity Cash'!$A:$A,$A2)=0,"",SUMIFS('Monthly BSE Equity Cash'!$G:$G,'Monthly BSE Equity Cash'!$A:$A,$A2)) -> 118.8862 | F2: =IF(OR(D2="",E2=""),"",D2+E2) | M2: =IF(F2="","",D2/F2) | N2: =IF(F2="","",E2/F2)
A3: 35765 | B3: 1997-1998 | C3: Q3FY98 | D3: =IF(MAX(SUMIFS('Monthly NSE Equity Cash'!$K:$K,'Monthly NSE Equity Cash'!$A:$A,$A3),SUMIFS('Daily NSE Equity Cash'!$H:$H,'Daily NSE Equity Cash'!$C:$C,$A3))=0,"",MAX(SUMIFS('Monthly NSE Equity Cash'!$K:$K,'Monthly NSE Equity Cash'!$A:$A,$A3),SUMIFS('Daily NSE Equity Cash'!$H:$H,'Daily NSE Equity Cash'!$C:$C,$A3))) | E3: =IF(SUMIFS('Monthly BSE Equity Cash'!$G:$G,'Monthly BSE Equity Cash'!$A:$A,$A3)=0,"",SUMIFS('Monthly BSE Equity Cash'!$G:$G,'Monthly BSE Equity Cash'!$A:$A,$A3)) -> 180.7392 | F3: =IF(OR(D3="",E3=""),"",D3+E3) | J3: =IF(OR(D3="",D2=""),"",D3/D2-1) | K3: =IF(OR(E3="",E2=""),"",E3/E2-1) -> 0.52027065 | L3: =IF(OR(F3="",F2=""),"",F3/F2-1) | M3: =IF(F3="","",D3/F3) | N3: =IF(F3="","",E3/F3)
A4: 35796 | B4: 1997-1998 | C4: Q4FY98 | D4: =IF(MAX(SUMIFS('Monthly NSE Equity Cash'!$K:$K,'Monthly NSE Equity Cash'!$A:$A,$A4),SUMIFS('Daily NSE Equity Cash'!$H:$H,'Daily NSE Equity Cash'!$C:$C,$A4))=0,"",MAX(SUMIFS('Monthly NSE Equity Cash'!$K:$K,'Monthly NSE Equity Cash'!$A:$A,$A4),SUMIFS('Daily NSE Equity Cash'!$H:$H,'Daily NSE Equity Cash'!$C:$C,$A4))) | E4: =IF(SUMIFS('Monthly BSE Equity Cash'!$G:$G,'Monthly BSE Equity Cash'!$A:$A,$A4)=0,"",SUMIFS('Monthly BSE Equity Cash'!$G:$G,'Monthly BSE Equity Cash'!$A:$A,$A4)) -> 173.5888 | F4: =IF(OR(D4="",E4=""),"",D4+E4) | J4: =IF(OR(D4="",D3=""),"",D4/D3-1) | K4: =IF(OR(E4="",E3=""),"",E4/E3-1) -> -0.039561977 | L4: =IF(OR(F4="",F3=""),"",F4/F3-1) | M4: =IF(F4="","",D4/F4) | N4: =IF(F4="","",E4/F4)
A5: 35827 | B5: 1997-1998 | C5: Q4FY98 | D5: =IF(MAX(SUMIFS('Monthly NSE Equity Cash'!$K:$K,'Monthly NSE Equity Cash'!$A:$A,$A5),SUMIFS('Daily NSE Equity Cash'!$H:$H,'Daily NSE Equity Cash'!$C:$C,$A5))=0,"",MAX(SUMIFS('Monthly NSE Equity Cash'!$K:$K,'Monthly NSE Equity Cash'!$A:$A,$A5),SUMIFS('Daily NSE Equity Cash'!$H:$H,'Daily NSE Equity Cash'!$C:$C,$A5))) | E5: =IF(SUMIFS('Monthly BSE Equity Cash'!$G:$G,'Monthly BSE Equity Cash'!$A:$A,$A5)=0,"",SUMIFS('Monthly BSE Equity Cash'!$G:$G,'Monthly BSE Equity Cash'!$A:$A,$A5)) -> 164.0306 | F5: =IF(OR(D5="",E5=""),"",D5+E5) | J5: =IF(OR(D5="",D4=""),"",D5/D4-1) | K5: =IF(OR(E5="",E4=""),"",E5/E4-1) -> -0.055062308 | L5: =IF(OR(F5="",F4=""),"",F5/F4-1) | M5: =IF(F5="","",D5/F5) | N5: =IF(F5="","",E5/F5)
A6: 35855 | B6: 1997-1998 | C6: Q4FY98 | D6: =IF(MAX(SUMIFS('Monthly NSE Equity Cash'!$K:$K,'Monthly NSE Equity Cash'!$A:$A,$A6),SUMIFS('Daily NSE Equity Cash'!$H:$H,'Daily NSE Equity Cash'!$C:$C,$A6))=0,"",MAX(SUMIFS('Monthly NSE Equity Cash'!$K:$K,'Monthly NSE Equity Cash'!$A:$A,$A6),SUMIFS('Daily NSE Equity Cash'!$H:$H,'Daily NSE Equity Cash'!$C:$C,$A6))) | E6: =IF(SUMIFS('Monthly BSE Equity Cash'!$G:$G,'Monthly BSE Equity Cash'!$A:$A,$A6)=0,"",SUMIFS('Monthly BSE Equity Cash'!$G:$G,'Monthly BSE Equity Cash'!$A:$A,$A6)) -> 231.7468 | F6: =IF(OR(D6="",E6=""),"",D6+E6) | J6: =IF(OR(D6="",D5=""),"",D6/D5-1) | K6: =IF(OR(E6="",E5=""),"",E6/E5-1) -> 0.41282663 | L6: =IF(OR(F6="",F5=""),"",F6/F5-1) | M6: =IF(F6="","",D6/F6) | N6: =IF(F6="","",E6/F6)
A7: 35886 | B7: 1998-1999 | C7: Q1FY99 | D7: =IF(MAX(SUMIFS('Monthly NSE Equity Cash'!$K:$K,'Monthly NSE Equity Cash'!$A:$A,$A7),SUMIFS('Daily NSE Equity Cash'!$H:$H,'Daily NSE Equity Cash'!$C:$C,$A7))=0,"",MAX(SUMIFS('Monthly NSE Equity Cash'!$K:$K,'Monthly NSE Equity Cash'!$A:$A,$A7),SUMIFS('Daily NSE Equity Cash'!$H:$H,'Daily NSE Equity Cash'!$C:$C,$A7))) | E7: =IF(SUMIFS('Monthly BSE Equity Cash'!$G:$G,'Monthly BSE Equity Cash'!$A:$A,$A7)=0,"",SUMIFS('Monthly BSE Equity Cash'!$G:$G,'Monthly BSE Equity Cash'!$A:$A,$A7)) -> 265.5279 | F7: =IF(OR(D7="",E7=""),"",D7+E7) | J7: =IF(OR(D7="",D6=""),"",D7/D6-1) | K7: =IF(OR(E7="",E6=""),"",E7/E6-1) -> 0.14576728 | L7: =IF(OR(F7="",F6=""),"",F7/F6-1) | M7: =IF(F7="","",D7/F7) | N7: =IF(F7="","",E7/F7)
A8: 35916 | B8: 1998-1999 | C8: Q1FY99 | D8: =IF(MAX(SUMIFS('Monthly NSE Equity Cash'!$K:$K,'Monthly NSE Equity Cash'!$A:$A,$A8),SUMIFS('Daily NSE Equity Cash'!$H:$H,'Daily NSE Equity Cash'!$C:$C,$A8))=0,"",MAX(SUMIFS('Monthly NSE Equity Cash'!$K:$K,'Monthly NSE Equity Cash'!$A:$A,$A8),SUMIFS('Daily NSE Equity Cash'!$H:$H,'Daily NSE Equity Cash'!$C:$C,$A8))) | E8: =IF(SUMIFS('Monthly BSE Equity Cash'!$G:$G,'Monthly BSE Equity Cash'!$A:$A,$A8)=0,"",SUMIFS('Monthly BSE Equity Cash'!$G:$G,'Monthly BSE Equity Cash'!$A:$A,$A8)) -> 56.179 | F8: =IF(OR(D8="",E8=""),"",D8+E8) | J8: =IF(OR(D8="",D7=""),"",D8/D7-1) | K8: =IF(OR(E8="",E7=""),"",E8/E7-1) -> -0.78842525 | L8: =IF(OR(F8="",F7=""),"",F8/F7-1) | M8: =IF(F8="","",D8/F8) | N8: =IF(F8="","",E8/F8)
A9: 35947 | B9: 1998-1999 | C9: Q1FY99 | D9: =IF(MAX(SUMIFS('Monthly NSE Equity Cash'!$K:$K,'Monthly NSE Equity Cash'!$A:$A,$A9),SUMIFS('Daily NSE Equity Cash'!$H:$H,'Daily NSE Equity Cash'!$C:$C,$A9))=0,"",MAX(SUMIFS('Monthly NSE Equity Cash'!$K:$K,'Monthly NSE Equity Cash'!$A:$A,$A9),SUMIFS('Daily NSE Equity Cash'!$H:$H,'Daily NSE Equity Cash'!$C:$C,$A9))) | E9: =IF(SUMIFS('Monthly BSE Equity Cash'!$G:$G,'Monthly BSE Equity Cash'!$A:$A,$A9)=0,"",SUMIFS('Monthly BSE Equity Cash'!$G:$G,'Monthly BSE Equity Cash'!$A:$A,$A9)) -> 130.9412 | F9: =IF(OR(D9="",E9=""),"",D9+E9) | J9: =IF(OR(D9="",D8=""),"",D9/D8-1) | K9: =IF(OR(E9="",E8=""),"",E9/E8-1) -> 1.3307855 | L9: =IF(OR(F9="",F8=""),"",F9/F8-1) | M9: =IF(F9="","",D9/F9) | N9: =IF(F9="","",E9/F9)
A10: 35977 | B10: 1998-1999 | C10: Q2FY99 | D10: =IF(MAX(SUMIFS('Monthly NSE Equity Cash'!$K:$K,'Monthly NSE Equity Cash'!$A:$A,$A10),SUMIFS('Daily NSE Equity Cash'!$H:$H,'Daily NSE Equity Cash'!$C:$C,$A10))=0,"",MAX(SUMIFS('Monthly NSE Equity Cash'!$K:$K,'Monthly NSE Equity Cash'!$A:$A,$A10),SUMIFS('Daily NSE Equity Cash'!$H:$H,'Daily NSE Equity Cash'!$C:$C,$A10))) | E10: =IF(SUMIFS('Monthly BSE Equity Cash'!$G:$G,'Monthly BSE Equity Cash'!$A:$A,$A10)=0,"",SUMIFS('Monthly BSE Equity Cash'!$G:$G,'Monthly BSE Equity Cash'!$A:$A,$A10)) -> 212.3811 | F10: =IF(OR(D10="",E10=""),"",D10+E10) | J10: =IF(OR(D10="",D9=""),"",D10/D9-1) | K10: =IF(OR(E10="",E9=""),"",E10/E9-1) -> 0.62195779 | L10: =IF(OR(F10="",F9=""),"",F10/F9-1) | M10: =IF(F10="","",D10/F10) | N10: =IF(F10="","",E10/F10)
A11: 36008 | B11: 1998-1999 | C11: Q2FY99 | D11: =IF(MAX(SUMIFS('Monthly NSE Equity Cash'!$K:$K,'Monthly NSE Equity Cash'!$A:$A,$A11),SUMIFS('Daily NSE Equity Cash'!$H:$H,'Daily NSE Equity Cash'!$C:$C,$A11))=0,"",MAX(SUMIFS('Monthly NSE Equity Cash'!$K:$K,'Monthly NSE Equity Cash'!$A:$A,$A11),SUMIFS('Daily NSE Equity Cash'!$H:$H,'Daily NSE Equity Cash'!$C:$C,$A11))) | E11: =IF(SUMIFS('Monthly BSE Equity Cash'!$G:$G,'Monthly BSE Equity Cash'!$A:$A,$A11)=0,"",SUMIFS('Monthly BSE Equity Cash'!$G:$G,'Monthly BSE Equity Cash'!$A:$A,$A11)) -> 182.117 | F11: =IF(OR(D11="",E11=""),"",D11+E11) | J11: =IF(OR(D11="",D10=""),"",D11/D10-1) | K11: =IF(OR(E11="",E10=""),"",E11/E10-1) -> -0.14249903 | L11: =IF(OR(F11="",F10=""),"",F11/F10-1) | M11: =IF(F11="","",D11/F11) | N11: =IF(F11="","",E11/F11)
A12: 36039 | B12: 1998-1999 | C12: Q2FY99 | D12: =IF(MAX(SUMIFS('Monthly NSE Equity Cash'!$K:$K,'Monthly NSE Equity Cash'!$A:$A,$A12),SUMIFS('Daily NSE Equity Cash'!$H:$H,'Daily NSE Equity Cash'!$C:$C,$A12))=0,"",MAX(SUMIFS('Monthly NSE Equity Cash'!$K:$K,'Monthly NSE Equity Cash'!$A:$A,$A12),SUMIFS('Daily NSE Equity Cash'!$H:$H,'Daily NSE Equity Cash'!$C:$C,$A12))) | E12: =IF(SUMIFS('Monthly BSE Equity Cash'!$G:$G,'Monthly BSE Equity Cash'!$A:$A,$A12)=0,"",SUMIFS('Monthly BSE Equity Cash'!$G:$G,'Monthly BSE Equity Cash'!$A:$A,$A12)) -> 276.4671 | F12: =IF(OR(D12="",E12=""),"",D12+E12) | J12: =IF(OR(D12="",D11=""),"",D12/D11-1) | K12: =IF(OR(E12="",E11=""),"",E12/E11-1) -> 0.5180741 | L12: =IF(OR(F12="",F11=""),"",F12/F11-1) | M12: =IF(F12="","",D12/F12) | N12: =IF(F12="","",E12/F12)
A13: 36069 | B13: 1998-1999 | C13: Q3FY99 | D13: =IF(MAX(SUMIFS('Monthly NSE Equity Cash'!$K:$K,'Monthly NSE Equity Cash'!$A:$A,$A13),SUMIFS('Daily NSE Equity Cash'!$H:$H,'Daily NSE Equity Cash'!$C:$C,$A13))=0,"",MAX(SUMIFS('Monthly NSE Equity Cash'!$K:$K,'Monthly NSE Equity Cash'!$A:$A,$A13),SUMIFS('Daily NSE Equity Cash'!$H:$H,'Daily NSE Equity Cash'!$C:$C,$A13))) | E13: =IF(SUMIFS('Monthly BSE Equity Cash'!$G:$G,'Monthly BSE Equity Cash'!$A:$A,$A13)=0,"",SUMIFS('Monthly BSE Equity Cash'!$G:$G,'Monthly BSE Equity Cash'!$A:$A,$A13)) -> 223.6513 | F13: =IF(OR(D13="",E13=""),"",D13+E13) | J13: =IF(OR(D13="",D12=""),"",D13/D12-1) | K13: =IF(OR(E13="",E12=""),"",E13/E12-1) -> -0.19103828 | L13: =IF(OR(F13="",F12=""),"",F13/F12-1) | M13: =IF(F13="","",D13/F13) | N13: =IF(F13="","",E13/F13)
A14: 36100 | B14: 1998-1999 | C14: Q3FY99 | D14: =IF(MAX(SUMIFS('Monthly NSE Equity Cash'!$K:$K,'Monthly NSE Equity Cash'!$A:$A,$A14),SUMIFS('Daily NSE Equity Cash'!$H:$H,'Daily NSE Equity Cash'!$C:$C,$A14))=0,"",MAX(SUMIFS('Monthly NSE Equity Cash'!$K:$K,'Monthly NSE Equity Cash'!$A:$A,$A14),SUMIFS('Daily NSE Equity Cash'!$H:$H,'Daily NSE Equity Cash'!$C:$C,$A14))) | E14: =IF(SUMIFS('Monthly BSE Equity Cash'!$G:$G,'Monthly BSE Equity Cash'!$A:$A,$A14)=0,"",SUMIFS('Monthly BSE Equity Cash'!$G:$G,'Monthly BSE Equity Cash'!$A:$A,$A14)) -> 202.2055 | F14: =IF(OR(D14="",E14=""),"",D14+E14) | G14: =IF(OR(D14="",D2=""),"",D14/D2-1) | H14: =IF(OR(E14="",E2=""),"",E14/E2-1) -> 0.70083239 | I14: =IF(OR(F14="",F2=""),"",F14/F2-1) | J14: =IF(OR(D14="",D13=""),"",D14/D13-1) | K14: =IF(OR(E14="",E13=""),"",E14/E13-1) -> -0.095889449 | L14: =IF(OR(F14="",F13=""),"",F14/F13-1) | M14: =IF(F14="","",D14/F14) | N14: =IF(F14="","",E14/F14)
A15: 36130 | B15: 1998-1999 | C15: Q3FY99 | D15: =IF(MAX(SUMIFS('Monthly NSE Equity Cash'!$K:$K,'Monthly NSE Equity Cash'!$A:$A,$A15),SUMIFS('Daily NSE Equity Cash'!$H:$H,'Daily NSE Equity Cash'!$C:$C,$A15))=0,"",MAX(SUMIFS('Monthly NSE Equity Cash'!$K:$K,'Monthly NSE Equity Cash'!$A:$A,$A15),SUMIFS('Daily NSE Equity Cash'!$H:$H,'Daily NSE Equity Cash'!$C:$C,$A15))) | E15: =IF(SUMIFS('Monthly BSE Equity Cash'!$G:$G,'Monthly BSE Equity Cash'!$A:$A,$A15)=0,"",SUMIFS('Monthly BSE Equity Cash'!$G:$G,'Monthly BSE Equity Cash'!$A:$A,$A15)) -> 266.876 | F15: =IF(OR(D15="",E15=""),"",D15+E15) | G15: =IF(OR(D15="",D3=""),"",D15/D3-1) | H15: =IF(OR(E15="",E3=""),"",E15/E3-1) -> 0.47658062 | I15: =IF(OR(F15="",F3=""),"",F15/F3-1) | J15: =IF(OR(D15="",D14=""),"",D15/D14-1) | K15: =IF(OR(E15="",E14=""),"",E15/E14-1) -> 0.31982562 | L15: =IF(OR(F15="",F14=""),"",F15/F14-1) | M15: =IF(F15="","",D15/F15) | N15: =IF(F15="","",E15/F15)
A16: 36161 | B16: 1998-1999 | C16: Q4FY99 | D16: =IF(MAX(SUMIFS('Monthly NSE Equity Cash'!$K:$K,'Monthly NSE Equity Cash'!$A:$A,$A16),SUMIFS('Daily NSE Equity Cash'!$H:$H,'Daily NSE Equity Cash'!$C:$C,$A16))=0,"",MAX(SUMIFS('Monthly NSE Equity Cash'!$K:$K,'Monthly NSE Equity Cash'!$A:$A,$A16),SUMIFS('Daily NSE Equity Cash'!$H:$H,'Daily NSE Equity Cash'!$C:$C,$A16))) | E16: =IF(SUMIFS('Monthly BSE Equity Cash'!$G:$G,'Monthly BSE Equity Cash'!$A:$A,$A16)=0,"",SUMIFS('Monthly BSE Equity Cash'!$G:$G,'Monthly BSE Equity Cash'!$A:$A,$A16)) -> 325.1586 | F16: =IF(OR(D16="",E16=""),"",D16+E16) | G16: =IF(OR(D16="",D4=""),"",D16/D4-1) | H16: =IF(OR(E16="",E4=""),"",E16/E4-1) -> 0.87315426 | I16: =IF(OR(F16="",F4=""),"",F16/F4-1) | J16: =IF(OR(D16="",D15=""),"",D16/D15-1) | K16: =IF(OR(E16="",E15=""),"",E16/E15-1) -> 0.21838832 | L16: =IF(OR(F16="",F15=""),"",F16/F15-1) | M16: =IF(F16="","",D16/F16) | N16: =IF(F16="","",E16/F16)
A17: 36192 | B17: 1998-1999 | C17: Q4FY99 | D17: =IF(MAX(SUMIFS('Monthly NSE Equity Cash'!$K:$K,'Monthly NSE Equity Cash'!$A:$A,$A17),SUMIFS('Daily NSE Equity Cash'!$H:$H,'Daily NSE Equity Cash'!$C:$C,$A17))=0,"",MAX(SUMIFS('Monthly NSE Equity Cash'!$K:$K,'Monthly NSE Equity Cash'!$A:$A,$A17),SUMIFS('Daily NSE Equity Cash'!$H:$H,'Daily NSE Equity Cash'!$C:$C,$A17))) | E17: =IF(SUMIFS('Monthly BSE Equity Cash'!$G:$G,'Monthly BSE Equity Cash'!$A:$A,$A17)=0,"",SUMIFS('Monthly BSE Equity Cash'!$G:$G,'Monthly BSE Equity Cash'!$A:$A,$A17)) -> 311.4178 | F17: =IF(OR(D17="",E17=""),"",D17+E17) | G17: =IF(OR(D17="",D5=""),"",D17/D5-1) | H17: =IF(OR(E17="",E5=""),"",E17/E5-1) -> 0.89853479 | I17: =IF(OR(F17="",F5=""),"",F17/F5-1) | J17: =IF(OR(D17="",D16=""),"",D17/D16-1) | K17: =IF(OR(E17="",E16=""),"",E17/E16-1) -> -0.042258762 | L17: =IF(OR(F17="",F16=""),"",F17/F16-1) | M17: =IF(F17="","",D17/F17) | N17: =IF(F17="","",E17/F17)
A18: 36220 | B18: 1998-1999 | C18: Q4FY99 | D18: =IF(MAX(SUMIFS('Monthly NSE Equity Cash'!$K:$K,'Monthly NSE Equity Cash'!$A:$A,$A18),SUMIFS('Daily NSE Equity Cash'!$H:$H,'Daily NSE Equity Cash'!$C:$C,$A18))=0,"",MAX(SUMIFS('Monthly NSE Equity Cash'!$K:$K,'Monthly NSE Equity Cash'!$A:$A,$A18),SUMIFS('Daily NSE Equity Cash'!$H:$H,'Daily NSE Equity Cash'!$C:$C,$A18))) | E18: =IF(SUMIFS('Monthly BSE Equity Cash'!$G:$G,'Monthly BSE Equity Cash'!$A:$A,$A18)=0,"",SUMIFS('Monthly BSE Equity Cash'!$G:$G,'Monthly BSE Equity Cash'!$A:$A,$A18)) -> 393.4462 | F18: =IF(OR(D18="",E18=""),"",D18+E18) | G18: =IF(OR(D18="",D6=""),"",D18/D6-1) | H18: =IF(OR(E18="",E6=""),"",E18/E6-1) -> 0.69774167 | I18: =IF(OR(F18="",F6=""),"",F18/F6-1) | J18: =IF(OR(D18="",D17=""),"",D18/D17-1) | K18: =IF(OR(E18="",E17=""),"",E18/E17-1) -> 0.26340306 | L18: =IF(OR(F18="",F17=""),"",F18/F17-1) | M18: =IF(F18="","",D18/F18) | N18: =IF(F18="","",E18/F18)
A19: 36251 | B19: 1999-2000 | C19: Q1FY00 | D19: =IF(MAX(SUMIFS('Monthly NSE Equity Cash'!$K:$K,'Monthly NSE Equity Cash'!$A:$A,$A19),SUMIFS('Daily NSE Equity Cash'!$H:$H,'Daily NSE Equity Cash'!$C:$C,$A19))=0,"",MAX(SUMIFS('Monthly NSE Equity Cash'!$K:$K,'Monthly NSE Equity Cash'!$A:$A,$A19),SUMIFS('Daily NSE Equity Cash'!$H:$H,'Daily NSE Equity Cash'!$C:$C,$A19))) -> 359.33 | E19: =IF(SUMIFS('Monthly BSE Equity Cash'!$G:$G,'Monthly BSE Equity Cash'!$A:$A,$A19)=0,"",SUMIFS('Monthly BSE Equity Cash'!$G:$G,'Monthly BSE Equity Cash'!$A:$A,$A19)) -> 270.0271 | F19: =IF(OR(D19="",E19=""),"",D19+E19) -> 629.3571 | G19: =IF(OR(D19="",D7=""),"",D19/D7-1) | H19: =IF(OR(E19="",E7=""),"",E19/E7-1) -> 0.016944359 | I19: =IF(OR(F19="",F7=""),"",F19/F7-1) | J19: =IF(OR(D19="",D18=""),"",D19/D18-1) | K19: =IF(OR(E19="",E18=""),"",E19/E18-1) -> -0.31368736 | L19: =IF(OR(F19="",F18=""),"",F19/F18-1) | M19: =IF(F19="","",D19/F19) -> 0.57094772 | N19: =IF(F19="","",E19/F19) -> 0.42905228
A20: 36281 | B20: 1999-2000 | C20: Q1FY00 | D20: =IF(MAX(SUMIFS('Monthly NSE Equity Cash'!$K:$K,'Monthly NSE Equity Cash'!$A:$A,$A20),SUMIFS('Daily NSE Equity Cash'!$H:$H,'Daily NSE Equity Cash'!$C:$C,$A20))=0,"",MAX(SUMIFS('Monthly NSE Equity Cash'!$K:$K,'Monthly NSE Equity Cash'!$A:$A,$A20),SUMIFS('Daily NSE Equity Cash'!$H:$H,'Daily NSE Equity Cash'!$C:$C,$A20))) -> 502.63 | E20: =IF(SUMIFS('Monthly BSE Equity Cash'!$G:$G,'Monthly BSE Equity Cash'!$A:$A,$A20)=0,"",SUMIFS('Monthly BSE Equity Cash'!$G:$G,'Monthly BSE Equity Cash'!$A:$A,$A20)) -> 362.3534 | F20: =IF(OR(D20="",E20=""),"",D20+E20) -> 864.9834 | G20: =IF(OR(D20="",D8=""),"",D20/D8-1) | H20: =IF(OR(E20="",E8=""),"",E20/E8-1) -> 5.4499795 | I20: =IF(OR(F20="",F8=""),"",F20/F8-1) | J20: =IF(OR(D20="",D19=""),"",D20/D19-1) -> 0.39879776 | K20: =IF(OR(E20="",E19=""),"",E20/E19-1) -> 0.34191494 | L20: =IF(OR(F20="",F19=""),"",F20/F19-1) -> 0.37439206 | M20: =IF(F20="","",D20/F20) -> 0.5810863 | N20: =IF(F20="","",E20/F20) -> 0.4189137
A21: 36312 | B21: 1999-2000 | C21: Q1FY00 | D21: =IF(MAX(SUMIFS('Monthly NSE Equity Cash'!$K:$K,'Monthly NSE Equity Cash'!$A:$A,$A21),SUMIFS('Daily NSE Equity Cash'!$H:$H,'Daily NSE Equity Cash'!$C:$C,$A21))=0,"",MAX(SUMIFS('Monthly NSE Equity Cash'!$K:$K,'Monthly NSE Equity Cash'!$A:$A,$A21),SUMIFS('Daily NSE Equity Cash'!$H:$H,'Daily NSE Equity Cash'!$C:$C,$A21))) -> 404.73 | E21: =IF(SUMIFS('Monthly BSE Equity Cash'!$G:$G,'Monthly BSE Equity Cash'!$A:$A,$A21)=0,"",SUMIFS('Monthly BSE Equity Cash'!$G:$G,'Monthly BSE Equity Cash'!$A:$A,$A21)) -> 332.3955 | F21: =IF(OR(D21="",E21=""),"",D21+E21) -> 737.1255 | G21: =IF(OR(D21="",D9=""),"",D21/D9-1) | H21: =IF(OR(E21="",E9=""),"",E21/E9-1) -> 1.5385097 | I21: =IF(OR(F21="",F9=""),"",F21/F9-1) | J21: =IF(OR(D21="",D20=""),"",D21/D20-1) -> -0.19477548 | K21: =IF(OR(E21="",E20=""),"",E21/E20-1) -> -0.082675918 | L21: =IF(OR(F21="",F20=""),"",F21/F20-1) -> -0.14781544 | M21: =IF(F21="","",D21/F21) -> 0.54906525 | N21: =IF(F21="","",E21/F21) -> 0.45093475
A22: 36342 | B22: 1999-2000 | C22: Q2FY00 | D22: =IF(MAX(SUMIFS('Monthly NSE Equity Cash'!$K:$K,'Monthly NSE Equity Cash'!$A:$A,$A22),SUMIFS('Daily NSE Equity Cash'!$H:$H,'Daily NSE Equity Cash'!$C:$C,$A22))=0,"",MAX(SUMIFS('Monthly NSE Equity Cash'!$K:$K,'Monthly NSE Equity Cash'!$A:$A,$A22),SUMIFS('Daily NSE Equity Cash'!$H:$H,'Daily NSE Equity Cash'!$C:$C,$A22))) -> 554.55 | E22: =IF(SUMIFS('Monthly BSE Equity Cash'!$G:$G,'Monthly BSE Equity Cash'!$A:$A,$A22)=0,"",SUMIFS('Monthly BSE Equity Cash'!$G:$G,'Monthly BSE Equity Cash'!$A:$A,$A22)) -> 466.3931 | F22: =IF(OR(D22="",E22=""),"",D22+E22) -> 1020.9431 | G22: =IF(OR(D22="",D10=""),"",D22/D10-1) | H22: =IF(OR(E22="",E10=""),"",E22/E10-1) -> 1.1960198 | I22: =IF(OR(F22="",F10=""),"",F22/F10-1) | J22: =IF(OR(D22="",D21=""),"",D22/D21-1) -> 0.37017271 | K22: =IF(OR(E22="",E21=""),"",E22/E21-1) -> 0.403127 | L22: =IF(OR(F22="",F21=""),"",F22/F21-1) -> 0.38503294 | M22: =IF(F22="","",D22/F22) -> 0.54317425 | N22: =IF(F22="","",E22/F22) -> 0.45682575
A23: 36373 | B23: 1999-2000 | C23: Q2FY00 | D23: =IF(MAX(SUMIFS('Monthly NSE Equity Cash'!$K:$K,'Monthly NSE Equity Cash'!$A:$A,$A23),SUMIFS('Daily NSE Equity Cash'!$H:$H,'Daily NSE Equity Cash'!$C:$C,$A23))=0,"",MAX(SUMIFS('Monthly NSE Equity Cash'!$K:$K,'Monthly NSE Equity Cash'!$A:$A,$A23),SUMIFS('Daily NSE Equity Cash'!$H:$H,'Daily NSE Equity Cash'!$C:$C,$A23))) -> 536.99 | E23: =IF(SUMIFS('Monthly BSE Equity Cash'!$G:$G,'Monthly BSE Equity Cash'!$A:$A,$A23)=0,"",SUMIFS('Monthly BSE Equity Cash'!$G:$G,'Monthly BSE Equity Cash'!$A:$A,$A23)) -> 499.9716 | F23: =IF(OR(D23="",E23=""),"",D23+E23) -> 1036.9616 | G23: =IF(OR(D23="",D11=""),"",D23/D11-1) | H23: =IF(OR(E23="",E11=""),"",E23/E11-1) -> 1.7453318 | I23: =IF(OR(F23="",F11=""),"",F23/F11-1) | J23: =IF(OR(D23="",D22=""),"",D23/D22-1) -> -0.031665314 | K23: =IF(OR(E23="",E22=""),"",E23/E22-1) -> 0.071996134 | L23: =IF(OR(F23="",F22=""),"",F23/F22-1) -> 0.015689905 | M23: =IF(F23="","",D23/F23) -> 0.51784946 | N23: =IF(F23="","",E23/F23) -> 0.48215054
A24: 36404 | B24: 1999-2000 | C24: Q2FY00 | D24: =IF(MAX(SUMIFS('Monthly NSE Equity Cash'!$K:$K,'Monthly NSE Equity Cash'!$A:$A,$A24),SUMIFS('Daily NSE Equity Cash'!$H:$H,'Daily NSE Equity Cash'!$C:$C,$A24))=0,"",MAX(SUMIFS('Monthly NSE Equity Cash'!$K:$K,'Monthly NSE Equity Cash'!$A:$A,$A24),SUMIFS('Daily NSE Equity Cash'!$H:$H,'Daily NSE Equity Cash'!$C:$C,$A24))) -> 558.78 | E24: =IF(SUMIFS('Monthly BSE Equity Cash'!$G:$G,'Monthly BSE Equity Cash'!$A:$A,$A24)=0,"",SUMIFS('Monthly BSE Equity Cash'!$G:$G,'Monthly BSE Equity Cash'!$A:$A,$A24)) -> 465.7772 | F24: =IF(OR(D24="",E24=""),"",D24+E24) -> 1024.5572 | G24: =IF(OR(D24="",D12=""),"",D24/D12-1) | H24: =IF(OR(E24="",E12=""),"",E24/E12-1) -> 0.6847473 | I24: =IF(OR(F24="",F12=""),"",F24/F12-1) | J24: =IF(OR(D24="",D23=""),"",D24/D23-1) -> 0.040578037 | K24: =IF(OR(E24="",E23=""),"",E24/E23-1) -> -0.068392685 | L24: =IF(OR(F24="",F23=""),"",F24/F23-1) -> -0.011962256 | M24: =IF(F24="","",D24/F24) -> 0.54538683 | N24: =IF(F24="","",E24/F24) -> 0.45461317
A25: 36434 | B25: 1999-2000 | C25: Q3FY00 | D25: =IF(MAX(SUMIFS('Monthly NSE Equity Cash'!$K:$K,'Monthly NSE Equity Cash'!$A:$A,$A25),SUMIFS('Daily NSE Equity Cash'!$H:$H,'Daily NSE Equity Cash'!$C:$C,$A25))=0,"",MAX(SUMIFS('Monthly NSE Equity Cash'!$K:$K,'Monthly NSE Equity Cash'!$A:$A,$A25),SUMIFS('Daily NSE Equity Cash'!$H:$H,'Daily NSE Equity Cash'!$C:$C,$A25))) -> 722.16 | E25: =IF(SUMIFS('Monthly BSE Equity Cash'!$G:$G,'Monthly BSE Equity Cash'!$A:$A,$A25)=0,"",SUMIFS('Monthly BSE Equity Cash'!$G:$G,'Monthly BSE Equity Cash'!$A:$A,$A25)) -> 576.9879 | F25: =IF(OR(D25="",E25=""),"",D25+E25) -> 1299.1479 | G25: =IF(OR(D25="",D13=""),"",D25/D13-1) | H25: =IF(OR(E25="",E13=""),"",E25/E13-1) -> 1.5798549 | I25: =IF(OR(F25="",F13=""),"",F25/F13-1) | J25: =IF(OR(D25="",D24=""),"",D25/D24-1) -> 0.29238699 | K25: =IF(OR(E25="",E24=""),"",E25/E24-1) -> 0.23876373 | L25: =IF(OR(F25="",F24=""),"",F25/F24-1) -> 0.26800915 | M25: =IF(F25="","",D25/F25) -> 0.55587205 | N25: =IF(F25="","",E25/F25) -> 0.44412795
... A348: 46266 | B348: 2026-2027 | C348: Q2FY27 | D348: =IF(MAX(SUMIFS('Monthly NSE Equity Cash'!$K:$K,'Monthly NSE Equity Cash'!$A:$A,$A348),SUMIFS('Daily NSE Equity Cash'!$H:$H,'Daily NSE Equity Cash'!$C:$C,$A348))=0,"",MAX(SUMIFS('Monthly NSE Equity Cash'!$K:$K,'Monthly NSE Equity Cash'!$A:$A,$A348),SUMIFS('Daily NSE Equity Cash'!$H:$H,'Daily NSE Equity Cash'!$C:$C,$A348))) -> 5698.4303 | E348: =IF(SUMIFS('Monthly BSE Equity Cash'!$G:$G,'Monthly BSE Equity Cash'!$A:$A,$A348)=0,"",SUMIFS('Monthly BSE Equity Cash'!$G:$G,'Monthly BSE Equity Cash'!$A:$A,$A348)) -> 627.3172 | F348: =IF(OR(D348="",E348=""),"",D348+E348) -> 6325.7475 | G348: =IF(OR(D348="",D336=""),"",D348/D336-1) -> -0.73653446 | H348: =IF(OR(E348="",E336=""),"",E348/E336-1) -> -0.63175382 | I348: =IF(OR(F348="",F336=""),"",F348/F336-1) -> -0.72888426 | J348: =IF(OR(D348="",D347=""),"",D348/D347-1) -> -0.77326972 | K348: =IF(OR(E348="",E347=""),"",E348/E347-1) -> -0.71793734 | L348: =IF(OR(F348="",F347=""),"",F348/F347-1) -> -0.7687714 | M348: =IF(F348="","",D348/F348) -> 0.90083113 | N348: =IF(F348="","",E348/F348) -> 0.099168865
A350: MTD Comparison - Sep-2026 MTD vs Sep-2025 MTD (same number of trading days)
A351: Trading days elapsed in Sep-2026 (per NSE daily) | B351: =COUNTIF('Daily NSE Equity Cash'!$A:$A,">="&DATE(2026,9,1)) -> 5
A352: Matched Sep-2025 window | B352: =DATE(2025,9,1) -> 45901 | C352: =INDEX('Daily NSE Equity Cash'!$A:$A,COUNTIF('Daily NSE Equity Cash'!$A:$A,"<"&DATE(2025,9,1))+1+$B351) -> 45905
D353: NSE Turnover (INR Bn) | E353: BSE Turnover (INR Bn) | F353: Total Turnover (INR Bn) | M353: NSE Market Share | N353: BSE Market Share
A354: Sep-2025 MTD (first N trading days) | D354: =SUMIFS('Daily NSE Equity Cash'!$H:$H,'Daily NSE Equity Cash'!$A:$A,">="&$B$352,'Daily NSE Equity Cash'!$A:$A,"<="&$C$352) -> 4614.2498 | E354: =SUMIFS('Daily BSE Equity Cash'!$H:$H,'Daily BSE Equity Cash'!$A:$A,">="&$B$352,'Daily BSE Equity Cash'!$A:$A,"<="&$C$352) -> 367.5428 | F354: =D354+E354 -> 4981.7926 | M354: =IF(F354=0,"",D354/F354) -> 0.92622278 | N354: =IF(F354=0,"",E354/F354) -> 0.073777218
A355: Sep-2026 MTD | D355: =SUMIFS('Daily NSE Equity Cash'!$H:$H,'Daily NSE Equity Cash'!$A:$A,">="&DATE(2026,9,1)) -> 5698.4303 | E355: =SUMIFS('Daily BSE Equity Cash'!$H:$H,'Daily BSE Equity Cash'!$A:$A,">="&DATE(2026,9,1)) -> 627.3171 | F355: =D355+E355 -> 6325.7474 | M355: =IF(F355=0,"",D355/F355) -> 0.90083115 | N355: =IF(F355=0,"",E355/F355) -> 0.099168851
A356: MTD Growth (Sep-2026 vs Sep-2025) | D356: =IF(OR(D354=0,D354=""),"",D355/D354-1) -> 0.23496355 | E356: =IF(OR(E354=0,E354=""),"",E355/E354-1) -> 0.70678653 | F356: =IF(OR(F354=0,F354=""),"",F355/F354-1) -> 0.26977333

Sheet Day Eq Cash Turnover Mkt Share
A1: Trade Date | B1: Trade Day | C1: Trade Month - Year | D1: Qrtr - Year | E1: NSE Turnover (INR Bn) | F1: BSE Turnover (INR Bn) | G1: Total Turnover (INR Bn) | H1: NSE YoY Growth | I1: BSE YoY Growth | J1: Total Turnover YoY Growth | K1: NSE DoD Growth | L1: BSE DoD Growth | M1: Total Turnover DoD Growth | N1: NSE Market Share | O1: BSE Market Share
A2: 43922 | B2: Wednesday | C2: 43922 | D2: Q1FY21 | E2: =IF(SUMIFS('Daily NSE Equity Cash'!$H:$H,'Daily NSE Equity Cash'!$A:$A,$A2)=0,"",SUMIFS('Daily NSE Equity Cash'!$H:$H,'Daily NSE Equity Cash'!$A:$A,$A2)) -> 318.6954 | F2: =IF(SUMIFS('Daily BSE Equity Cash'!$H:$H,'Daily BSE Equity Cash'!$A:$A,$A2)=0,"",SUMIFS('Daily BSE Equity Cash'!$H:$H,'Daily BSE Equity Cash'!$A:$A,$A2)) -> 18.8494 | G2: =IF(OR(E2="",F2=""),"",E2+F2) -> 337.5448 | H2: =IFERROR(IF(OR(E2="",INDEX(E:E,MATCH(DATE(YEAR($A2)-1,MONTH($A2),DAY($A2)),$A:$A,0))=""),"",E2/INDEX(E:E,MATCH(DATE(YEAR($A2)-1,MONTH($A2),DAY($A2)),$A:$A,0))-1),"") | I2: =IFERROR(IF(OR(F2="",INDEX(F:F,MATCH(DATE(YEAR($A2)-1,MONTH($A2),DAY($A2)),$A:$A,0))=""),"",F2/INDEX(F:F,MATCH(DATE(YEAR($A2)-1,MONTH($A2),DAY($A2)),$A:$A,0))-1),"") | J2: =IFERROR(IF(OR(G2="",INDEX(G:G,MATCH(DATE(YEAR($A2)-1,MONTH($A2),DAY($A2)),$A:$A,0))=""),"",G2/INDEX(G:G,MATCH(DATE(YEAR($A2)-1,MONTH($A2),DAY($A2)),$A:$A,0))-1),"") | N2: =IF(G2="","",E2/G2) -> 0.94415734 | O2: =IF(G2="","",F2/G2) -> 0.055842661
A3: 43924 | B3: Friday | C3: 43922 | D3: Q1FY21 | E3: =IF(SUMIFS('Daily NSE Equity Cash'!$H:$H,'Daily NSE Equity Cash'!$A:$A,$A3)=0,"",SUMIFS('Daily NSE Equity Cash'!$H:$H,'Daily NSE Equity Cash'!$A:$A,$A3)) -> 396.4776 | F3: =IF(SUMIFS('Daily BSE Equity Cash'!$H:$H,'Daily BSE Equity Cash'!$A:$A,$A3)=0,"",SUMIFS('Daily BSE Equity Cash'!$H:$H,'Daily BSE Equity Cash'!$A:$A,$A3)) -> 21.8876 | G3: =IF(OR(E3="",F3=""),"",E3+F3) -> 418.3652 | H3: =IFERROR(IF(OR(E3="",INDEX(E:E,MATCH(DATE(YEAR($A3)-1,MONTH($A3),DAY($A3)),$A:$A,0))=""),"",E3/INDEX(E:E,MATCH(DATE(YEAR($A3)-1,MONTH($A3),DAY($A3)),$A:$A,0))-1),"") | I3: =IFERROR(IF(OR(F3="",INDEX(F:F,MATCH(DATE(YEAR($A3)-1,MONTH($A3),DAY($A3)),$A:$A,0))=""),"",F3/INDEX(F:F,MATCH(DATE(YEAR($A3)-1,MONTH($A3),DAY($A3)),$A:$A,0))-1),"") | J3: =IFERROR(IF(OR(G3="",INDEX(G:G,MATCH(DATE(YEAR($A3)-1,MONTH($A3),DAY($A3)),$A:$A,0))=""),"",G3/INDEX(G:G,MATCH(DATE(YEAR($A3)-1,MONTH($A3),DAY($A3)),$A:$A,0))-1),"") | K3: =IF(OR(E3="",E2=""),"",E3/E2-1) -> 0.2440644 | L3: =IF(OR(F3="",F2=""),"",F3/F2-1) -> 0.16118285 | M3: =IF(OR(G3="",G2=""),"",G3/G2-1) -> 0.23943607 | N3: =IF(G3="","",E3/G3) -> 0.94768303 | O3: =IF(G3="","",F3/G3) -> 0.052316971
A4: 43928 | B4: Tuesday | C4: 43922 | D4: Q1FY21 | E4: =IF(SUMIFS('Daily NSE Equity Cash'!$H:$H,'Daily NSE Equity Cash'!$A:$A,$A4)=0,"",SUMIFS('Daily NSE Equity Cash'!$H:$H,'Daily NSE Equity Cash'!$A:$A,$A4)) -> 524.3858 | F4: =IF(SUMIFS('Daily BSE Equity Cash'!$H:$H,'Daily BSE Equity Cash'!$A:$A,$A4)=0,"",SUMIFS('Daily BSE Equity Cash'!$H:$H,'Daily BSE Equity Cash'!$A:$A,$A4)) -> 23.503 | G4: =IF(OR(E4="",F4=""),"",E4+F4) -> 547.8888 | H4: =IFERROR(IF(OR(E4="",INDEX(E:E,MATCH(DATE(YEAR($A4)-1,MONTH($A4),DAY($A4)),$A:$A,0))=""),"",E4/INDEX(E:E,MATCH(DATE(YEAR($A4)-1,MONTH($A4),DAY($A4)),$A:$A,0))-1),"") | I4: =IFERROR(IF(OR(F4="",INDEX(F:F,MATCH(DATE(YEAR($A4)-1,MONTH($A4),DAY($A4)),$A:$A,0))=""),"",F4/INDEX(F:F,MATCH(DATE(YEAR($A4)-1,MONTH($A4),DAY($A4)),$A:$A,0))-1),"") | J4: =IFERROR(IF(OR(G4="",INDEX(G:G,MATCH(DATE(YEAR($A4)-1,MONTH($A4),DAY($A4)),$A:$A,0))=""),"",G4/INDEX(G:G,MATCH(DATE(YEAR($A4)-1,MONTH($A4),DAY($A4)),$A:$A,0))-1),"") | K4: =IF(OR(E4="",E3=""),"",E4/E3-1) -> 0.32261142 | L4: =IF(OR(F4="",F3=""),"",F4/F3-1) -> 0.073804346 | M4: =IF(OR(G4="",G3=""),"",G4/G3-1) -> 0.30959458 | N4: =IF(G4="","",E4/G4) -> 0.95710261 | O4: =IF(G4="","",F4/G4) -> 0.042897391
A5: 43929 | B5: Wednesday | C5: 43922 | D5: Q1FY21 | E5: =IF(SUMIFS('Daily NSE Equity Cash'!$H:$H,'Daily NSE Equity Cash'!$A:$A,$A5)=0,"",SUMIFS('Daily NSE Equity Cash'!$H:$H,'Daily NSE Equity Cash'!$A:$A,$A5)) -> 575.9347 | F5: =IF(SUMIFS('Daily BSE Equity Cash'!$H:$H,'Daily BSE Equity Cash'!$A:$A,$A5)=0,"",SUMIFS('Daily BSE Equity Cash'!$H:$H,'Daily BSE Equity Cash'!$A:$A,$A5)) -> 25.6514 | G5: =IF(OR(E5="",F5=""),"",E5+F5) -> 601.5861 | H5: =IFERROR(IF(OR(E5="",INDEX(E:E,MATCH(DATE(YEAR($A5)-1,MONTH($A5),DAY($A5)),$A:$A,0))=""),"",E5/INDEX(E:E,MATCH(DATE(YEAR($A5)-1,MONTH($A5),DAY($A5)),$A:$A,0))-1),"") | I5: =IFERROR(IF(OR(F5="",INDEX(F:F,MATCH(DATE(YEAR($A5)-1,MONTH($A5),DAY($A5)),$A:$A,0))=""),"",F5/INDEX(F:F,MATCH(DATE(YEAR($A5)-1,MONTH($A5),DAY($A5)),$A:$A,0))-1),"") | J5: =IFERROR(IF(OR(G5="",INDEX(G:G,MATCH(DATE(YEAR($A5)-1,MONTH($A5),DAY($A5)),$A:$A,0))=""),"",G5/INDEX(G:G,MATCH(DATE(YEAR($A5)-1,MONTH($A5),DAY($A5)),$A:$A,0))-1),"") | K5: =IF(OR(E5="",E4=""),"",E5/E4-1) -> 0.098303387 | L5: =IF(OR(F5="",F4=""),"",F5/F4-1) -> 0.091409607 | M5: =IF(OR(G5="",G4=""),"",G5/G4-1) -> 0.098007661 | N5: =IF(G5="","",E5/G5) -> 0.95736038 | O5: =IF(G5="","",F5/G5) -> 0.042639616
A6: 43930 | B6: Thursday | C6: 43922 | D6: Q1FY21 | E6: =IF(SUMIFS('Daily NSE Equity Cash'!$H:$H,'Daily NSE Equity Cash'!$A:$A,$A6)=0,"",SUMIFS('Daily NSE Equity Cash'!$H:$H,'Daily NSE Equity Cash'!$A:$A,$A6)) -> 515.4368 | F6: =IF(SUMIFS('Daily BSE Equity Cash'!$H:$H,'Daily BSE Equity Cash'!$A:$A,$A6)=0,"",SUMIFS('Daily BSE Equity Cash'!$H:$H,'Daily BSE Equity Cash'!$A:$A,$A6)) -> 26.2093 | G6: =IF(OR(E6="",F6=""),"",E6+F6) -> 541.6461 | H6: =IFERROR(IF(OR(E6="",INDEX(E:E,MATCH(DATE(YEAR($A6)-1,MONTH($A6),DAY($A6)),$A:$A,0))=""),"",E6/INDEX(E:E,MATCH(DATE(YEAR($A6)-1,MONTH($A6),DAY($A6)),$A:$A,0))-1),"") | I6: =IFERROR(IF(OR(F6="",INDEX(F:F,MATCH(DATE(YEAR($A6)-1,MONTH($A6),DAY($A6)),$A:$A,0))=""),"",F6/INDEX(F:F,MATCH(DATE(YEAR($A6)-1,MONTH($A6),DAY($A6)),$A:$A,0))-1),"") | J6: =IFERROR(IF(OR(G6="",INDEX(G:G,MATCH(DATE(YEAR($A6)-1,MONTH($A6),DAY($A6)),$A:$A,0))=""),"",G6/INDEX(G:G,MATCH(DATE(YEAR($A6)-1,MONTH($A6),DAY($A6)),$A:$A,0))-1),"") | K6: =IF(OR(E6="",E5=""),"",E6/E5-1) -> -0.10504298 | L6: =IF(OR(F6="",F5=""),"",F6/F5-1) -> 0.0217493 | M6: =IF(OR(G6="",G5=""),"",G6/G5-1) -> -0.099636611 | N6: =IF(G6="","",E6/G6) -> 0.95161176 | O6: =IF(G6="","",F6/G6) -> 0.048388237
A7: 43934 | B7: Monday | C7: 43922 | D7: Q1FY21 | E7: =IF(SUMIFS('Daily NSE Equity Cash'!$H:$H,'Daily NSE Equity Cash'!$A:$A,$A7)=0,"",SUMIFS('Daily NSE Equity Cash'!$H:$H,'Daily NSE Equity Cash'!$A:$A,$A7)) -> 458.1918 | F7: =IF(SUMIFS('Daily BSE Equity Cash'!$H:$H,'Daily BSE Equity Cash'!$A:$A,$A7)=0,"",SUMIFS('Daily BSE Equity Cash'!$H:$H,'Daily BSE Equity Cash'!$A:$A,$A7)) -> 22.5763 | G7: =IF(OR(E7="",F7=""),"",E7+F7) -> 480.7681 | H7: =IFERROR(IF(OR(E7="",INDEX(E:E,MATCH(DATE(YEAR($A7)-1,MONTH($A7),DAY($A7)),$A:$A,0))=""),"",E7/INDEX(E:E,MATCH(DATE(YEAR($A7)-1,MONTH($A7),DAY($A7)),$A:$A,0))-1),"") | I7: =IFERROR(IF(OR(F7="",INDEX(F:F,MATCH(DATE(YEAR($A7)-1,MONTH($A7),DAY($A7)),$A:$A,0))=""),"",F7/INDEX(F:F,MATCH(DATE(YEAR($A7)-1,MONTH($A7),DAY($A7)),$A:$A,0))-1),"") | J7: =IFERROR(IF(OR(G7="",INDEX(G:G,MATCH(DATE(YEAR($A7)-1,MONTH($A7),DAY($A7)),$A:$A,0))=""),"",G7/INDEX(G:G,MATCH(DATE(YEAR($A7)-1,MONTH($A7),DAY($A7)),$A:$A,0))-1),"") | K7: =IF(OR(E7="",E6=""),"",E7/E6-1) -> -0.11106114 | L7: =IF(OR(F7="",F6=""),"",F7/F6-1) -> -0.13861492 | M7: =IF(OR(G7="",G6=""),"",G7/G6-1) -> -0.11239442 | N7: =IF(G7="","",E7/G7) -> 0.95304119 | O7: =IF(G7="","",F7/G7) -> 0.046958814
A8: 43936 | B8: Wednesday | C8: 43922 | D8: Q1FY21 | E8: =IF(SUMIFS('Daily NSE Equity Cash'!$H:$H,'Daily NSE Equity Cash'!$A:$A,$A8)=0,"",SUMIFS('Daily NSE Equity Cash'!$H:$H,'Daily NSE Equity Cash'!$A:$A,$A8)) -> 646.63 | F8: =IF(SUMIFS('Daily BSE Equity Cash'!$H:$H,'Daily BSE Equity Cash'!$A:$A,$A8)=0,"",SUMIFS('Daily BSE Equity Cash'!$H:$H,'Daily BSE Equity Cash'!$A:$A,$A8)) -> 40.7167 | G8: =IF(OR(E8="",F8=""),"",E8+F8) -> 687.3467 | H8: =IFERROR(IF(OR(E8="",INDEX(E:E,MATCH(DATE(YEAR($A8)-1,MONTH($A8),DAY($A8)),$A:$A,0))=""),"",E8/INDEX(E:E,MATCH(DATE(YEAR($A8)-1,MONTH($A8),DAY($A8)),$A:$A,0))-1),"") | I8: =IFERROR(IF(OR(F8="",INDEX(F:F,MATCH(DATE(YEAR($A8)-1,MONTH($A8),DAY($A8)),$A:$A,0))=""),"",F8/INDEX(F:F,MATCH(DATE(YEAR($A8)-1,MONTH($A8),DAY($A8)),$A:$A,0))-1),"") | J8: =IFERROR(IF(OR(G8="",INDEX(G:G,MATCH(DATE(YEAR($A8)-1,MONTH($A8),DAY($A8)),$A:$A,0))=""),"",G8/INDEX(G:G,MATCH(DATE(YEAR($A8)-1,MONTH($A8),DAY($A8)),$A:$A,0))-1),"") | K8: =IF(OR(E8="",E7=""),"",E8/E7-1) -> 0.41126489 | L8: =IF(OR(F8="",F7=""),"",F8/F7-1) -> 0.80351519 | M8: =IF(OR(G8="",G7=""),"",G8/G7-1) -> 0.4296845 | N8: =IF(G8="","",E8/G8) -> 0.9407625 | O8: =IF(G8="","",F8/G8) -> 0.0592375
A9: 43937 | B9: Thursday | C9: 43922 | D9: Q1FY21 | E9: =IF(SUMIFS('Daily NSE Equity Cash'!$H:$H,'Daily NSE Equity Cash'!$A:$A,$A9)=0,"",SUMIFS('Daily NSE Equity Cash'!$H:$H,'Daily NSE Equity Cash'!$A:$A,$A9)) -> 499.1627 | F9: =IF(SUMIFS('Daily BSE Equity Cash'!$H:$H,'Daily BSE Equity Cash'!$A:$A,$A9)=0,"",SUMIFS('Daily BSE Equity Cash'!$H:$H,'Daily BSE Equity Cash'!$A:$A,$A9)) -> 21.9187 | G9: =IF(OR(E9="",F9=""),"",E9+F9) -> 521.0814 | H9: =IFERROR(IF(OR(E9="",INDEX(E:E,MATCH(DATE(YEAR($A9)-1,MONTH($A9),DAY($A9)),$A:$A,0))=""),"",E9/INDEX(E:E,MATCH(DATE(YEAR($A9)-1,MONTH($A9),DAY($A9)),$A:$A,0))-1),"") | I9: =IFERROR(IF(OR(F9="",INDEX(F:F,MATCH(DATE(YEAR($A9)-1,MONTH($A9),DAY($A9)),$A:$A,0))=""),"",F9/INDEX(F:F,MATCH(DATE(YEAR($A9)-1,MONTH($A9),DAY($A9)),$A:$A,0))-1),"") | J9: =IFERROR(IF(OR(G9="",INDEX(G:G,MATCH(DATE(YEAR($A9)-1,MONTH($A9),DAY($A9)),$A:$A,0))=""),"",G9/INDEX(G:G,MATCH(DATE(YEAR($A9)-1,MONTH($A9),DAY($A9)),$A:$A,0))-1),"") | K9: =IF(OR(E9="",E8=""),"",E9/E8-1) -> -0.22805515 | L9: =IF(OR(F9="",F8=""),"",F9/F8-1) -> -0.46167789 | M9: =IF(OR(G9="",G8=""),"",G9/G8-1) -> -0.24189437 | N9: =IF(G9="","",E9/G9) -> 0.95793613 | O9: =IF(G9="","",F9/G9) -> 0.042063869
A10: 43938 | B10: Friday | C10: 43922 | D10: Q1FY21 | E10: =IF(SUMIFS('Daily NSE Equity Cash'!$H:$H,'Daily NSE Equity Cash'!$A:$A,$A10)=0,"",SUMIFS('Daily NSE Equity Cash'!$H:$H,'Daily NSE Equity Cash'!$A:$A,$A10)) -> 553.9348 | F10: =IF(SUMIFS('Daily BSE Equity Cash'!$H:$H,'Daily BSE Equity Cash'!$A:$A,$A10)=0,"",SUMIFS('Daily BSE Equity Cash'!$H:$H,'Daily BSE Equity Cash'!$A:$A,$A10)) -> 28.1229 | G10: =IF(OR(E10="",F10=""),"",E10+F10) -> 582.0577 | H10: =IFERROR(IF(OR(E10="",INDEX(E:E,MATCH(DATE(YEAR($A10)-1,MONTH($A10),DAY($A10)),$A:$A,0))=""),"",E10/INDEX(E:E,MATCH(DATE(YEAR($A10)-1,MONTH($A10),DAY($A10)),$A:$A,0))-1),"") | I10: =IFERROR(IF(OR(F10="",INDEX(F:F,MATCH(DATE(YEAR($A10)-1,MONTH($A10),DAY($A10)),$A:$A,0))=""),"",F10/INDEX(F:F,MATCH(DATE(YEAR($A10)-1,MONTH($A10),DAY($A10)),$A:$A,0))-1),"") | J10: =IFERROR(IF(OR(G10="",INDEX(G:G,MATCH(DATE(YEAR($A10)-1,MONTH($A10),DAY($A10)),$A:$A,0))=""),"",G10/INDEX(G:G,MATCH(DATE(YEAR($A10)-1,MONTH($A10),DAY($A10)),$A:$A,0))-1),"") | K10: =IF(OR(E10="",E9=""),"",E10/E9-1) -> 0.10972795 | L10: =IF(OR(F10="",F9=""),"",F10/F9-1) -> 0.28305511 | M10: =IF(OR(G10="",G9=""),"",G10/G9-1) -> 0.11701876 | N10: =IF(G10="","",E10/G10) -> 0.95168366 | O10: =IF(G10="","",F10/G10) -> 0.048316344
A11: 43941 | B11: Monday | C11: 43922 | D11: Q1FY21 | E11: =IF(SUMIFS('Daily NSE Equity Cash'!$H:$H,'Daily NSE Equity Cash'!$A:$A,$A11)=0,"",SUMIFS('Daily NSE Equity Cash'!$H:$H,'Daily NSE Equity Cash'!$A:$A,$A11)) -> 482.2189 | F11: =IF(SUMIFS('Daily BSE Equity Cash'!$H:$H,'Daily BSE Equity Cash'!$A:$A,$A11)=0,"",SUMIFS('Daily BSE Equity Cash'!$H:$H,'Daily BSE Equity Cash'!$A:$A,$A11)) -> 23.3941 | G11: =IF(OR(E11="",F11=""),"",E11+F11) -> 505.613 | H11: =IFERROR(IF(OR(E11="",INDEX(E:E,MATCH(DATE(YEAR($A11)-1,MONTH($A11),DAY($A11)),$A:$A,0))=""),"",E11/INDEX(E:E,MATCH(DATE(YEAR($A11)-1,MONTH($A11),DAY($A11)),$A:$A,0))-1),"") | I11: =IFERROR(IF(OR(F11="",INDEX(F:F,MATCH(DATE(YEAR($A11)-1,MONTH($A11),DAY($A11)),$A:$A,0))=""),"",F11/INDEX(F:F,MATCH(DATE(YEAR($A11)-1,MONTH($A11),DAY($A11)),$A:$A,0))-1),"") | J11: =IFERROR(IF(OR(G11="",INDEX(G:G,MATCH(DATE(YEAR($A11)-1,MONTH($A11),DAY($A11)),$A:$A,0))=""),"",G11/INDEX(G:G,MATCH(DATE(YEAR($A11)-1,MONTH($A11),DAY($A11)),$A:$A,0))-1),"") | K11: =IF(OR(E11="",E10=""),"",E11/E10-1) -> -0.12946632 | L11: =IF(OR(F11="",F10=""),"",F11/F10-1) -> -0.16814767 | M11: =IF(OR(G11="",G10=""),"",G11/G10-1) -> -0.13133526 | N11: =IF(G11="","",E11/G11) -> 0.95373121 | O11: =IF(G11="","",F11/G11) -> 0.046268787
A12: 43942 | B12: Tuesday | C12: 43922 | D12: Q1FY21 | E12: =IF(SUMIFS('Daily NSE Equity Cash'!$H:$H,'Daily NSE Equity Cash'!$A:$A,$A12)=0,"",SUMIFS('Daily NSE Equity Cash'!$H:$H,'Daily NSE Equity Cash'!$A:$A,$A12)) -> 469.7752 | F12: =IF(SUMIFS('Daily BSE Equity Cash'!$H:$H,'Daily BSE Equity Cash'!$A:$A,$A12)=0,"",SUMIFS('Daily BSE Equity Cash'!$H:$H,'Daily BSE Equity Cash'!$A:$A,$A12)) -> 21.9262 | G12: =IF(OR(E12="",F12=""),"",E12+F12) -> 491.7014 | H12: =IFERROR(IF(OR(E12="",INDEX(E:E,MATCH(DATE(YEAR($A12)-1,MONTH($A12),DAY($A12)),$A:$A,0))=""),"",E12/INDEX(E:E,MATCH(DATE(YEAR($A12)-1,MONTH($A12),DAY($A12)),$A:$A,0))-1),"") | I12: =IFERROR(IF(OR(F12="",INDEX(F:F,MATCH(DATE(YEAR($A12)-1,MONTH($A12),DAY($A12)),$A:$A,0))=""),"",F12/INDEX(F:F,MATCH(DATE(YEAR($A12)-1,MONTH($A12),DAY($A12)),$A:$A,0))-1),"") | J12: =IFERROR(IF(OR(G12="",INDEX(G:G,MATCH(DATE(YEAR($A12)-1,MONTH($A12),DAY($A12)),$A:$A,0))=""),"",G12/INDEX(G:G,MATCH(DATE(YEAR($A12)-1,MONTH($A12),DAY($A12)),$A:$A,0))-1),"") | K12: =IF(OR(E12="",E11=""),"",E12/E11-1) -> -0.025805086 | L12: =IF(OR(F12="",F11=""),"",F12/F11-1) -> -0.06274659 | M12: =IF(OR(G12="",G11=""),"",G12/G11-1) -> -0.027514324 | N12: =IF(G12="","",E12/G12) -> 0.95540749 | O12: =IF(G12="","",F12/G12) -> 0.044592511
A13: 43943 | B13: Wednesday | C13: 43922 | D13: Q1FY21 | E13: =IF(SUMIFS('Daily NSE Equity Cash'!$H:$H,'Daily NSE Equity Cash'!$A:$A,$A13)=0,"",SUMIFS('Daily NSE Equity Cash'!$H:$H,'Daily NSE Equity Cash'!$A:$A,$A13)) -> 524.6995 | F13: =IF(SUMIFS('Daily BSE Equity Cash'!$H:$H,'Daily BSE Equity Cash'!$A:$A,$A13)=0,"",SUMIFS('Daily BSE Equity Cash'!$H:$H,'Daily BSE Equity Cash'!$A:$A,$A13)) -> 26.9285 | G13: =IF(OR(E13="",F13=""),"",E13+F13) -> 551.628 | H13: =IFERROR(IF(OR(E13="",INDEX(E:E,MATCH(DATE(YEAR($A13)-1,MONTH($A13),DAY($A13)),$A:$A,0))=""),"",E13/INDEX(E:E,MATCH(DATE(YEAR($A13)-1,MONTH($A13),DAY($A13)),$A:$A,0))-1),"") | I13: =IFERROR(IF(OR(F13="",INDEX(F:F,MATCH(DATE(YEAR($A13)-1,MONTH($A13),DAY($A13)),$A:$A,0))=""),"",F13/INDEX(F:F,MATCH(DATE(YEAR($A13)-1,MONTH($A13),DAY($A13)),$A:$A,0))-1),"") | J13: =IFERROR(IF(OR(G13="",INDEX(G:G,MATCH(DATE(YEAR($A13)-1,MONTH($A13),DAY($A13)),$A:$A,0))=""),"",G13/INDEX(G:G,MATCH(DATE(YEAR($A13)-1,MONTH($A13),DAY($A13)),$A:$A,0))-1),"") | K13: =IF(OR(E13="",E12=""),"",E13/E12-1) -> 0.11691613 | L13: =IF(OR(F13="",F12=""),"",F13/F12-1) -> 0.22814259 | M13: =IF(OR(G13="",G12=""),"",G13/G12-1) -> 0.121876 | N13: =IF(G13="","",E13/G13) -> 0.95118359 | O13: =IF(G13="","",F13/G13) -> 0.048816413
A14: 43944 | B14: Thursday | C14: 43922 | D14: Q1FY21 | E14: =IF(SUMIFS('Daily NSE Equity Cash'!$H:$H,'Daily NSE Equity Cash'!$A:$A,$A14)=0,"",SUMIFS('Daily NSE Equity Cash'!$H:$H,'Daily NSE Equity Cash'!$A:$A,$A14)) -> 486.3097 | F14: =IF(SUMIFS('Daily BSE Equity Cash'!$H:$H,'Daily BSE Equity Cash'!$A:$A,$A14)=0,"",SUMIFS('Daily BSE Equity Cash'!$H:$H,'Daily BSE Equity Cash'!$A:$A,$A14)) -> 26.8122 | G14: =IF(OR(E14="",F14=""),"",E14+F14) -> 513.1219 | H14: =IFERROR(IF(OR(E14="",INDEX(E:E,MATCH(DATE(YEAR($A14)-1,MONTH($A14),DAY($A14)),$A:$A,0))=""),"",E14/INDEX(E:E,MATCH(DATE(YEAR($A14)-1,MONTH($A14),DAY($A14)),$A:$A,0))-1),"") | I14: =IFERROR(IF(OR(F14="",INDEX(F:F,MATCH(DATE(YEAR($A14)-1,MONTH($A14),DAY($A14)),$A:$A,0))=""),"",F14/INDEX(F:F,MATCH(DATE(YEAR($A14)-1,MONTH($A14),DAY($A14)),$A:$A,0))-1),"") | J14: =IFERROR(IF(OR(G14="",INDEX(G:G,MATCH(DATE(YEAR($A14)-1,MONTH($A14),DAY($A14)),$A:$A,0))=""),"",G14/INDEX(G:G,MATCH(DATE(YEAR($A14)-1,MONTH($A14),DAY($A14)),$A:$A,0))-1),"") | K14: =IF(OR(E14="",E13=""),"",E14/E13-1) -> -0.073165307 | L14: =IF(OR(F14="",F13=""),"",F14/F13-1) -> -0.0043188443 | M14: =IF(OR(G14="",G13=""),"",G14/G13-1) -> -0.06980447 | N14: =IF(G14="","",E14/G14) -> 0.94774692 | O14: =IF(G14="","",F14/G14) -> 0.052253081
... A1598: 46272 | B1598: Monday | C1598: 46266 | D1598: Q2FY27 | E1598: =IF(SUMIFS('Daily NSE Equity Cash'!$H:$H,'Daily NSE Equity Cash'!$A:$A,$A1598)=0,"",SUMIFS('Daily NSE Equity Cash'!$H:$H,'Daily NSE Equity Cash'!$A:$A,$A1598)) -> 1029.4351 | F1598: =IF(SUMIFS('Daily BSE Equity Cash'!$H:$H,'Daily BSE Equity Cash'!$A:$A,$A1598)=0,"",SUMIFS('Daily BSE Equity Cash'!$H:$H,'Daily BSE Equity Cash'!$A:$A,$A1598)) -> 86.9671 | G1598: =IF(OR(E1598="",F1598=""),"",E1598+F1598) -> 1116.4022 | H1598: =IFERROR(IF(OR(E1598="",INDEX(E:E,MATCH(DATE(YEAR($A1598)-1,MONTH($A1598),DAY($A1598)),$A:$A,0))=""),"",E1598/INDEX(E:E,MATCH(DATE(YEAR($A1598)-1,MONTH($A1598),DAY($A1598)),$A:$A,0))-1),"") | I1598: =IFERROR(IF(OR(F1598="",INDEX(F:F,MATCH(DATE(YEAR($A1598)-1,MONTH($A1598),DAY($A1598)),$A:$A,0))=""),"",F1598/INDEX(F:F,MATCH(DATE(YEAR($A1598)-1,MONTH($A1598),DAY($A1598)),$A:$A,0))-1),"") | J1598: =IFERROR(IF(OR(G1598="",INDEX(G:G,MATCH(DATE(YEAR($A1598)-1,MONTH($A1598),DAY($A1598)),$A:$A,0))=""),"",G1598/INDEX(G:G,MATCH(DATE(YEAR($A1598)-1,MONTH($A1598),DAY($A1598)),$A:$A,0))-1),"") | K1598: =IF(OR(E1598="",E1597=""),"",E1598/E1597-1) -> -0.11380396 | L1598: =IF(OR(F1598="",F1597=""),"",F1598/F1597-1) -> -0.33939221 | M1598: =IF(OR(G1598="",G1597=""),"",G1598/G1597-1) -> -0.13676729 | N1598: =IF(G1598="","",E1598/G1598) -> 0.92210057 | O1598: =IF(G1598="","",F1598/G1598) -> 0.077899434
A1600: YTD Comparison - FY2026-2027 YTD vs FY2025-2026 YTD (same number of trading days)
A1601: Trading days elapsed in FY2026-2027 (per NSE daily) | B1601: =COUNTIF('Daily NSE Equity Cash'!$A:$A,">="&DATE(2026,4,1)) -> 109
A1602: Matched FY2025-2026 window | B1602: =DATE(2025,4,1) -> 45748 | C1602: =INDEX('Daily NSE Equity Cash'!$A:$A,COUNTIF('Daily NSE Equity Cash'!$A:$A,"<"&DATE(2025,4,1))+1+$B1601) -> 45908
E1603: NSE Turnover (INR Bn) | F1603: BSE Turnover (INR Bn) | G1603: Total Turnover (INR Bn) | N1603: NSE Market Share | O1603: BSE Market Share
A1604: FY2025-2026 YTD (first N trading days) | E1604: =SUMIFS('Daily NSE Equity Cash'!$H:$H,'Daily NSE Equity Cash'!$A:$A,">="&$B$1602,'Daily NSE Equity Cash'!$A:$A,"<="&$C$1602) -> 111256.13 | F1604: =SUMIFS('Daily BSE Equity Cash'!$H:$H,'Daily BSE Equity Cash'!$A:$A,">="&$B$1602,'Daily BSE Equity Cash'!$A:$A,"<="&$C$1602) -> 8217.5111 | G1604: =E1604+F1604 -> 119473.64 | N1604: =IF(G1604=0,"",E1604/G1604) -> 0.93121905 | O1604: =IF(G1604=0,"",F1604/G1604) -> 0.068780953
A1605: FY2026-2027 YTD | E1605: =SUMIFS('Daily NSE Equity Cash'!$H:$H,'Daily NSE Equity Cash'!$A:$A,">="&DATE(2026,4,1)) -> 140096.37 | F1605: =SUMIFS('Daily BSE Equity Cash'!$H:$H,'Daily BSE Equity Cash'!$A:$A,">="&DATE(2026,4,1)) -> 11094.717 | G1605: =E1605+F1605 -> 151191.08 | N1605: =IF(G1605=0,"",E1605/G1605) -> 0.92661791 | O1605: =IF(G1605=0,"",F1605/G1605) -> 0.073382088
A1606: YTD Growth (FY2026-2027 vs FY2025-2026) | E1606: =IF(OR(E1604=0,E1604=""),"",E1605/E1604-1) -> 0.25922376 | F1606: =IF(OR(F1604=0,F1604=""),"",F1605/F1604-1) -> 0.35013111 | G1606: =IF(OR(G1604=0,G1604=""),"",G1605/G1604-1) -> 0.26547646

Sheet Year NSE Equity Cash
A1: Fiscal Year | B1: No. of Cos. Listed | C1: No. of Cos. Permitted | D1: No. of Cos. Available for Trading | E1: No. of Trading Days | F1: No. of Securities Traded | G1: No. of Trades (Crs) | H1: Traded Quantity (Crs) | I1: Turnover (INR Bn) | J1: Average Daily Turnover (INR Bn) | K1: Average Trade Size (INR) | L1: Demat Securities Traded (Crs) | M1: Demat Turnover (INR Bn) | N1: Market Capitalisation (INR Bn)
A2: 1994-1995 | B2: 135 | C2: 543 | D2: 678 | E2: 102 | G2: 0.03 | H2: 13.91 | I2: 18.05 | J2: 0.17 | K2: 60167 | N2: 3633.5
A3: 1995-1996 | B3: 422 | C3: 847 | D3: 1269 | E3: 246 | G3: 0.66 | H3: 399.12 | I3: 672.87 | J3: 2.76 | K3: 101950 | N3: 4014.59
A4: 1996-1997 | B4: 550 | C4: 934 | D4: 1484 | E4: 250 | G4: 2.64 | H4: 1355.61 | I4: 2945.03 | J4: 11.76 | K4: 111895 | N4: 4193.67
A5: 1997-1998 | B5: 612 | C5: 745 | D5: 1357 | E5: 244 | G5: 3.81 | H5: 1356.85 | I5: 3701.93 | J5: 15.2 | K5: 97164 | N5: 4815.03
A6: 1998-1999 | B6: 648 | C6: 609 | D6: 1254 | E6: 251 | G6: 5.46 | H6: 1653.27 | I6: 4144.74 | J6: 16.51 | K6: 75911 | L6: 85.42 | M6: 238.18 | N6: 4911.75
A7: 1999-2000 | B7: 720 | C7: 479 | D7: 1152 | E7: 254 | G7: 9.84 | H7: 2427.04 | I7: 8390.52 | J7: 33.03 | K7: 85270 | L7: 1537.72 | M7: 7117.06 | N7: 10204.26
A8: 2000-2001 | B8: 785 | C8: 320 | D8: 1029 | E8: 251 | F8: 1201 | G8: 16.76 | H8: 3295.36 | I8: 13395.1 | J8: 53.37 | K8: 79923 | L8: 3072.22 | M8: 12643.37 | N8: 6578.47
A9: 2001-2002 | B9: 793 | C9: 197 | D9: 890 | E9: 247 | F9: 1019 | G9: 17.53 | H9: 2784.08 | I9: 5131.67 | J9: 20.78 | K9: 29274 | L9: 2777.17 | M9: 5128.66 | N9: 6368.61
A10: 2002-2003 | B10: 818 | C10: 107 | D10: 788 | E10: 251 | F10: 899 | G10: 23.98 | H10: 3640.65 | I10: 6179.89 | J10: 24.62 | K10: 25771 | L10: 3640.49 | M10: 6179.84 | N10: 5371.33
A11: 2003-2004 | B11: 909 | C11: 18 | D11: 787 | E11: 254 | F11: 804 | G11: 37.8 | H11: 7133.01 | I11: 10995.35 | J11: 43.28 | K11: 29088 | L11: 7133.01 | M11: 10995.35 | N11: 11209.76
A12: 2004-2005 | B12: 970 | C12: 1 | D12: 839 | E12: 253 | F12: 870 | G12: 45.1 | H12: 7976.84 | I12: 11400.71 | J12: 45.06 | K12: 25279 | L12: 7976.84 | M12: 11400.71 | N12: 15855.85
A13: 2005-2006 | B13: 1069 | D13: 929 | E13: 251 | F13: 1288 | G13: 60.89 | H13: 8444.86 | I13: 15695.58 | J13: 62.53 | K13: 25777 | L13: 8444.86 | M13: 15695.58 | N13: 28132.01
A14: 2006-2007 | B14: 1228 | D14: 1084 | E14: 249 | F14: 1191 | G14: 78.46 | H14: 8554.56 | I14: 19452.85 | J14: 78.12 | K14: 24793 | L14: 8554.56 | M14: 19452.85 | N14: 33673.5
A15: 2007-2008 | B15: 1381 | D15: 1236 | E15: 251 | F15: 1264 | G15: 117.27 | H15: 14984.69 | I15: 35510.38 | J15: 141.48 | K15: 30281 | L15: 14984.69 | M15: 35510.38 | N15: 48581.22
A16: 2008-2009 | B16: 1432 | D16: 1291 | E16: 243 | F16: 1327 | G16: 136.51 | H16: 14263.54 | I16: 27520.23 | J16: 113.25 | K16: 20160 | L16: 14263.54 | M16: 27520.23 | N16: 28961.94
A17: 2009-2010 | B17: 1470 | C17: 37 | D17: 1359 | E17: 244 | F17: 1968 | G17: 168.16 | H17: 22155.3 | I17: 41380.24 | J17: 169.59 | K17: 24608 | L17: 22155.3 | M17: 41380.24 | N17: 60091.73
A18: 2010-2011 | B18: 1574 | C18: 61 | D18: 1484 | E18: 255 | F18: 1607 | G18: 155.07 | H18: 18245.15 | I18: 35774.12 | J18: 140.48 | K18: 23009 | L18: 18245.15 | M18: 35774.12 | N18: 67026.16
A19: 2011-2012 | B19: 1646 | C19: 73 | D19: 1563 | E19: 249 | F19: 1807 | G19: 143.77 | H19: 16169.78 | I19: 28108.93 | J19: 112.89 | K19: 19551 | L19: 16169.78 | M19: 28108.93 | N19: 60965.18
A20: 2012-2013 | B20: 1666 | C20: 76 | D20: 1582 | E20: 250 | F20: 1683 | G20: 136.05 | H20: 16591.6 | I20: 27082.79 | J20: 108.33 | K20: 19907 | L20: 16591.6 | M20: 27082.79 | N20: 62390.35
A21: 2013-2014 | B21: 1688 | C21: 75 | D21: 1586 | E21: 251 | F21: 2860 | G21: 144.32 | H21: 15337.16 | I21: 28084.88 | J21: 111.89 | K21: 19460 | L21: 15337.16 | M21: 28084.88 | N21: 72777.2
A22: 2014-2015 | B22: 1733 | C22: 4 | D22: 1544 | E22: 243 | F22: 1603 | G22: 183.28 | H22: 23617.79 | I22: 43296.55 | J22: 178.18 | K22: 23623 | L22: 23617.79 | M22: 43296.55 | N22: 99301.22
A23: 2015-2016 | B23: 1808 | C23: 4 | D23: 1613 | E23: 247 | F23: 1615 | G23: 185.18 | H23: 22017.71 | I23: 42369.83 | J23: 171.54 | K23: 22881 | L23: 22017.71 | M23: 42369.83 | N23: 93104.71
A24: 2016-2017 | B24: 1817 | C24: 4 | D24: 1696 | E24: 248 | F24: 2484 | G24: 197.6 | H24: 26245.34 | I24: 50559.13 | J24: 203.87 | K24: 25586 | L24: 26245.34 | M24: 50559.13 | N24: 119784.21
A25: 2017-2018 | B25: 1931 | C25: 4 | D25: 1817 | E25: 246 | F25: 2821 | G25: 249.14 | H25: 37718.36 | I25: 72348.26 | J25: 294.1 | K25: 29039 | L25: 37718.36 | M25: 72348.26 | N25: 140441.52
A26: 2018-2019 | B26: 1931 | C26: 4 | D26: 1884 | E26: 248 | F26: 2960 | G26: 285.32 | H26: 37499.76 | I26: 79490.04 | J26: 320.52 | K26: 27860 | L26: 37499.76 | M26: 79490.04 | N26: 149342.27
A27: 2019-2020 | B27: 1949 | C27: 18 | D27: 1882 | E27: 247 | F27: 3122 | G27: 314.6 | H27: 46740.57 | I27: 89988.11 | J27: 364.32 | K27: 28604 | L27: 46740.57 | M27: 89988.11 | N27: 112431.12
A28: 2020-2021 | B28: 1969 | C28: 24 | D28: 1910 | E28: 249 | F28: 3297 | G28: 463.28 | H28: 74295.79 | I28: 153979.08 | J28: 618.39 | K28: 33237 | L28: 74295.79 | M28: 153979.08 | N28: 202958.13
... A33: 2025-2026 | B33: 2978 | C33: 3 | D33: 2898 | E33: 247 | F33: 6418 | G33: 826.19 | H33: 111290.2 | I33: 260626.17 | J33: 1055.17 | K33: 31545 | L33: 111290.2 | M33: 260626.17 | N33: 411252.15

Sheet Monthly NSE Equity Cash
A1: Month | B1: Fiscal Year | C1: Qrtr - Year | D1: No. of Cos. Listed | E1: No. of Cos. Permitted | F1: No. of Cos. Available for Trading | G1: No. of Trading Days | H1: No. of Securities Traded | I1: No. of Trades (Crs) | J1: Traded Quantity (Crs) | K1: Turnover (INR Bn) | L1: Average Daily Turnover (INR Bn) | M1: Average Trade Size (INR) | N1: Demat Securities Traded (Crs) | O1: Demat Turnover (INR Bn) | P1: Market Capitalisation (INR Bn)
A2: 36251 | B2: 1999-2000 | C2: Q1FY00 | D2: 662 | E2: 600 | F2: 1251 | G2: 20 | H2: 1173 | I2: 0.49 | J2: 117.58 | K2: 359.33 | L2: 17.97 | M2: 72790 | N2: 56.33 | O2: 267.99 | P2: 4453.8
A3: 36281 | B3: 1999-2000 | C3: Q1FY00 | D3: 660 | E3: 597 | F3: 1246 | G3: 21 | H3: 1168 | I3: 0.67 | J3: 188.31 | K3: 502.63 | L3: 23.93 | M3: 75090 | N3: 121.87 | O3: 421.87 | P3: 5039.11
A4: 36312 | B4: 1999-2000 | C4: Q1FY00 | D4: 667 | E4: 591 | F4: 1247 | G4: 22 | H4: 1158 | I4: 0.6 | J4: 192.07 | K4: 404.73 | L4: 18.4 | M4: 67441 | N4: 127.7 | O4: 356.74 | P4: 5294.68
A5: 36342 | B5: 1999-2000 | C5: Q2FY00 | D5: 669 | E5: 580 | F5: 1238 | G5: 22 | H5: 1181 | I5: 0.77 | J5: 233.49 | K5: 554.55 | L5: 25.21 | M5: 72429 | N5: 150.49 | O5: 483.33 | P5: 5936.51
A6: 36373 | B6: 1999-2000 | C6: Q2FY00 | D6: 671 | E6: 579 | F6: 1239 | G6: 22 | H6: 1179 | I6: 0.81 | J6: 228.69 | K6: 536.99 | L6: 24.41 | M6: 65956 | N6: 119.63 | O6: 421.47 | P6: 6681.87
A7: 36404 | B7: 1999-2000 | C7: Q2FY00 | D7: 679 | E7: 577 | F7: 1245 | G7: 21 | H7: 1181 | I7: 0.8 | J7: 218.57 | K7: 558.78 | L7: 26.61 | M7: 69777 | N7: 116.53 | O7: 420.23 | P7: 6867.4
A8: 36434 | B8: 1999-2000 | C8: Q3FY00 | D8: 685 | E8: 572 | F8: 1233 | G8: 21 | H8: 1188 | I8: 0.92 | J8: 261 | K8: 722.16 | L8: 34.39 | M8: 78803 | N8: 141.6 | O8: 524.45 | P8: 6700.62
A9: 36465 | B9: 1999-2000 | C9: Q3FY00 | D9: 691 | E9: 546 | F9: 1237 | G9: 21 | H9: 1180 | I9: 0.77 | J9: 188.47 | K9: 663.31 | L9: 31.59 | M9: 85942 | N9: 113.87 | O9: 500.04 | P9: 7264.19
A10: 36495 | B10: 1999-2000 | C10: Q3FY00 | D10: 700 | E10: 543 | F10: 1211 | G10: 22 | H10: 1162 | I10: 1.03 | J10: 240.34 | K10: 985.85 | L10: 44.81 | M10: 95895 | N10: 163.33 | O10: 871.7 | P10: 8529.85
A11: 36526 | B11: 1999-2000 | C11: Q4FY00 | D11: 706 | E11: 534 | F11: 1203 | G11: 20 | H11: 1164 | I11: 0.89 | J11: 194.17 | K11: 859.39 | L11: 42.97 | M11: 96408 | N11: 145.92 | O11: 771.6 | P11: 9517.12
A12: 36557 | B12: 1999-2000 | C12: Q4FY00 | D12: 716 | E12: 531 | F12: 1204 | G12: 21 | H12: 1155 | I12: 1.09 | J12: 202.49 | K12: 1186.94 | L12: 56.52 | M12: 108672 | N12: 151.17 | O12: 1087.04 | P12: 10697.7
A13: 36586 | B13: 1999-2000 | C13: Q4FY00 | D13: 720 | E13: 479 | F13: 1152 | G13: 21 | H13: 1099 | I13: 1 | J13: 161.87 | K13: 1055.84 | L13: 50.28 | M13: 105667 | N13: 129.27 | O13: 990.6 | P13: 10204.26
... A80: 38626 | B80: 2005-2006 | C80: Q3FY06 | D80: 1019 | E80: 1 | F80: 881 | G80: 20 | H80: 885 | I80: 4.63 | J80: 576.7 | K80: 1208.1 | L80: 60.4 | M80: 26077 | N80: 576.7 | O80: 1208.1 | P80: 19276.45
A81: 38657 | B81: 2005-2006 | C81: Q3FY06 | D81: 1025 | F81: 886 | G81: 20 | H81: 922 | I81: 4.34 | J81: 538.7 | K81: 1095.78 | L81: 54.79 | M81: 25258 | N81: 538.7 | O81: 1095.78 | P81: 21668.23
A82: 38687 | B82: 2005-2006 | C82: Q3FY06 | D82: 1036 | F82: 896 | G82: 22 | H82: 907 | I82: 5.53 | J82: 636.99 | K82: 1499.08 | L82: 68.14 | M82: 27120 | N82: 636.99 | O82: 1499.08 | P82: 23223.92
A83: 38718 | B83: 2005-2006 | C83: Q4FY06 | D83: 1043 | F83: 903 | G83: 20 | H83: 910 | I83: 5.54 | J83: 667.17 | K83: 1494.42 | L83: 74.72 | M83: 26997 | N83: 667.17 | O83: 1494.42 | P83: 24343.95
A84: 38749 | B84: 2005-2006 | C84: Q4FY06 | D84: 1051 | F84: 911 | G84: 19 | H84: 946 | I84: 5.21 | J84: 616.29 | K84: 1353.74 | L84: 71.25 | M84: 25976 | N84: 616.29 | O84: 1353.74 | P84: 25120.83
A85: 38777 | B85: 2005-2006 | C85: Q4FY06 | D85: 1069 | F85: 929 | G85: 22 | H85: 956 | I85: 6.58 | J85: 857.88 | K85: 2093.95 | L85: 95.18 | M85: 31832 | N85: 857.88 | O85: 2093.95 | P85: 28132.01
A86: 38808 | B86: 2006-2007 | C86: Q1FY07 | D86: 1084 | F86: 944 | G86: 18 | H86: 967 | I86: 5.67 | J86: 728.92 | K86: 1773.72 | L86: 98.54 | M86: 31256 | N86: 728.92 | O86: 1773.72 | P86: 29902
A87: 38838 | B87: 2006-2007 | C87: Q1FY07 | D87: 1093 | F87: 952 | G87: 22 | H87: 972 | I87: 6.93 | J87: 953.71 | K87: 2014.09 | L87: 91.55 | M87: 29022 | N87: 953.71 | O87: 2014.09 | P87: 26126.39
A88: 38869 | B88: 2006-2007 | C88: Q1FY07 | D88: 1099 | F88: 962 | G88: 23 | H88: 1119 | I88: 6.67 | J88: 667.48 | K88: 1510.5 | L88: 65.67 | M88: 22651 | N88: 667.48 | O88: 1510.5 | P88: 25246.59
A89: 38899 | B89: 2006-2007 | C89: Q2FY07 | D89: 1095 | F89: 956 | G89: 21 | H89: 964 | I89: 5.37 | J89: 461.46 | K89: 1186.98 | L89: 56.52 | M89: 22105 | N89: 461.46 | O89: 1186.98 | P89: 25142.61
A90: 38930 | B90: 2006-2007 | C90: Q2FY07 | D90: 1099 | F90: 958 | G90: 22 | H90: 1069 | I90: 6.31 | J90: 564.42 | K90: 1307.96 | L90: 59.45 | M90: 20735 | N90: 564.42 | O90: 1307.96 | P90: 27774.01
A91: 38961 | B91: 2006-2007 | C91: Q2FY07 | D91: 1116 | F91: 969 | G91: 21 | H91: 998 | I91: 6.48 | J91: 643.85 | K91: 1443.39 | L91: 68.73 | M91: 22278 | N91: 643.85 | O91: 1443.39 | P91: 29941.32
A92: 38991 | B92: 2006-2007 | C92: Q3FY07 | D92: 1127 | F92: 981 | G92: 20 | H92: 1006 | I92: 5.79 | J92: 608.23 | K92: 1383.82 | L92: 69.19 | M92: 23892 | N92: 608.23 | O92: 1383.82 | P92: 31383.19
... A128: 40087 | B128: 2009-2010 | C128: Q3FY10 | D128: 1439 | F128: 1291 | G128: 20 | H128: 1365 | I128: 13.47 | J128: 1684.79 | K128: 3629.69 | L128: 181.48 | M128: 26953 | N128: 1684.79 | O128: 3629.69 | P128: 50248.3
A129: 40118 | B129: 2009-2010 | C129: Q3FY10 | D129: 1443 | E129: 10 | F129: 1292 | G129: 20 | H129: 1528 | I129: 13.17 | J129: 1574.01 | K129: 3244.77 | L129: 162.24 | M129: 24630 | N129: 1574.01 | O129: 3244.77 | P129: 54300.88
A130: 40148 | B130: 2009-2010 | C130: Q3FY10 | D130: 1453 | E130: 10 | F130: 1303 | G130: 21 | H130: 1408 | I130: 12.56 | J130: 1503.84 | K130: 2929 | L130: 139.48 | M130: 23324 | N130: 1503.84 | O130: 2929 | P130: 56996.37
A131: 40179 | B131: 2009-2010 | C131: Q4FY10 | D131: 1457 | E131: 31 | F131: 1338 | G131: 19 | H131: 1480 | I131: 14.03 | J131: 1804.24 | K131: 3384.43 | L131: 178.13 | M131: 24124 | N131: 1804.24 | O131: 3384.43 | P131: 57829.65
A132: 40210 | B132: 2009-2010 | C132: Q4FY10 | D132: 1461 | E132: 31 | F132: 1342 | G132: 20 | H132: 1585 | I132: 11.33 | J132: 1235.41 | K132: 2451.43 | L132: 122.57 | M132: 21645 | N132: 1235.41 | O132: 2451.43 | P132: 57553.05
A133: 40238 | B133: 2009-2010 | C133: Q4FY10 | D133: 1470 | E133: 37 | F133: 1359 | G133: 21 | H133: 1418 | I133: 12.35 | J133: 1379.71 | K133: 2862.46 | L133: 136.31 | M133: 23184 | N133: 1379.71 | O133: 2862.46 | P133: 60091.73
A134: 40269 | B134: 2010-2011 | C134: Q1FY11 | D134: 1478 | E134: 36 | F134: 1367 | G134: 20 | H134: 1464 | I134: 12.05 | J134: 1440.6 | K134: 2765.66 | L134: 138.28 | M134: 22947 | N134: 1440.6 | O134: 2765.66 | P134: 61178.58
A135: 40299 | B135: 2010-2011 | C135: Q1FY11 | D135: 1484 | E135: 36 | F135: 1374 | G135: 22 | H135: 1422 | I135: 12.49 | J135: 1398.12 | K135: 2846.25 | L135: 129.37 | M135: 22788 | N135: 1398.12 | O135: 2846.25 | P135: 59325.78
A136: 40330 | B136: 2010-2011 | C136: Q1FY11 | D136: 1490 | E136: 45 | F136: 1388 | G136: 22 | H136: 1547 | I136: 12.48 | J136: 1436.16 | K136: 2861.09 | L136: 130.05 | M136: 22931 | N136: 1436.16 | O136: 2861.09 | P136: 62291.36
A137: 40360 | B137: 2010-2011 | C137: Q2FY11 | D137: 1497 | E137: 45 | F137: 1392 | G137: 22 | H137: 1470 | I137: 12.19 | J137: 1394.17 | K137: 2785.51 | L137: 126.61 | M137: 22850 | N137: 1394.17 | O137: 2785.51 | P137: 63401.2
A138: 40391 | B138: 2010-2011 | C138: Q2FY11 | D138: 1504 | E138: 54 | F138: 1408 | G138: 22 | H138: 1553 | I138: 13.61 | J138: 1524.67 | K138: 3119.94 | L138: 141.82 | M138: 22925 | N138: 1524.67 | O138: 3119.94 | P138: 63934.18
A139: 40422 | B139: 2010-2011 | C139: Q2FY11 | D139: 1484 | E139: 36 | F139: 1374 | G139: 21 | H139: 1505 | I139: 13.69 | J139: 1732.85 | K139: 3298.69 | L139: 157.08 | M139: 24095 | N139: 1732.85 | O139: 3298.69 | P139: 69585.34
A140: 40452 | B140: 2010-2011 | C140: Q3FY11 | D140: 1530 | E140: 60 | F140: 1435 | G140: 21 | H140: 1522 | I140: 14.47 | J140: 1932.48 | K140: 3604.72 | L140: 171.65 | M140: 24920 | N140: 1932.48 | O140: 3604.72 | P140: 70550.94
... A329: 46204 | B329: 2026-2027 | C329: Q2FY27 | D329: 3028 | E329: 107 | F329: 3055 | G329: 23 | H329: 4268 | I329: 84.77 | J329: 10687.74 | K329: 27695.62 | L329: 1204.16 | M329: 32670 | N329: 10687.74 | O329: 27695.62 | P329: 485336.65
A330: 46235 | B330: 2026-2027 | C330: Q2FY27 | G330: 21 | H330: 4661 | I330: 75.9 | J330: 10157.59 | K330: 25133.08 | L330: 1196.81 | M330: 33114 | N330: 10157.59 | O330: 25133.08 | P330: 489252.64

Sheet Daily NSE Equity Cash
A1: Trade Date | B1: Trade Day | C1: Trade Month - Year | D1: Qrtr - Year | E1: No. of Securities Traded | F1: No. of Trades (Crs) | G1: Traded Quantity (Crs) | H1: Turnover (INR Bn) | I1: India VIX Open | J1: India VIX High | K1: India VIX Low | L1: India VIX Close | M1: India VIX Chg %
A2: 43922 | B2: Wednesday | C2: 43922 | D2: Q1FY21 | E2: 1906 | F2: 1.6427 | G2: 158.0383 | H2: 318.6954 | I2: 64.4075 | J2: 64.4075 | K2: 59.78 | L2: 60.0525 | M2: -0.0676
A3: 43924 | B3: Friday | C3: 43922 | D3: Q1FY21 | E3: 1941 | F3: 1.9547 | G3: 184.2352 | H3: 396.4776 | I3: 60.0525 | J3: 60.59 | K3: 54.9 | L3: 55.3025 | M3: -0.0791
A4: 43928 | B4: Tuesday | C4: 43922 | D4: Q1FY21 | E4: 1998 | F4: 2.1523 | G4: 217.7417 | H4: 524.3858 | I4: 55.3025 | J4: 55.3025 | K4: 49.9425 | L4: 51.8 | M4: -0.0633
A5: 43929 | B5: Wednesday | C5: 43922 | D5: Q1FY21 | E5: 1964 | F5: 2.3815 | G5: 245.0449 | H5: 575.9347 | I5: 51.8 | J5: 53.7325 | K5: 46.975 | L5: 52.2425 | M5: 0.0085
A6: 43930 | B6: Thursday | C6: 43922 | D6: Q1FY21 | E6: 1950 | F6: 2.0733 | G6: 218.0603 | H6: 515.4368 | I6: 52.2425 | J6: 52.2425 | K6: 46.9025 | L6: 49.745 | M6: -0.0478
A7: 43934 | B7: Monday | C7: 43922 | D7: Q1FY21 | E7: 1957 | F7: 1.9716 | G7: 271.3632 | H7: 458.1918 | I7: 49.745 | J7: 52.4925 | K7: 43.635 | L7: 51.4575 | M7: 0.0344
A8: 43936 | B8: Wednesday | C8: 43922 | D8: Q1FY21 | E8: 1968 | F8: 2.5257 | G8: 313.5957 | H8: 646.63 | I8: 51.4575 | J8: 51.4575 | K8: 44.6475 | L8: 49.735 | M8: -0.0335
A9: 43937 | B9: Thursday | C9: 43922 | D9: Q1FY21 | E9: 1953 | F9: 2.0472 | G9: 236.2226 | H9: 499.1627 | I9: 49.735 | J9: 49.735 | K9: 42.255 | L9: 46.095 | M9: -0.0732
A10: 43938 | B10: Friday | C10: 43922 | D10: Q1FY21 | E10: 1964 | F10: 2.2272 | G10: 278.5566 | H10: 553.9348 | I10: 46.095 | J10: 46.095 | K10: 40.305 | L10: 42.5925 | M10: -0.076
A11: 43941 | B11: Monday | C11: 43922 | D11: Q1FY21 | E11: 1986 | F11: 1.976 | G11: 264.5335 | H11: 482.2189 | I11: 42.5925 | J11: 44.0375 | K11: 40.295 | L11: 43.455 | M11: 0.0203
A12: 43942 | B12: Tuesday | C12: 43922 | D12: Q1FY21 | E12: 1941 | F12: 1.9067 | G12: 222.853 | H12: 469.7752 | I12: 43.455 | J12: 45.9625 | K12: 36.215 | L12: 45.1975 | M12: 0.0401
A13: 43943 | B13: Wednesday | C13: 43922 | D13: Q1FY21 | E13: 1944 | F13: 1.9006 | G13: 246.2741 | H13: 524.6995 | I13: 45.1975 | J13: 45.425 | K13: 40.465 | L13: 42.8225 | M13: -0.0525
... A218: 44238 | B218: Thursday | C218: 44228 | D218: Q4FY21 | E218: 2044 | F218: 1.9765 | G218: 292.6754 | H218: 667.9783 | I218: 23.9525 | J218: 24.2225 | K218: 21.0175 | L218: 23.045 | M218: -0.0379
A219: 44239 | B219: Friday | C219: 44228 | D219: Q4FY21 | E219: 2011 | F219: 2.0789 | G219: 300.7416 | H219: 728.62 | I219: 0 | J219: 0 | K219: 0 | L219: 23.045
A220: 44242 | B220: Monday | C220: 44228 | D220: Q4FY21 | E220: 2055 | F220: 2.0228 | G220: 273.1291 | H220: 687.7915 | I220: 22.0425 | J220: 22.39 | K220: 20.8225 | L220: 21.475 | M220: -0.0257
A221: 44243 | B221: Tuesday | C221: 44228 | D221: Q4FY21 | E221: 2026 | F221: 2.1374 | G221: 334.5101 | H221: 769.6481 | I221: 21.475 | J221: 22.115 | K221: 20.535 | L221: 21.78 | M221: 0.0142
A222: 44244 | B222: Wednesday | C222: 44228 | D222: Q4FY21 | E222: 2022 | F222: 2.1518 | G222: 398.9134 | H222: 770.3997 | I222: 21.78 | J222: 21.88 | K222: 21.0975 | L222: 21.505 | M222: -0.0126
A223: 44245 | B223: Thursday | C223: 44228 | D223: Q4FY21 | E223: 2022 | F223: 2.3854 | G223: 446.3054 | H223: 818.2465 | I223: 21.505 | J223: 22.085 | K223: 19.9625 | L223: 21.5425 | M223: 0.0017
A224: 44246 | B224: Friday | C224: 44228 | D224: Q4FY21 | E224: 2014 | F224: 2.4917 | G224: 473.9443 | H224: 840.0248 | I224: 21.5425 | J224: 22.8675 | K224: 19.345 | L224: 22.25 | M224: 0.0328
A225: 44249 | B225: Monday | C225: 44228 | D225: Q4FY21 | E225: 2038 | F225: 2.3137 | G225: 329.7111 | H225: 744.7334 | I225: 22.25 | J225: 25.82 | K225: 20.0225 | L225: 25.47 | M225: 0.1447
A226: 44250 | B226: Tuesday | C226: 44228 | D226: Q4FY21 | E226: 2011 | F226: 2.2047 | G226: 336.115 | H226: 758.9883 | I226: 25.47 | J226: 25.6425 | K226: 23.8575 | L226: 25.2275 | M226: -0.0095
A227: 44251 | B227: Wednesday | C227: 44228 | D227: Q4FY21 | E227: 1922 | F227: 1.3717 | G227: 222.6334 | H227: 457.9716 | I227: 25.2275 | J227: 25.2275 | K227: 23.4825 | L227: 24.1675 | M227: -0.042
A228: 44252 | B228: Thursday | C228: 44228 | D228: Q4FY21 | E228: 2026 | F228: 2.3614 | G228: 388.1351 | H228: 843.0428 | I228: 24.1675 | J228: 24.1675 | K228: 22.6275 | L228: 22.8925 | M228: -0.0528
A229: 44253 | B229: Friday | C229: 44228 | D229: Q4FY21 | E229: 2039 | F229: 2.9542 | G229: 500.2324 | H229: 1157.603 | I229: 22.8925 | J229: 29.645 | K229: 22.8925 | L229: 28.1425 | M229: 0.2293
A230: 44256 | B230: Monday | C230: 44256 | D230: Q4FY21 | E230: 2077 | F230: 2.1611 | G230: 358.3765 | H230: 669.2992 | I230: 28.1425 | J230: 28.1425 | K230: 24.95 | L230: 25.625 | M230: -0.0895
A231: 44257 | B231: Tuesday | C231: 44256 | D231: Q4FY21 | E231: 2011 | F231: 2.3572 | G231: 385.8794 | H231: 746.4633 | I231: 25.625 | J231: 25.625 | K231: 23.21 | L231: 23.605 | M231: -0.0788
... A248: 44281 | B248: Friday | C248: 44256 | D248: Q4FY21 | E248: 2025 | F248: 1.8532 | G248: 281.9646 | H248: 582.4482 | I248: 22.6975 | J248: 22.9175 | K248: 18.225 | L248: 20.65 | M248: -0.0902
A249: 44285 | B249: Tuesday | C249: 44256 | D249: Q4FY21 | E249: 2067 | F249: 1.9846 | G249: 283.6368 | H249: 684.7443 | I249: 0 | J249: 0 | K249: 0 | L249: 20.65
A250: 44286 | B250: Wednesday | C250: 44256 | D250: Q4FY21 | E250: 2019 | F250: 1.7525 | G250: 244.802 | H250: 567.784 | I250: 20.485 | J250: 20.83 | K250: 19.995 | L250: 20.645 | M250: 0.0078
A251: 44287 | B251: Thursday | C251: 44287 | D251: Q1FY22 | E251: 2012 | F251: 1.727 | G251: 254.6855 | H251: 587.6551 | I251: 20.645 | J251: 20.675 | K251: 19.73 | L251: 19.9875 | M251: -0.0318
A252: 44291 | B252: Monday | C252: 44287 | D252: Q1FY22 | E252: 2085 | F252: 1.9928 | G252: 262.875 | H252: 651.6913 | I252: 19.9875 | J252: 23.305 | K252: 19.9875 | L252: 21.215 | M252: 0.0614
A253: 44292 | B253: Tuesday | C253: 44287 | D253: Q1FY22 | E253: 2014 | F253: 1.8771 | G253: 246.6121 | H253: 647.2332 | I253: 21.215 | J253: 22.24 | K253: 19.805 | L253: 20.84 | M253: -0.0177
A254: 44293 | B254: Wednesday | C254: 44287 | D254: Q1FY22 | E254: 2034 | F254: 2.026 | G254: 243.4472 | H254: 723.5005 | I254: 20.84 | J254: 21.2975 | K254: 19.43 | L254: 20.2475 | M254: -0.0284
A255: 44294 | B255: Thursday | C255: 44287 | D255: Q1FY22 | E255: 2052 | F255: 2.072 | G255: 277.663 | H255: 716.6535 | I255: 20.2475 | J255: 20.585 | K255: 19.17 | L255: 20.3125 | M255: 0.0032
A256: 44295 | B256: Friday | C256: 44287 | D256: Q1FY22 | E256: 2023 | F256: 2.0306 | G256: 265.7065 | H256: 706.164 | I256: 20.3125 | J256: 20.9675 | K256: 19.6825 | L256: 19.785 | M256: -0.026
A257: 44298 | B257: Monday | C257: 44287 | D257: Q1FY22 | E257: 2077 | F257: 2.7136 | G257: 348.8681 | H257: 840.2872 | I257: 19.785 | J257: 23.3025 | K257: 19.785 | L257: 22.995 | M257: 0.1622
A258: 44299 | B258: Tuesday | C258: 44287 | D258: Q1FY22 | E258: 2005 | F258: 2.0807 | G258: 277.2498 | H258: 726.7581 | I258: 22.995 | J258: 22.995 | K258: 20.2975 | L258: 20.46 | M258: -0.1102
A259: 44301 | B259: Thursday | C259: 44287 | D259: Q1FY22 | E259: 2015 | F259: 2.0354 | G259: 254.8489 | H259: 705.3302 | I259: 20.46 | J259: 21.545 | K259: 18.245 | L259: 20.89 | M259: 0.021
A260: 44302 | B260: Friday | C260: 44287 | D260: Q1FY22 | E260: 2008 | F260: 1.8586 | G260: 226.3984 | H260: 660.9179 | I260: 20.89 | J260: 21.09 | K260: 19.4825 | L260: 20.4025 | M260: -0.0233
A261: 44305 | B261: Monday | C261: 44287 | D261: Q1FY22 | E261: 2054 | F261: 2.1671 | G261: 245.9331 | H261: 681.0317 | I261: 20.4025 | J261: 23.1075 | K261: 19.8075 | L261: 22.485 | M261: 0.1021
... A970: 45352 | B970: Friday | C970: 45352 | D970: Q4FY24 | E970: 2694 | F970: 3.2898 | G970: 403.0624 | H970: 923.7491 | I970: 15.5725 | J970: 15.6425 | K970: 15 | L970: 15.235 | M970: -0.0217
A971: 45353 | B971: Saturday | C971: 45352 | D971: Q4FY24 | E971: 2440 | F971: 0.4205 | G971: 70.1679 | H971: 104.2723
A972: 45355 | B972: Monday | C972: 45352 | D972: Q4FY24 | E972: 2709 | F972: 3.2799 | G972: 368.96 | H972: 911.7075 | I972: 14.9925 | J972: 15.3025 | K972: 14.8225 | L972: 14.9225 | M972: -0.0047
A973: 45356 | B973: Tuesday | C973: 45352 | D973: Q4FY24 | E973: 2692 | F973: 3.4054 | G973: 382.4405 | H973: 954.9979 | I973: 14.9225 | J973: 15.165 | K973: 14.1775 | L973: 14.38 | M973: -0.0364
A974: 45357 | B974: Wednesday | C974: 45352 | D974: Q4FY24 | E974: 2691 | F974: 3.968 | G974: 488.6995 | H974: 1102.0413 | I974: 14.38 | J974: 14.71 | K974: 13.905 | L974: 14.295 | M974: -0.0059
A975: 45358 | B975: Thursday | C975: 45352 | D975: Q4FY24 | E975: 2704 | F975: 3.1926 | G975: 373.3379 | H975: 1052.7538 | I975: 14.295 | J975: 14.4325 | K975: 13.56 | L975: 13.6125 | M975: -0.0477
A976: 45362 | B976: Monday | C976: 45352 | D976: Q4FY24 | E976: 2746 | F976: 3.7684 | G976: 359.9816 | H976: 993.4189 | I976: 13.6125 | J976: 14.5525 | K976: 13.6125 | L976: 13.995 | M976: 0.0281
A977: 45363 | B977: Tuesday | C977: 45352 | D977: Q4FY24 | E977: 2712 | F977: 3.8785 | G977: 384.6255 | H977: 982.7382 | I977: 13.995 | J977: 14.195 | K977: 13.5775 | L977: 13.6375 | M977: -0.0255
A978: 45364 | B978: Wednesday | C978: 45352 | D978: Q4FY24 | E978: 2692 | F978: 5.3699 | G978: 571.5097 | H978: 1282.4709 | I978: 13.6375 | J978: 15.005 | K978: 13.5325 | L978: 14.4325 | M978: 0.0583
A979: 45365 | B979: Thursday | C979: 45352 | D979: Q4FY24 | E979: 2718 | F979: 4.4229 | G979: 553.9133 | H979: 1152.3529 | I979: 14.4325 | J979: 14.6825 | K979: 13.5225 | L979: 13.6225 | M979: -0.0561
A980: 45366 | B980: Friday | C980: 45352 | D980: Q4FY24 | E980: 2681 | F980: 4.2198 | G980: 557.4931 | H980: 1503.4411 | I980: 13.6225 | J980: 14.3325 | K980: 13.59 | L980: 13.69 | M980: 0.005
A981: 45369 | B981: Monday | C981: 45352 | D981: Q4FY24 | E981: 2721 | F981: 3.2102 | G981: 332.3929 | H981: 794.406 | I981: 13.69 | J981: 14.615 | K981: 13.69 | L981: 13.895 | M981: 0.015
A982: 45370 | B982: Tuesday | C982: 45352 | D982: Q4FY24 | E982: 2706 | F982: 3.0493 | G982: 315.6437 | H982: 826.6727 | I982: 13.895 | J982: 14.445 | K982: 13.875 | L982: 14.1125 | M982: 0.0157
A983: 45371 | B983: Wednesday | C983: 45352 | D983: Q4FY24 | E983: 2694 | F983: 3.0311 | G983: 343.4195 | H983: 808.4554 | I983: 14.1125 | J983: 14.2825 | K983: 13.085 | L983: 13.4725 | M983: -0.0453
... A1593: 46272 | B1593: Monday | C1593: 46266 | D1593: Q2FY27 | E1593: 3704 | F1593: 3.7506 | G1593: 676.2002 | H1593: 1029.4351 | I1593: 10.68 | J1593: 11.3475 | K1593: 10.275 | L1593: 11.16 | M1593: 0.0449

Sheet Year BSE Equity Cash
A1: Fiscal Year | B1: No. of Cos. Listed | C1: No. of Securities Traded | D1: Total No. of Trades (Crs) | E1: Total Shares Traded (Crs) | F1: Total Turnover (INR Bn) | G1: Average Turnover (INR Bn) | H1: Average Trade Size (INR) | I1: No. of Trading Days
A2: 1997-1998 | C2: 5041 | D2: 0.8839 | E2: 371.32 | F2: 868.9916 | G2: 8.9587 | H2: 98318 | I2: 97
A3: 1998-1999 | B3: 5848 | C3: 4374 | D3: 3.2624 | E3: 1186.14 | F3: 2846.3687 | G3: 12.707 | H3: 87248 | I3: 224
A4: 1999-2000 | B4: 5889 | C4: 4596 | D4: 7.4075 | E4: 2102.28 | F4: 6864.2855 | G4: 27.2392 | H4: 92667 | I4: 252
A5: 2000-2001 | B5: 5955 | C5: 4660 | D5: 14.5638 | E5: 2578.99 | F5: 10000.326 | G5: 39.8419 | H5: 68666 | I5: 251
A6: 2001-2002 | B6: 5782 | C6: 5746 | D6: 12.7722 | E6: 1821.08 | F6: 3072.9777 | G6: 12.4412 | H6: 24060 | I6: 247
A7: 2002-2003 | B7: 5650 | C7: 3079 | D7: 14.1308 | E7: 2213.98 | F7: 3140.7313 | G7: 12.5129 | H7: 22227 | I7: 251
A8: 2003-2004 | B8: 5528 | C8: 2933 | D8: 20.2798 | E8: 3904.44 | F8: 5026.1838 | G8: 19.7881 | H8: 24785 | I8: 254
A9: 2004-2005 | B9: 4731 | C9: 3010 | D9: 23.741 | E9: 4771.74 | F9: 5187.1565 | G9: 20.5026 | H9: 21849 | I9: 253
A10: 2005-2006 | B10: 4781 | C10: 3099 | D10: 26.4007 | E10: 6644.56 | F10: 8160.847 | G10: 32.5133 | H10: 30912 | I10: 251
A11: 2006-2007 | B11: 4821 | C11: 3156 | D11: 34.6222 | E11: 5607.8 | F11: 9561.8911 | G11: 38.4012 | H11: 27618 | I11: 249
A12: 2007-2008 | B12: 4887 | C12: 3280 | D12: 53.034 | E12: 9860.05 | F12: 15788.554 | G12: 62.9026 | H12: 29771 | I12: 251
A13: 2008-2009 | B13: 4929 | C13: 3312 | D13: 54.0798 | E13: 7396 | F13: 11000.738 | G13: 45.2705 | H13: 20342 | I13: 243
A14: 2009-2010 | B14: 4975 | C14: 3504 | D14: 60.5588 | E14: 11365.1 | F14: 13788.093 | G14: 56.5086 | H14: 22769 | I14: 244
... A30: 2025-2026 | B30: 6239 | C30: 8288 | D30: 86.042 | E30: 21682.91 | F30: 19636.472 | G30: 79.4999 | H30: 22822 | I30: 247
A31: 2026-2027 | C31: 7663 | D31: 42.0773 | E31: 7753.49 | F31: 11094.718 | G31: 101.7864 | H31: 26368 | I31: 109

Sheet Monthly BSE Equity Cash
A1: Month | B1: Fiscal Year | C1: Qrtr - Year | D1: No. of Securities Traded | E1: No. of Trades (Crs) | F1: Shares Traded (Crs) | G1: Turnover (INR Bn) | H1: Average Turnover (INR Bn) | I1: Average Trade Size (INR) | J1: No. of Trading Days
A2: 35735 | B2: 1997-1998 | C2: Q3FY98 | D2: 3210 | E2: 0.1082 | F2: 47.92 | G2: 118.8862 | H2: 7.9257 | I2: 109846 | J2: 15
A3: 35765 | B3: 1997-1998 | C3: Q3FY98 | D3: 3187 | E3: 0.1738 | F3: 73.21 | G3: 180.7392 | H3: 8.2154 | I3: 103982 | J3: 22
A4: 35796 | B4: 1997-1998 | C4: Q4FY98 | D4: 3263 | E4: 0.1821 | F4: 77.42 | G4: 173.5888 | H4: 8.6794 | I4: 95323 | J4: 20
A5: 35827 | B5: 1997-1998 | C5: Q4FY98 | D5: 3093 | E5: 0.1581 | F5: 60.92 | G5: 164.0306 | H5: 8.6332 | I5: 103740 | J5: 19
A6: 35855 | B6: 1997-1998 | C6: Q4FY98 | D6: 3144 | E6: 0.2616 | F6: 111.85 | G6: 231.7468 | H6: 11.0356 | I6: 88593 | J6: 21
A7: 35886 | B7: 1998-1999 | C7: Q1FY99 | D7: 3306 | E7: 0.3249 | F7: 134.04 | G7: 265.5279 | H7: 13.9752 | I7: 81719 | J7: 19
A8: 35916 | B8: 1998-1999 | C8: Q1FY99 | D8: 2965 | E8: 0.0652 | F8: 23.83 | G8: 56.179 | H8: 11.2358 | I8: 86200 | J8: 5
A9: 35947 | B9: 1998-1999 | C9: Q1FY99 | D9: 2748 | E9: 0.1656 | F9: 66.08 | G9: 130.9412 | H9: 8.1838 | I9: 79080 | J9: 16
A10: 35977 | B10: 1998-1999 | C10: Q2FY99 | D10: 2714 | E10: 0.2478 | F10: 82.34 | G10: 212.3811 | H10: 9.234 | I10: 85692 | J10: 23
A11: 36008 | B11: 1998-1999 | C11: Q2FY99 | D11: 2592 | E11: 0.2144 | F11: 70.54 | G11: 182.117 | H11: 9.1059 | I11: 84956 | J11: 20
A12: 36039 | B12: 1998-1999 | C12: Q2FY99 | D12: 2713 | E12: 0.2944 | F12: 108.25 | G12: 276.4671 | H12: 12.5667 | I12: 93919 | J12: 22
A13: 36069 | B13: 1998-1999 | C13: Q3FY99 | D13: 2497 | E13: 0.2235 | F13: 83.63 | G13: 223.6513 | H13: 12.4251 | I13: 100063 | J13: 18
... A348: 46266 | B348: 2026-2027 | C348: Q2FY27 | D348: 5924 | E348: 2.0496 | F348: 442.3 | G348: 627.3172 | H348: 125.4634 | I348: 30607 | J348: 5

Sheet Daily BSE Equity Cash
A1: Trade Date | B1: Trade Day | C1: Trade Month - Year | D1: Qrtr - Year | E1: No. of Companies Traded | F1: No. of Trades (Crs) | G1: No. of Shares Traded (Crs) | H1: Turnover (INR Bn) | I1: India VIX Open | J1: India VIX High | K1: India VIX Low | L1: India VIX Close | M1: India VIX Chg %
A2: 43922 | B2: Wednesday | C2: 43922 | D2: Q1FY21 | E2: 2556 | F2: 0.1546 | G2: 14.2093 | H2: 18.8494 | I2: 64.4075 | J2: 64.4075 | K2: 59.78 | L2: 60.0525 | M2: -0.0676
A3: 43924 | B3: Friday | C3: 43922 | D3: Q1FY21 | E3: 2655 | F3: 0.1763 | G3: 15.1094 | H3: 21.8876 | I3: 60.0525 | J3: 60.59 | K3: 54.9 | L3: 55.3025 | M3: -0.0791
A4: 43928 | B4: Tuesday | C4: 43922 | D4: Q1FY21 | E4: 2831 | F4: 0.1989 | G4: 15.2071 | H4: 23.503 | I4: 55.3025 | J4: 55.3025 | K4: 49.9425 | L4: 51.8 | M4: -0.0633
A5: 43929 | B5: Wednesday | C5: 43922 | D5: Q1FY21 | E5: 2749 | F5: 0.2637 | G5: 16.8528 | H5: 25.6514 | I5: 51.8 | J5: 53.7325 | K5: 46.975 | L5: 52.2425 | M5: 0.0085
A6: 43930 | B6: Thursday | C6: 43922 | D6: Q1FY21 | E6: 2821 | F6: 0.2027 | G6: 22.9422 | H6: 26.2093 | I6: 52.2425 | J6: 52.2425 | K6: 46.9025 | L6: 49.745 | M6: -0.0478
A7: 43934 | B7: Monday | C7: 43922 | D7: Q1FY21 | E7: 2839 | F7: 0.2044 | G7: 24.7883 | H7: 22.5763 | I7: 49.745 | J7: 52.4925 | K7: 43.635 | L7: 51.4575 | M7: 0.0344
A8: 43936 | B8: Wednesday | C8: 43922 | D8: Q1FY21 | E8: 2850 | F8: 0.2315 | G8: 26.8221 | H8: 40.7167 | I8: 51.4575 | J8: 51.4575 | K8: 44.6475 | L8: 49.735 | M8: -0.0335
A9: 43937 | B9: Thursday | C9: 43922 | D9: Q1FY21 | E9: 2762 | F9: 0.1926 | G9: 18.8464 | H9: 21.9187 | I9: 49.735 | J9: 49.735 | K9: 42.255 | L9: 46.095 | M9: -0.0732
A10: 43938 | B10: Friday | C10: 43922 | D10: Q1FY21 | E10: 2847 | F10: 0.2246 | G10: 24.1907 | H10: 28.1229 | I10: 46.095 | J10: 46.095 | K10: 40.305 | L10: 42.5925 | M10: -0.076
A11: 43941 | B11: Monday | C11: 43922 | D11: Q1FY21 | E11: 2926 | F11: 0.21 | G11: 24.4017 | H11: 23.3941 | I11: 42.5925 | J11: 44.0375 | K11: 40.295 | L11: 43.455 | M11: 0.0203
A12: 43942 | B12: Tuesday | C12: 43922 | D12: Q1FY21 | E12: 2779 | F12: 0.1915 | G12: 26.8339 | H12: 21.9262 | I12: 43.455 | J12: 45.9625 | K12: 36.215 | L12: 45.1975 | M12: 0.0401
A13: 43943 | B13: Wednesday | C13: 43922 | D13: Q1FY21 | E13: 2780 | F13: 0.1802 | G13: 22.7124 | H13: 26.9285 | I13: 45.1975 | J13: 45.425 | K13: 40.465 | L13: 42.8225 | M13: -0.0525
... A218: 44238 | B218: Thursday | C218: 44228 | D218: Q4FY21 | E218: 3417 | F218: 0.2373 | G218: 48.8762 | H218: 46.3099 | I218: 23.9525 | J218: 24.2225 | K218: 21.0175 | L218: 23.045 | M218: -0.0379
A219: 44239 | B219: Friday | C219: 44228 | D219: Q4FY21 | E219: 3424 | F219: 0.226 | G219: 44.108 | H219: 48.8138 | I219: 0 | J219: 0 | K219: 0 | L219: 23.045
A220: 44242 | B220: Monday | C220: 44228 | D220: Q4FY21 | E220: 3500 | F220: 0.2299 | G220: 39.1306 | H220: 44.4506 | I220: 22.0425 | J220: 22.39 | K220: 20.8225 | L220: 21.475 | M220: -0.0257
A221: 44243 | B221: Tuesday | C221: 44228 | D221: Q4FY21 | E221: 3447 | F221: 0.2226 | G221: 43.3812 | H221: 49.3274 | I221: 21.475 | J221: 22.115 | K221: 20.535 | L221: 21.78 | M221: 0.0142
A222: 44244 | B222: Wednesday | C222: 44228 | D222: Q4FY21 | E222: 3409 | F222: 0.2313 | G222: 48.2686 | H222: 47.7476 | I222: 21.78 | J222: 21.88 | K222: 21.0975 | L222: 21.505 | M222: -0.0126
A223: 44245 | B223: Thursday | C223: 44228 | D223: Q4FY21 | E223: 3417 | F223: 0.2469 | G223: 57.0128 | H223: 47.1736 | I223: 21.505 | J223: 22.085 | K223: 19.9625 | L223: 21.5425 | M223: 0.0017
A224: 44246 | B224: Friday | C224: 44228 | D224: Q4FY21 | E224: 3412 | F224: 0.2786 | G224: 63.9807 | H224: 56.7156 | I224: 21.5425 | J224: 22.8675 | K224: 19.345 | L224: 22.25 | M224: 0.0328
A225: 44249 | B225: Monday | C225: 44228 | D225: Q4FY21 | E225: 3467 | F225: 0.2569 | G225: 53.4375 | H225: 47.2906 | I225: 22.25 | J225: 25.82 | K225: 20.0225 | L225: 25.47 | M225: 0.1447
A226: 44250 | B226: Tuesday | C226: 44228 | D226: Q4FY21 | E226: 3377 | F226: 0.2303 | G226: 49.6278 | H226: 45.2058 | I226: 25.47 | J226: 25.6425 | K226: 23.8575 | L226: 25.2275 | M226: -0.0095
A227: 44251 | B227: Wednesday | C227: 44228 | D227: Q4FY21 | E227: 3400 | F227: 0.3928 | G227: 70.6335 | H227: 406.9808 | I227: 25.2275 | J227: 25.2275 | K227: 23.4825 | L227: 24.1675 | M227: -0.042
A228: 44252 | B228: Thursday | C228: 44228 | D228: Q4FY21 | E228: 3409 | F228: 0.2903 | G228: 57.0407 | H228: 74.7959 | I228: 24.1675 | J228: 24.1675 | K228: 22.6275 | L228: 22.8925 | M228: -0.0528
A229: 44253 | B229: Friday | C229: 44228 | D229: Q4FY21 | E229: 3389 | F229: 0.3318 | G229: 59.8596 | H229: 64.0885 | I229: 22.8925 | J229: 29.645 | K229: 22.8925 | L229: 28.1425 | M229: 0.2293
A230: 44256 | B230: Monday | C230: 44256 | D230: Q4FY21 | E230: 3555 | F230: 0.2816 | G230: 53.6444 | H230: 51.0827 | I230: 28.1425 | J230: 28.1425 | K230: 24.95 | L230: 25.625 | M230: -0.0895
A231: 44257 | B231: Tuesday | C231: 44256 | D231: Q4FY21 | E231: 3472 | F231: 0.2887 | G231: 60.3366 | H231: 53.6201 | I231: 25.625 | J231: 25.625 | K231: 23.21 | L231: 23.605 | M231: -0.0788
... A248: 44281 | B248: Friday | C248: 44256 | D248: Q4FY21 | E248: 3433 | F248: 0.2094 | G248: 52.611 | H248: 42.2381 | I248: 22.6975 | J248: 22.9175 | K248: 18.225 | L248: 20.65 | M248: -0.0902
A249: 44285 | B249: Tuesday | C249: 44256 | D249: Q4FY21 | E249: 3466 | F249: 0.2357 | G249: 33.0069 | H249: 37.8143 | I249: 0 | J249: 0 | K249: 0 | L249: 20.65
A250: 44286 | B250: Wednesday | C250: 44256 | D250: Q4FY21 | E250: 3367 | F250: 0.2099 | G250: 38.0737 | H250: 34.11 | I250: 20.485 | J250: 20.83 | K250: 19.995 | L250: 20.645 | M250: 0.0078
A251: 44287 | B251: Thursday | C251: 44287 | D251: Q1FY22 | E251: 3363 | F251: 0.1998 | G251: 36.5349 | H251: 36.4145 | I251: 20.645 | J251: 20.675 | K251: 19.73 | L251: 19.9875 | M251: -0.0318
A252: 44291 | B252: Monday | C252: 44287 | D252: Q1FY22 | E252: 3460 | F252: 0.2224 | G252: 36.1262 | H252: 44.444 | I252: 19.9875 | J252: 23.305 | K252: 19.9875 | L252: 21.215 | M252: 0.0614
A253: 44292 | B253: Tuesday | C253: 44287 | D253: Q1FY22 | E253: 3363 | F253: 0.208 | G253: 40.3265 | H253: 38.2058 | I253: 21.215 | J253: 22.24 | K253: 19.805 | L253: 20.84 | M253: -0.0177
A254: 44293 | B254: Wednesday | C254: 44287 | D254: Q1FY22 | E254: 3444 | F254: 0.217 | G254: 29.9203 | H254: 42.606 | I254: 20.84 | J254: 21.2975 | K254: 19.43 | L254: 20.2475 | M254: -0.0284
A255: 44294 | B255: Thursday | C255: 44287 | D255: Q1FY22 | E255: 3386 | F255: 0.2244 | G255: 39.3451 | H255: 64.308 | I255: 20.2475 | J255: 20.585 | K255: 19.17 | L255: 20.3125 | M255: 0.0032
A256: 44295 | B256: Friday | C256: 44287 | D256: Q1FY22 | E256: 3389 | F256: 0.2133 | G256: 33.8127 | H256: 40.1962 | I256: 20.3125 | J256: 20.9675 | K256: 19.6825 | L256: 19.785 | M256: -0.026
A257: 44298 | B257: Monday | C257: 44287 | D257: Q1FY22 | E257: 3464 | F257: 0.3479 | G257: 51.6832 | H257: 57.8015 | I257: 19.785 | J257: 23.3025 | K257: 19.785 | L257: 22.995 | M257: 0.1622
A258: 44299 | B258: Tuesday | C258: 44287 | D258: Q1FY22 | E258: 3330 | F258: 0.2001 | G258: 31.5524 | H258: 39.9306 | I258: 22.995 | J258: 22.995 | K258: 20.2975 | L258: 20.46 | M258: -0.1102
A259: 44301 | B259: Thursday | C259: 44287 | D259: Q1FY22 | E259: 3340 | F259: 0.1887 | G259: 29.3806 | H259: 43.5331 | I259: 20.46 | J259: 21.545 | K259: 18.245 | L259: 20.89 | M259: 0.021
A260: 44302 | B260: Friday | C260: 44287 | D260: Q1FY22 | E260: 3338 | F260: 0.1848 | G260: 26.458 | H260: 38.8347 | I260: 20.89 | J260: 21.09 | K260: 19.4825 | L260: 20.4025 | M260: -0.0233
A261: 44305 | B261: Monday | C261: 44287 | D261: Q1FY22 | E261: 3453 | F261: 0.2255 | G261: 29.08 | H261: 39.0945 | I261: 20.4025 | J261: 23.1075 | K261: 19.8075 | L261: 22.485 | M261: 0.1021
... A975: 45352 | B975: Friday | C975: 45352 | D975: Q4FY24 | E975: 4283 | F975: 0.3884 | G975: 83.5366 | H975: 81.2073 | I975: 15.5725 | J975: 15.6425 | K975: 15 | L975: 15.235 | M975: -0.0217
A976: 45353 | B976: Saturday | C976: 45352 | D976: Q4FY24 | E976: 3689 | F976: 0.0983 | G976: 19.809 | H976: 10.7884
A977: 45355 | B977: Monday | C977: 45352 | D977: Q4FY24 | E977: 4398 | F977: 0.3604 | G977: 67.6736 | H977: 72.4731 | I977: 14.9925 | J977: 15.3025 | K977: 14.8225 | L977: 14.9225 | M977: -0.0047
A978: 45356 | B978: Tuesday | C978: 45352 | D978: Q4FY24 | E978: 4259 | F978: 0.3877 | G978: 72.2396 | H978: 85.5249 | I978: 14.9225 | J978: 15.165 | K978: 14.1775 | L978: 14.38 | M978: -0.0364
A979: 45357 | B979: Wednesday | C979: 45352 | D979: Q4FY24 | E979: 4283 | F979: 0.4524 | G979: 98.1885 | H979: 110.6763 | I979: 14.38 | J979: 14.71 | K979: 13.905 | L979: 14.295 | M979: -0.0059
A980: 45358 | B980: Thursday | C980: 45352 | D980: Q4FY24 | E980: 4279 | F980: 0.3676 | G980: 80.1259 | H980: 70.532 | I980: 14.295 | J980: 14.4325 | K980: 13.56 | L980: 13.6125 | M980: -0.0477
A981: 45362 | B981: Monday | C981: 45352 | D981: Q4FY24 | E981: 4470 | F981: 0.4039 | G981: 88.4575 | H981: 134.5143 | I981: 13.6125 | J981: 14.5525 | K981: 13.6125 | L981: 13.995 | M981: 0.0281
A982: 45363 | B982: Tuesday | C982: 45352 | D982: Q4FY24 | E982: 4367 | F982: 0.4521 | G982: 78.8017 | H982: 69.9463 | I982: 13.995 | J982: 14.195 | K982: 13.5775 | L982: 13.6375 | M982: -0.0255
A983: 45364 | B983: Wednesday | C983: 45352 | D983: Q4FY24 | E983: 4319 | F983: 0.6229 | G983: 137.3492 | H983: 265.9011 | I983: 13.6375 | J983: 15.005 | K983: 13.5325 | L983: 14.4325 | M983: 0.0583
A984: 45365 | B984: Thursday | C984: 45352 | D984: Q4FY24 | E984: 4312 | F984: 0.4858 | G984: 105.2907 | H984: 78.3209 | I984: 14.4325 | J984: 14.6825 | K984: 13.5225 | L984: 13.6225 | M984: -0.0561
A985: 45366 | B985: Friday | C985: 45352 | D985: Q4FY24 | E985: 4269 | F985: 0.4369 | G985: 80.4836 | H985: 77.5597 | I985: 13.6225 | J985: 14.3325 | K985: 13.59 | L985: 13.69 | M985: 0.005
A986: 45369 | B986: Monday | C986: 45352 | D986: Q4FY24 | E986: 4386 | F986: 0.3295 | G986: 58.9269 | H986: 51.3267 | I986: 13.69 | J986: 14.615 | K986: 13.69 | L986: 13.895 | M986: 0.015
A987: 45370 | B987: Tuesday | C987: 45352 | D987: Q4FY24 | E987: 4251 | F987: 0.309 | G987: 61.509 | H987: 159.0941 | I987: 13.895 | J987: 14.445 | K987: 13.875 | L987: 14.1125 | M987: 0.0157
A988: 45371 | B988: Wednesday | C988: 45352 | D988: Q4FY24 | E988: 4206 | F988: 0.3177 | G988: 75.7086 | H988: 54.4938 | I988: 14.1125 | J988: 14.2825 | K988: 13.085 | L988: 13.4725 | M988: -0.0453
... A1598: 46272 | B1598: Monday | C1598: 46266 | D1598: Q2FY27 | E1598: 5183 | F1598: 0.43 | G1598: 80.0662 | H1598: 86.9671 | I1598: 10.68 | J1598: 11.3475 | K1598: 10.275 | L1598: 11.16 | M1598: 0.0449
