Workbook

Sheet Quality Check
A1: Exchange | B1: Sheet | C1: Data From | D1: Data To | E1: Data Rows | F1: Index Futures Turnover Total (INR Bn) | G1: Index Futures Contracts Total | H1: Stock/Equity Futures Turnover Total (INR Bn) | I1: Stock/Equity Futures Contracts Total | J1: Total Futures Turnover Total (INR Bn) | K1: Total Futures Contracts Total
A2: NSE | B2: Year NSE Equity Futures | C2: ='Year NSE Equity Futures'!A2 | D2: =LOOKUP(2,1/('Year NSE Equity Futures'!$A$2:$A$100000<>""),'Year NSE Equity Futures'!$A$2:$A$100000) | E2: =COUNTA('Year NSE Equity Futures'!$A:$A)-1 | F2: =SUM('Year NSE Equity Futures'!$B:$B) | G2: =SUM('Year NSE Equity Futures'!$C:$C) | H2: =SUM('Year NSE Equity Futures'!$D:$D) | I2: =SUM('Year NSE Equity Futures'!$E:$E) | J2: =SUM('Year NSE Equity Futures'!$F:$F) | K2: =SUM('Year NSE Equity Futures'!$G:$G)
A3: NSE | B3: Monthly NSE Equity Futures | C3: ='Monthly NSE Equity Futures'!A2 | D3: =LOOKUP(2,1/('Monthly NSE Equity Futures'!$A$2:$A$100000<>""),'Monthly NSE Equity Futures'!$A$2:$A$100000) | E3: =COUNTA('Monthly NSE Equity Futures'!$A:$A)-1 | F3: =SUM('Monthly NSE Equity Futures'!$D:$D) | G3: =SUM('Monthly NSE Equity Futures'!$E:$E) | H3: =SUM('Monthly NSE Equity Futures'!$F:$F) | I3: =SUM('Monthly NSE Equity Futures'!$G:$G) | J3: =SUM('Monthly NSE Equity Futures'!$H:$H) | K3: =SUM('Monthly NSE Equity Futures'!$I:$I)
A4: NSE | B4: Daily NSE Equity Futures | C4: ='Daily NSE Equity Futures'!A2 | D4: =LOOKUP(2,1/('Daily NSE Equity Futures'!$A$2:$A$100000<>""),'Daily NSE Equity Futures'!$A$2:$A$100000) | E4: =COUNTA('Daily NSE Equity Futures'!$A:$A)-1 | F4: =SUM('Daily NSE Equity Futures'!$E:$E) | G4: =SUM('Daily NSE Equity Futures'!$F:$F) | H4: =SUM('Daily NSE Equity Futures'!$G:$G) | I4: =SUM('Daily NSE Equity Futures'!$H:$H) | J4: =SUM('Daily NSE Equity Futures'!$I:$I) | K4: =SUM('Daily NSE Equity Futures'!$J:$J)
A5: BSE | B5: Year BSE Equity Futures | C5: ='Year BSE Equity Futures'!A2 | D5: =LOOKUP(2,1/('Year BSE Equity Futures'!$A$2:$A$100000<>""),'Year BSE Equity Futures'!$A$2:$A$100000) | E5: =COUNTA('Year BSE Equity Futures'!$A:$A)-1 | F5: =SUM('Year BSE Equity Futures'!$B:$B) | G5: =SUM('Year BSE Equity Futures'!$C:$C) | H5: =SUM('Year BSE Equity Futures'!$D:$D) | I5: =SUM('Year BSE Equity Futures'!$E:$E) | J5: =SUM('Year BSE Equity Futures'!$F:$F) | K5: =SUM('Year BSE Equity Futures'!$G:$G)
A6: BSE | B6: Monthly BSE Equity Futures | C6: ='Monthly BSE Equity Futures'!A2 | D6: =LOOKUP(2,1/('Monthly BSE Equity Futures'!$A$2:$A$100000<>""),'Monthly BSE Equity Futures'!$A$2:$A$100000) | E6: =COUNTA('Monthly BSE Equity Futures'!$A:$A)-1 | F6: =SUM('Monthly BSE Equity Futures'!$D:$D) | G6: =SUM('Monthly BSE Equity Futures'!$E:$E) | H6: =SUM('Monthly BSE Equity Futures'!$F:$F) | I6: =SUM('Monthly BSE Equity Futures'!$G:$G) | J6: =SUM('Monthly BSE Equity Futures'!$H:$H) | K6: =SUM('Monthly BSE Equity Futures'!$I:$I)
A7: BSE | B7: Daily BSE Equity Futures | C7: ='Daily BSE Equity Futures'!A2 | D7: =LOOKUP(2,1/('Daily BSE Equity Futures'!$A$2:$A$100000<>""),'Daily BSE Equity Futures'!$A$2:$A$100000) | E7: =COUNTA('Daily BSE Equity Futures'!$A:$A)-1 | F7: =SUM('Daily BSE Equity Futures'!$E:$E) | G7: =SUM('Daily BSE Equity Futures'!$F:$F) | H7: =SUM('Daily BSE Equity Futures'!$G:$G) | I7: =SUM('Daily BSE Equity Futures'!$H:$H) | J7: =SUM('Daily BSE Equity Futures'!$I:$I) | K7: =SUM('Daily BSE Equity Futures'!$J:$J)
A9: NSE & BSE daily end dates aligned? | C9: =IF($D$4=$D$7,"YES","NO")
A11: Reconciliation | B11: Aggregate | C11: Component Sum | D11: Difference | E11: Status | F11: Remarks
A12: NSE: Yearly vs Monthly (from first yearly FY) - Index Futures Turnover | B12: =SUM('Year NSE Equity Futures'!$B:$B) | C12: =SUMIFS('Monthly NSE Equity Futures'!$D:$D,'Monthly NSE Equity Futures'!$A:$A,">="&DATE(LEFT('Year NSE Equity Futures'!$A$2,4)+0,4,1)) | D12: =B12-C12 | E12: =IF(ABS(D12)<=0.02,"OK","CHECK") | F12: tolerance 0.02 INR Bn (source rounding)
A13: NSE: Monthly vs Daily (from daily start) - Index Futures Turnover | B13: =SUMIFS('Monthly NSE Equity Futures'!$D:$D,'Monthly NSE Equity Futures'!$A:$A,">="&DATE(YEAR($C$4),MONTH($C$4),1)) | C13: =SUM('Daily NSE Equity Futures'!$E:$E) | D13: =B13-C13 | E13: =IF(ABS(D13)<=0.02,"OK","CHECK") | F13: tolerance 0.02 INR Bn (source rounding)
A14: BSE: Yearly vs Monthly (full history) - Index Futures Turnover | B14: =SUM('Year BSE Equity Futures'!$B:$B) | C14: =SUM('Monthly BSE Equity Futures'!$D:$D) | D14: =B14-C14 | E14: =IF(ABS(D14)<=0.02,"OK","CHECK") | F14: tolerance 0.02 INR Bn (source rounding)
A15: BSE: Monthly vs Daily (from daily start) - Index Futures Turnover | B15: =SUMIFS('Monthly BSE Equity Futures'!$D:$D,'Monthly BSE Equity Futures'!$A:$A,">="&DATE(YEAR($C$7),MONTH($C$7),1)) | C15: =SUM('Daily BSE Equity Futures'!$E:$E) | D15: =B15-C15 | E15: =IF(ABS(D15)<=0.02,"OK","CHECK") | F15: tolerance 0.02 INR Bn (source rounding)
A16: NSE: Yearly vs Monthly (from first yearly FY) - Index Futures Contracts | B16: =SUM('Year NSE Equity Futures'!$C:$C) | C16: =SUMIFS('Monthly NSE Equity Futures'!$E:$E,'Monthly NSE Equity Futures'!$A:$A,">="&DATE(LEFT('Year NSE Equity Futures'!$A$2,4)+0,4,1)) | D16: =B16-C16 | E16: =IF(ABS(D16)<=0,"OK","CHECK") | F16: counts must match exactly
A17: NSE: Monthly vs Daily (from daily start) - Index Futures Contracts | B17: =SUMIFS('Monthly NSE Equity Futures'!$E:$E,'Monthly NSE Equity Futures'!$A:$A,">="&DATE(YEAR($C$4),MONTH($C$4),1)) | C17: =SUM('Daily NSE Equity Futures'!$F:$F) | D17: =B17-C17 | E17: =IF(ABS(D17)<=0,"OK","CHECK") | F17: counts must match exactly
A18: BSE: Yearly vs Monthly (full history) - Index Futures Contracts | B18: =SUM('Year BSE Equity Futures'!$C:$C) | C18: =SUM('Monthly BSE Equity Futures'!$E:$E) | D18: =B18-C18 | E18: =IF(ABS(D18)<=0,"OK","CHECK") | F18: counts must match exactly
A19: BSE: Monthly vs Daily (from daily start) - Index Futures Contracts | B19: =SUMIFS('Monthly BSE Equity Futures'!$E:$E,'Monthly BSE Equity Futures'!$A:$A,">="&DATE(YEAR($C$7),MONTH($C$7),1)) | C19: =SUM('Daily BSE Equity Futures'!$F:$F) | D19: =B19-C19 | E19: =IF(ABS(D19)<=0,"OK","CHECK") | F19: counts must match exactly
A20: NSE: Yearly vs Monthly (from first yearly FY) - Stock/Equity Futures Turnover | B20: =SUM('Year NSE Equity Futures'!$D:$D) | C20: =SUMIFS('Monthly NSE Equity Futures'!$F:$F,'Monthly NSE Equity Futures'!$A:$A,">="&DATE(LEFT('Year NSE Equity Futures'!$A$2,4)+0,4,1)) | D20: =B20-C20 | E20: =IF(ABS(D20)<=0.02,"OK","CHECK") | F20: tolerance 0.02 INR Bn (source rounding)
A21: NSE: Monthly vs Daily (from daily start) - Stock/Equity Futures Turnover | B21: =SUMIFS('Monthly NSE Equity Futures'!$F:$F,'Monthly NSE Equity Futures'!$A:$A,">="&DATE(YEAR($C$4),MONTH($C$4),1)) | C21: =SUM('Daily NSE Equity Futures'!$G:$G) | D21: =B21-C21 | E21: =IF(ABS(D21)<=0.02,"OK","CHECK") | F21: tolerance 0.02 INR Bn (source rounding)
A22: BSE: Yearly vs Monthly (full history) - Stock/Equity Futures Turnover | B22: =SUM('Year BSE Equity Futures'!$D:$D) | C22: =SUM('Monthly BSE Equity Futures'!$F:$F) | D22: =B22-C22 | E22: =IF(ABS(D22)<=0.02,"OK","CHECK") | F22: tolerance 0.02 INR Bn (source rounding)
A23: BSE: Monthly vs Daily (from daily start) - Stock/Equity Futures Turnover | B23: =SUMIFS('Monthly BSE Equity Futures'!$F:$F,'Monthly BSE Equity Futures'!$A:$A,">="&DATE(YEAR($C$7),MONTH($C$7),1)) | C23: =SUM('Daily BSE Equity Futures'!$G:$G) | D23: =B23-C23 | E23: =IF(ABS(D23)<=0.02,"OK","CHECK") | F23: tolerance 0.02 INR Bn (source rounding)
A24: NSE: Yearly vs Monthly (from first yearly FY) - Stock/Equity Futures Contracts | B24: =SUM('Year NSE Equity Futures'!$E:$E) | C24: =SUMIFS('Monthly NSE Equity Futures'!$G:$G,'Monthly NSE Equity Futures'!$A:$A,">="&DATE(LEFT('Year NSE Equity Futures'!$A$2,4)+0,4,1)) | D24: =B24-C24 | E24: =IF(ABS(D24)<=0,"OK","CHECK") | F24: counts must match exactly
A25: NSE: Monthly vs Daily (from daily start) - Stock/Equity Futures Contracts | B25: =SUMIFS('Monthly NSE Equity Futures'!$G:$G,'Monthly NSE Equity Futures'!$A:$A,">="&DATE(YEAR($C$4),MONTH($C$4),1)) | C25: =SUM('Daily NSE Equity Futures'!$H:$H) | D25: =B25-C25 | E25: =IF(ABS(D25)<=0,"OK","CHECK") | F25: counts must match exactly
A26: BSE: Yearly vs Monthly (full history) - Stock/Equity Futures Contracts | B26: =SUM('Year BSE Equity Futures'!$E:$E) | C26: =SUM('Monthly BSE Equity Futures'!$G:$G) | D26: =B26-C26 | E26: =IF(ABS(D26)<=0,"OK","CHECK") | F26: counts must match exactly
A27: BSE: Monthly vs Daily (from daily start) - Stock/Equity Futures Contracts | B27: =SUMIFS('Monthly BSE Equity Futures'!$G:$G,'Monthly BSE Equity Futures'!$A:$A,">="&DATE(YEAR($C$7),MONTH($C$7),1)) | C27: =SUM('Daily BSE Equity Futures'!$H:$H) | D27: =B27-C27 | E27: =IF(ABS(D27)<=0,"OK","CHECK") | F27: counts must match exactly
A28: NSE: Yearly vs Monthly (from first yearly FY) - Total Futures Turnover | B28: =SUM('Year NSE Equity Futures'!$F:$F) | C28: =SUMIFS('Monthly NSE Equity Futures'!$H:$H,'Monthly NSE Equity Futures'!$A:$A,">="&DATE(LEFT('Year NSE Equity Futures'!$A$2,4)+0,4,1)) | D28: =B28-C28 | E28: =IF(ABS(D28)<=0.04,"OK","CHECK") | F28: tolerance 0.04 INR Bn (source rounding)
A29: NSE: Monthly vs Daily (from daily start) - Total Futures Turnover | B29: =SUMIFS('Monthly NSE Equity Futures'!$H:$H,'Monthly NSE Equity Futures'!$A:$A,">="&DATE(YEAR($C$4),MONTH($C$4),1)) | C29: =SUM('Daily NSE Equity Futures'!$I:$I) | D29: =B29-C29 | E29: =IF(ABS(D29)<=0.04,"OK","CHECK") | F29: tolerance 0.04 INR Bn (source rounding)
A30: BSE: Yearly vs Monthly (full history) - Total Futures Turnover | B30: =SUM('Year BSE Equity Futures'!$F:$F) | C30: =SUM('Monthly BSE Equity Futures'!$H:$H) | D30: =B30-C30 | E30: =IF(ABS(D30)<=0.04,"OK","CHECK") | F30: tolerance 0.04 INR Bn (source rounding)
A31: BSE: Monthly vs Daily (from daily start) - Total Futures Turnover | B31: =SUMIFS('Monthly BSE Equity Futures'!$H:$H,'Monthly BSE Equity Futures'!$A:$A,">="&DATE(YEAR($C$7),MONTH($C$7),1)) | C31: =SUM('Daily BSE Equity Futures'!$I:$I) | D31: =B31-C31 | E31: =IF(ABS(D31)<=0.04,"OK","CHECK") | F31: tolerance 0.04 INR Bn (source rounding)
A32: NSE: Yearly vs Monthly (from first yearly FY) - Total Futures Contracts | B32: =SUM('Year NSE Equity Futures'!$G:$G) | C32: =SUMIFS('Monthly NSE Equity Futures'!$I:$I,'Monthly NSE Equity Futures'!$A:$A,">="&DATE(LEFT('Year NSE Equity Futures'!$A$2,4)+0,4,1)) | D32: =B32-C32 | E32: =IF(ABS(D32)<=0,"OK","CHECK") | F32: counts must match exactly
A33: NSE: Monthly vs Daily (from daily start) - Total Futures Contracts | B33: =SUMIFS('Monthly NSE Equity Futures'!$I:$I,'Monthly NSE Equity Futures'!$A:$A,">="&DATE(YEAR($C$4),MONTH($C$4),1)) | C33: =SUM('Daily NSE Equity Futures'!$J:$J) | D33: =B33-C33 | E33: =IF(ABS(D33)<=0,"OK","CHECK") | F33: counts must match exactly
A34: BSE: Yearly vs Monthly (full history) - Total Futures Contracts | B34: =SUM('Year BSE Equity Futures'!$G:$G) | C34: =SUM('Monthly BSE Equity Futures'!$I:$I) | D34: =B34-C34 | E34: =IF(ABS(D34)<=0,"OK","CHECK") | F34: counts must match exactly
A35: BSE: Monthly vs Daily (from daily start) - Total Futures Contracts | B35: =SUMIFS('Monthly BSE Equity Futures'!$I:$I,'Monthly BSE Equity Futures'!$A:$A,">="&DATE(YEAR($C$7),MONTH($C$7),1)) | C35: =SUM('Daily BSE Equity Futures'!$J:$J) | D35: =B35-C35 | E35: =IF(ABS(D35)<=0,"OK","CHECK") | F35: counts must match exactly
A37: Notes
A38: Futures only (Index Futures and Stock/Equity Futures); options are excluded. Total Futures = Index + Stock/Equity per metric. Futures turnover is notional - there is no premium leg. All monetary figures in INR Bn (= published INR Crs / 100); No. of Contracts are raw counts (BSE equity futures trade only a handful of contracts a day).
A39: Market Share sheets: values are live SUMIFS on the data sheets at the Total Futures level; one-sided periods (e.g. BSE-only history before Apr-2009, zero-activity BSE days) show the available exchange but a BLANK total/share - never a fake 100%. Growth columns are on Turnover; YoY on in-progress periods compares partial vs full prior period.
A40: NSE: single source at three granularities (F&O Business Growth report). Yearly starts FY2015-16, Monthly starts Apr-2009, so Yearly-vs-Monthly reconciles from the first yearly FY and the Year Mkt Share sheet fills NSE from the Monthly sheet (MAX of the two) for FY2009-15; both the in-progress month and fiscal year are published. The feed's Volume (volatility) Futures fields are zero/null over the entire history and are excluded. No. of Trading Days is derived (F&O total turnover / published average, options included) - blank where the published average is internally inconsistent.
A41: BSE: Yearly & Monthly from the Key Statistics - Derivatives Turnover page (history FY2003-04 onward); Daily from the independent Derivatives Archives Day-wise Market Summary page (product types IF / EF), so the BSE reconciliation cross-validates the two sources. BSE publishes trading-day counts directly. Days with zero futures trades have no row in the BSE daily source.
A42: Each Mkt Share sheet also carries a period-to-date Comparison block below the data - Year & Day sheets: current-FY YTD vs the prior FY; Qrtr sheet: running quarter QTD vs the same quarter a year earlier; Mth sheet: running month MTD vs the same month a year earlier - always over the FIRST EQUAL NUMBER of NSE trading days of the prior period (matched window shown in the block, sliding forward with each refresh); live formulas on the daily data sheets, growth on NSE/BSE/Total for Turnover and Contracts.
A43: Colour code: BLUE = Turnover (INR Bn), GREEN = No. of Contracts; grey left borders mark the Index / Stock/Equity / Total group boundaries. On Market Share sheets the share columns show the red-to-green scale instead, and the growth block is blue (turnover-based).

Sheet Year Equity Futures Mkt Share
A1: Fiscal Year | B1: NSE Turnover (INR Bn) | C1: BSE Turnover (INR Bn) | D1: Total Turnover (INR Bn) | E1: NSE Turnover Market Share | F1: BSE Turnover Market Share | G1: NSE Turnover YoY Growth | H1: BSE Turnover YoY Growth | I1: Total Turnover YoY Growth | J1: NSE No. of Contracts | K1: BSE No. of Contracts | L1: Total No. of Contracts | M1: NSE Contracts Market Share | N1: BSE Contracts Market Share
A2: 2003-2004 | B2: =IF(MAX(SUMIFS('Year NSE Equity Futures'!$F:$F,'Year NSE Equity Futures'!$A:$A,$A2),SUMIFS('Monthly NSE Equity Futures'!$H:$H,'Monthly NSE Equity Futures'!$B:$B,$A2))=0,"",MAX(SUMIFS('Year NSE Equity Futures'!$F:$F,'Year NSE Equity Futures'!$A:$A,$A2),SUMIFS('Monthly NSE Equity Futures'!$H:$H,'Monthly NSE Equity Futures'!$B:$B,$A2))) | C2: =IF(SUMIFS('Year BSE Equity Futures'!$F:$F,'Year BSE Equity Futures'!$A:$A,$A2)=0,"",SUMIFS('Year BSE Equity Futures'!$F:$F,'Year BSE Equity Futures'!$A:$A,$A2)) | D2: =IF(OR(B2="",C2=""),"",B2+C2) | E2: =IF(D2="","",B2/D2) | F2: =IF(D2="","",C2/D2) | J2: =IF(MAX(SUMIFS('Year NSE Equity Futures'!$G:$G,'Year NSE Equity Futures'!$A:$A,$A2),SUMIFS('Monthly NSE Equity Futures'!$I:$I,'Monthly NSE Equity Futures'!$B:$B,$A2))=0,"",MAX(SUMIFS('Year NSE Equity Futures'!$G:$G,'Year NSE Equity Futures'!$A:$A,$A2),SUMIFS('Monthly NSE Equity Futures'!$I:$I,'Monthly NSE Equity Futures'!$B:$B,$A2))) | K2: =IF(SUMIFS('Year BSE Equity Futures'!$G:$G,'Year BSE Equity Futures'!$A:$A,$A2)=0,"",SUMIFS('Year BSE Equity Futures'!$G:$G,'Year BSE Equity Futures'!$A:$A,$A2)) | L2: =IF(OR(J2="",K2=""),"",J2+K2) | M2: =IF(L2="","",J2/L2) | N2: =IF(L2="","",K2/L2)
A3: 2004-2005 | B3: =IF(MAX(SUMIFS('Year NSE Equity Futures'!$F:$F,'Year NSE Equity Futures'!$A:$A,$A3),SUMIFS('Monthly NSE Equity Futures'!$H:$H,'Monthly NSE Equity Futures'!$B:$B,$A3))=0,"",MAX(SUMIFS('Year NSE Equity Futures'!$F:$F,'Year NSE Equity Futures'!$A:$A,$A3),SUMIFS('Monthly NSE Equity Futures'!$H:$H,'Monthly NSE Equity Futures'!$B:$B,$A3))) | C3: =IF(SUMIFS('Year BSE Equity Futures'!$F:$F,'Year BSE Equity Futures'!$A:$A,$A3)=0,"",SUMIFS('Year BSE Equity Futures'!$F:$F,'Year BSE Equity Futures'!$A:$A,$A3)) | D3: =IF(OR(B3="",C3=""),"",B3+C3) | E3: =IF(D3="","",B3/D3) | F3: =IF(D3="","",C3/D3) | G3: =IF(OR(B3="",B2=""),"",B3/B2-1) | H3: =IF(OR(C3="",C2=""),"",C3/C2-1) | I3: =IF(OR(D3="",D2=""),"",D3/D2-1) | J3: =IF(MAX(SUMIFS('Year NSE Equity Futures'!$G:$G,'Year NSE Equity Futures'!$A:$A,$A3),SUMIFS('Monthly NSE Equity Futures'!$I:$I,'Monthly NSE Equity Futures'!$B:$B,$A3))=0,"",MAX(SUMIFS('Year NSE Equity Futures'!$G:$G,'Year NSE Equity Futures'!$A:$A,$A3),SUMIFS('Monthly NSE Equity Futures'!$I:$I,'Monthly NSE Equity Futures'!$B:$B,$A3))) | K3: =IF(SUMIFS('Year BSE Equity Futures'!$G:$G,'Year BSE Equity Futures'!$A:$A,$A3)=0,"",SUMIFS('Year BSE Equity Futures'!$G:$G,'Year BSE Equity Futures'!$A:$A,$A3)) | L3: =IF(OR(J3="",K3=""),"",J3+K3) | M3: =IF(L3="","",J3/L3) | N3: =IF(L3="","",K3/L3)
A4: 2005-2006 | B4: =IF(MAX(SUMIFS('Year NSE Equity Futures'!$F:$F,'Year NSE Equity Futures'!$A:$A,$A4),SUMIFS('Monthly NSE Equity Futures'!$H:$H,'Monthly NSE Equity Futures'!$B:$B,$A4))=0,"",MAX(SUMIFS('Year NSE Equity Futures'!$F:$F,'Year NSE Equity Futures'!$A:$A,$A4),SUMIFS('Monthly NSE Equity Futures'!$H:$H,'Monthly NSE Equity Futures'!$B:$B,$A4))) | C4: =IF(SUMIFS('Year BSE Equity Futures'!$F:$F,'Year BSE Equity Futures'!$A:$A,$A4)=0,"",SUMIFS('Year BSE Equity Futures'!$F:$F,'Year BSE Equity Futures'!$A:$A,$A4)) | D4: =IF(OR(B4="",C4=""),"",B4+C4) | E4: =IF(D4="","",B4/D4) | F4: =IF(D4="","",C4/D4) | G4: =IF(OR(B4="",B3=""),"",B4/B3-1) | H4: =IF(OR(C4="",C3=""),"",C4/C3-1) | I4: =IF(OR(D4="",D3=""),"",D4/D3-1) | J4: =IF(MAX(SUMIFS('Year NSE Equity Futures'!$G:$G,'Year NSE Equity Futures'!$A:$A,$A4),SUMIFS('Monthly NSE Equity Futures'!$I:$I,'Monthly NSE Equity Futures'!$B:$B,$A4))=0,"",MAX(SUMIFS('Year NSE Equity Futures'!$G:$G,'Year NSE Equity Futures'!$A:$A,$A4),SUMIFS('Monthly NSE Equity Futures'!$I:$I,'Monthly NSE Equity Futures'!$B:$B,$A4))) | K4: =IF(SUMIFS('Year BSE Equity Futures'!$G:$G,'Year BSE Equity Futures'!$A:$A,$A4)=0,"",SUMIFS('Year BSE Equity Futures'!$G:$G,'Year BSE Equity Futures'!$A:$A,$A4)) | L4: =IF(OR(J4="",K4=""),"",J4+K4) | M4: =IF(L4="","",J4/L4) | N4: =IF(L4="","",K4/L4)
A5: 2006-2007 | B5: =IF(MAX(SUMIFS('Year NSE Equity Futures'!$F:$F,'Year NSE Equity Futures'!$A:$A,$A5),SUMIFS('Monthly NSE Equity Futures'!$H:$H,'Monthly NSE Equity Futures'!$B:$B,$A5))=0,"",MAX(SUMIFS('Year NSE Equity Futures'!$F:$F,'Year NSE Equity Futures'!$A:$A,$A5),SUMIFS('Monthly NSE Equity Futures'!$H:$H,'Monthly NSE Equity Futures'!$B:$B,$A5))) | C5: =IF(SUMIFS('Year BSE Equity Futures'!$F:$F,'Year BSE Equity Futures'!$A:$A,$A5)=0,"",SUMIFS('Year BSE Equity Futures'!$F:$F,'Year BSE Equity Futures'!$A:$A,$A5)) | D5: =IF(OR(B5="",C5=""),"",B5+C5) | E5: =IF(D5="","",B5/D5) | F5: =IF(D5="","",C5/D5) | G5: =IF(OR(B5="",B4=""),"",B5/B4-1) | H5: =IF(OR(C5="",C4=""),"",C5/C4-1) | I5: =IF(OR(D5="",D4=""),"",D5/D4-1) | J5: =IF(MAX(SUMIFS('Year NSE Equity Futures'!$G:$G,'Year NSE Equity Futures'!$A:$A,$A5),SUMIFS('Monthly NSE Equity Futures'!$I:$I,'Monthly NSE Equity Futures'!$B:$B,$A5))=0,"",MAX(SUMIFS('Year NSE Equity Futures'!$G:$G,'Year NSE Equity Futures'!$A:$A,$A5),SUMIFS('Monthly NSE Equity Futures'!$I:$I,'Monthly NSE Equity Futures'!$B:$B,$A5))) | K5: =IF(SUMIFS('Year BSE Equity Futures'!$G:$G,'Year BSE Equity Futures'!$A:$A,$A5)=0,"",SUMIFS('Year BSE Equity Futures'!$G:$G,'Year BSE Equity Futures'!$A:$A,$A5)) | L5: =IF(OR(J5="",K5=""),"",J5+K5) | M5: =IF(L5="","",J5/L5) | N5: =IF(L5="","",K5/L5)
A6: 2007-2008 | B6: =IF(MAX(SUMIFS('Year NSE Equity Futures'!$F:$F,'Year NSE Equity Futures'!$A:$A,$A6),SUMIFS('Monthly NSE Equity Futures'!$H:$H,'Monthly NSE Equity Futures'!$B:$B,$A6))=0,"",MAX(SUMIFS('Year NSE Equity Futures'!$F:$F,'Year NSE Equity Futures'!$A:$A,$A6),SUMIFS('Monthly NSE Equity Futures'!$H:$H,'Monthly NSE Equity Futures'!$B:$B,$A6))) | C6: =IF(SUMIFS('Year BSE Equity Futures'!$F:$F,'Year BSE Equity Futures'!$A:$A,$A6)=0,"",SUMIFS('Year BSE Equity Futures'!$F:$F,'Year BSE Equity Futures'!$A:$A,$A6)) | D6: =IF(OR(B6="",C6=""),"",B6+C6) | E6: =IF(D6="","",B6/D6) | F6: =IF(D6="","",C6/D6) | G6: =IF(OR(B6="",B5=""),"",B6/B5-1) | H6: =IF(OR(C6="",C5=""),"",C6/C5-1) | I6: =IF(OR(D6="",D5=""),"",D6/D5-1) | J6: =IF(MAX(SUMIFS('Year NSE Equity Futures'!$G:$G,'Year NSE Equity Futures'!$A:$A,$A6),SUMIFS('Monthly NSE Equity Futures'!$I:$I,'Monthly NSE Equity Futures'!$B:$B,$A6))=0,"",MAX(SUMIFS('Year NSE Equity Futures'!$G:$G,'Year NSE Equity Futures'!$A:$A,$A6),SUMIFS('Monthly NSE Equity Futures'!$I:$I,'Monthly NSE Equity Futures'!$B:$B,$A6))) | K6: =IF(SUMIFS('Year BSE Equity Futures'!$G:$G,'Year BSE Equity Futures'!$A:$A,$A6)=0,"",SUMIFS('Year BSE Equity Futures'!$G:$G,'Year BSE Equity Futures'!$A:$A,$A6)) | L6: =IF(OR(J6="",K6=""),"",J6+K6) | M6: =IF(L6="","",J6/L6) | N6: =IF(L6="","",K6/L6)
A7: 2008-2009 | B7: =IF(MAX(SUMIFS('Year NSE Equity Futures'!$F:$F,'Year NSE Equity Futures'!$A:$A,$A7),SUMIFS('Monthly NSE Equity Futures'!$H:$H,'Monthly NSE Equity Futures'!$B:$B,$A7))=0,"",MAX(SUMIFS('Year NSE Equity Futures'!$F:$F,'Year NSE Equity Futures'!$A:$A,$A7),SUMIFS('Monthly NSE Equity Futures'!$H:$H,'Monthly NSE Equity Futures'!$B:$B,$A7))) | C7: =IF(SUMIFS('Year BSE Equity Futures'!$F:$F,'Year BSE Equity Futures'!$A:$A,$A7)=0,"",SUMIFS('Year BSE Equity Futures'!$F:$F,'Year BSE Equity Futures'!$A:$A,$A7)) | D7: =IF(OR(B7="",C7=""),"",B7+C7) | E7: =IF(D7="","",B7/D7) | F7: =IF(D7="","",C7/D7) | G7: =IF(OR(B7="",B6=""),"",B7/B6-1) | H7: =IF(OR(C7="",C6=""),"",C7/C6-1) | I7: =IF(OR(D7="",D6=""),"",D7/D6-1) | J7: =IF(MAX(SUMIFS('Year NSE Equity Futures'!$G:$G,'Year NSE Equity Futures'!$A:$A,$A7),SUMIFS('Monthly NSE Equity Futures'!$I:$I,'Monthly NSE Equity Futures'!$B:$B,$A7))=0,"",MAX(SUMIFS('Year NSE Equity Futures'!$G:$G,'Year NSE Equity Futures'!$A:$A,$A7),SUMIFS('Monthly NSE Equity Futures'!$I:$I,'Monthly NSE Equity Futures'!$B:$B,$A7))) | K7: =IF(SUMIFS('Year BSE Equity Futures'!$G:$G,'Year BSE Equity Futures'!$A:$A,$A7)=0,"",SUMIFS('Year BSE Equity Futures'!$G:$G,'Year BSE Equity Futures'!$A:$A,$A7)) | L7: =IF(OR(J7="",K7=""),"",J7+K7) | M7: =IF(L7="","",J7/L7) | N7: =IF(L7="","",K7/L7)
A8: 2009-2010 | B8: =IF(MAX(SUMIFS('Year NSE Equity Futures'!$F:$F,'Year NSE Equity Futures'!$A:$A,$A8),SUMIFS('Monthly NSE Equity Futures'!$H:$H,'Monthly NSE Equity Futures'!$B:$B,$A8))=0,"",MAX(SUMIFS('Year NSE Equity Futures'!$F:$F,'Year NSE Equity Futures'!$A:$A,$A8),SUMIFS('Monthly NSE Equity Futures'!$H:$H,'Monthly NSE Equity Futures'!$B:$B,$A8))) | C8: =IF(SUMIFS('Year BSE Equity Futures'!$F:$F,'Year BSE Equity Futures'!$A:$A,$A8)=0,"",SUMIFS('Year BSE Equity Futures'!$F:$F,'Year BSE Equity Futures'!$A:$A,$A8)) | D8: =IF(OR(B8="",C8=""),"",B8+C8) | E8: =IF(D8="","",B8/D8) | F8: =IF(D8="","",C8/D8) | G8: =IF(OR(B8="",B7=""),"",B8/B7-1) | H8: =IF(OR(C8="",C7=""),"",C8/C7-1) | I8: =IF(OR(D8="",D7=""),"",D8/D7-1) | J8: =IF(MAX(SUMIFS('Year NSE Equity Futures'!$G:$G,'Year NSE Equity Futures'!$A:$A,$A8),SUMIFS('Monthly NSE Equity Futures'!$I:$I,'Monthly NSE Equity Futures'!$B:$B,$A8))=0,"",MAX(SUMIFS('Year NSE Equity Futures'!$G:$G,'Year NSE Equity Futures'!$A:$A,$A8),SUMIFS('Monthly NSE Equity Futures'!$I:$I,'Monthly NSE Equity Futures'!$B:$B,$A8))) | K8: =IF(SUMIFS('Year BSE Equity Futures'!$G:$G,'Year BSE Equity Futures'!$A:$A,$A8)=0,"",SUMIFS('Year BSE Equity Futures'!$G:$G,'Year BSE Equity Futures'!$A:$A,$A8)) | L8: =IF(OR(J8="",K8=""),"",J8+K8) | M8: =IF(L8="","",J8/L8) | N8: =IF(L8="","",K8/L8)
A9: 2010-2011 | B9: =IF(MAX(SUMIFS('Year NSE Equity Futures'!$F:$F,'Year NSE Equity Futures'!$A:$A,$A9),SUMIFS('Monthly NSE Equity Futures'!$H:$H,'Monthly NSE Equity Futures'!$B:$B,$A9))=0,"",MAX(SUMIFS('Year NSE Equity Futures'!$F:$F,'Year NSE Equity Futures'!$A:$A,$A9),SUMIFS('Monthly NSE Equity Futures'!$H:$H,'Monthly NSE Equity Futures'!$B:$B,$A9))) | C9: =IF(SUMIFS('Year BSE Equity Futures'!$F:$F,'Year BSE Equity Futures'!$A:$A,$A9)=0,"",SUMIFS('Year BSE Equity Futures'!$F:$F,'Year BSE Equity Futures'!$A:$A,$A9)) | D9: =IF(OR(B9="",C9=""),"",B9+C9) | E9: =IF(D9="","",B9/D9) | F9: =IF(D9="","",C9/D9) | G9: =IF(OR(B9="",B8=""),"",B9/B8-1) | H9: =IF(OR(C9="",C8=""),"",C9/C8-1) | I9: =IF(OR(D9="",D8=""),"",D9/D8-1) | J9: =IF(MAX(SUMIFS('Year NSE Equity Futures'!$G:$G,'Year NSE Equity Futures'!$A:$A,$A9),SUMIFS('Monthly NSE Equity Futures'!$I:$I,'Monthly NSE Equity Futures'!$B:$B,$A9))=0,"",MAX(SUMIFS('Year NSE Equity Futures'!$G:$G,'Year NSE Equity Futures'!$A:$A,$A9),SUMIFS('Monthly NSE Equity Futures'!$I:$I,'Monthly NSE Equity Futures'!$B:$B,$A9))) | K9: =IF(SUMIFS('Year BSE Equity Futures'!$G:$G,'Year BSE Equity Futures'!$A:$A,$A9)=0,"",SUMIFS('Year BSE Equity Futures'!$G:$G,'Year BSE Equity Futures'!$A:$A,$A9)) | L9: =IF(OR(J9="",K9=""),"",J9+K9) | M9: =IF(L9="","",J9/L9) | N9: =IF(L9="","",K9/L9)
A10: 2011-2012 | B10: =IF(MAX(SUMIFS('Year NSE Equity Futures'!$F:$F,'Year NSE Equity Futures'!$A:$A,$A10),SUMIFS('Monthly NSE Equity Futures'!$H:$H,'Monthly NSE Equity Futures'!$B:$B,$A10))=0,"",MAX(SUMIFS('Year NSE Equity Futures'!$F:$F,'Year NSE Equity Futures'!$A:$A,$A10),SUMIFS('Monthly NSE Equity Futures'!$H:$H,'Monthly NSE Equity Futures'!$B:$B,$A10))) | C10: =IF(SUMIFS('Year BSE Equity Futures'!$F:$F,'Year BSE Equity Futures'!$A:$A,$A10)=0,"",SUMIFS('Year BSE Equity Futures'!$F:$F,'Year BSE Equity Futures'!$A:$A,$A10)) | D10: =IF(OR(B10="",C10=""),"",B10+C10) | E10: =IF(D10="","",B10/D10) | F10: =IF(D10="","",C10/D10) | G10: =IF(OR(B10="",B9=""),"",B10/B9-1) | H10: =IF(OR(C10="",C9=""),"",C10/C9-1) | I10: =IF(OR(D10="",D9=""),"",D10/D9-1) | J10: =IF(MAX(SUMIFS('Year NSE Equity Futures'!$G:$G,'Year NSE Equity Futures'!$A:$A,$A10),SUMIFS('Monthly NSE Equity Futures'!$I:$I,'Monthly NSE Equity Futures'!$B:$B,$A10))=0,"",MAX(SUMIFS('Year NSE Equity Futures'!$G:$G,'Year NSE Equity Futures'!$A:$A,$A10),SUMIFS('Monthly NSE Equity Futures'!$I:$I,'Monthly NSE Equity Futures'!$B:$B,$A10))) | K10: =IF(SUMIFS('Year BSE Equity Futures'!$G:$G,'Year BSE Equity Futures'!$A:$A,$A10)=0,"",SUMIFS('Year BSE Equity Futures'!$G:$G,'Year BSE Equity Futures'!$A:$A,$A10)) | L10: =IF(OR(J10="",K10=""),"",J10+K10) | M10: =IF(L10="","",J10/L10) | N10: =IF(L10="","",K10/L10)
A11: 2012-2013 | B11: =IF(MAX(SUMIFS('Year NSE Equity Futures'!$F:$F,'Year NSE Equity Futures'!$A:$A,$A11),SUMIFS('Monthly NSE Equity Futures'!$H:$H,'Monthly NSE Equity Futures'!$B:$B,$A11))=0,"",MAX(SUMIFS('Year NSE Equity Futures'!$F:$F,'Year NSE Equity Futures'!$A:$A,$A11),SUMIFS('Monthly NSE Equity Futures'!$H:$H,'Monthly NSE Equity Futures'!$B:$B,$A11))) | C11: =IF(SUMIFS('Year BSE Equity Futures'!$F:$F,'Year BSE Equity Futures'!$A:$A,$A11)=0,"",SUMIFS('Year BSE Equity Futures'!$F:$F,'Year BSE Equity Futures'!$A:$A,$A11)) | D11: =IF(OR(B11="",C11=""),"",B11+C11) | E11: =IF(D11="","",B11/D11) | F11: =IF(D11="","",C11/D11) | G11: =IF(OR(B11="",B10=""),"",B11/B10-1) | H11: =IF(OR(C11="",C10=""),"",C11/C10-1) | I11: =IF(OR(D11="",D10=""),"",D11/D10-1) | J11: =IF(MAX(SUMIFS('Year NSE Equity Futures'!$G:$G,'Year NSE Equity Futures'!$A:$A,$A11),SUMIFS('Monthly NSE Equity Futures'!$I:$I,'Monthly NSE Equity Futures'!$B:$B,$A11))=0,"",MAX(SUMIFS('Year NSE Equity Futures'!$G:$G,'Year NSE Equity Futures'!$A:$A,$A11),SUMIFS('Monthly NSE Equity Futures'!$I:$I,'Monthly NSE Equity Futures'!$B:$B,$A11))) | K11: =IF(SUMIFS('Year BSE Equity Futures'!$G:$G,'Year BSE Equity Futures'!$A:$A,$A11)=0,"",SUMIFS('Year BSE Equity Futures'!$G:$G,'Year BSE Equity Futures'!$A:$A,$A11)) | L11: =IF(OR(J11="",K11=""),"",J11+K11) | M11: =IF(L11="","",J11/L11) | N11: =IF(L11="","",K11/L11)
A12: 2013-2014 | B12: =IF(MAX(SUMIFS('Year NSE Equity Futures'!$F:$F,'Year NSE Equity Futures'!$A:$A,$A12),SUMIFS('Monthly NSE Equity Futures'!$H:$H,'Monthly NSE Equity Futures'!$B:$B,$A12))=0,"",MAX(SUMIFS('Year NSE Equity Futures'!$F:$F,'Year NSE Equity Futures'!$A:$A,$A12),SUMIFS('Monthly NSE Equity Futures'!$H:$H,'Monthly NSE Equity Futures'!$B:$B,$A12))) | C12: =IF(SUMIFS('Year BSE Equity Futures'!$F:$F,'Year BSE Equity Futures'!$A:$A,$A12)=0,"",SUMIFS('Year BSE Equity Futures'!$F:$F,'Year BSE Equity Futures'!$A:$A,$A12)) | D12: =IF(OR(B12="",C12=""),"",B12+C12) | E12: =IF(D12="","",B12/D12) | F12: =IF(D12="","",C12/D12) | G12: =IF(OR(B12="",B11=""),"",B12/B11-1) | H12: =IF(OR(C12="",C11=""),"",C12/C11-1) | I12: =IF(OR(D12="",D11=""),"",D12/D11-1) | J12: =IF(MAX(SUMIFS('Year NSE Equity Futures'!$G:$G,'Year NSE Equity Futures'!$A:$A,$A12),SUMIFS('Monthly NSE Equity Futures'!$I:$I,'Monthly NSE Equity Futures'!$B:$B,$A12))=0,"",MAX(SUMIFS('Year NSE Equity Futures'!$G:$G,'Year NSE Equity Futures'!$A:$A,$A12),SUMIFS('Monthly NSE Equity Futures'!$I:$I,'Monthly NSE Equity Futures'!$B:$B,$A12))) | K12: =IF(SUMIFS('Year BSE Equity Futures'!$G:$G,'Year BSE Equity Futures'!$A:$A,$A12)=0,"",SUMIFS('Year BSE Equity Futures'!$G:$G,'Year BSE Equity Futures'!$A:$A,$A12)) | L12: =IF(OR(J12="",K12=""),"",J12+K12) | M12: =IF(L12="","",J12/L12) | N12: =IF(L12="","",K12/L12)
A13: 2014-2015 | B13: =IF(MAX(SUMIFS('Year NSE Equity Futures'!$F:$F,'Year NSE Equity Futures'!$A:$A,$A13),SUMIFS('Monthly NSE Equity Futures'!$H:$H,'Monthly NSE Equity Futures'!$B:$B,$A13))=0,"",MAX(SUMIFS('Year NSE Equity Futures'!$F:$F,'Year NSE Equity Futures'!$A:$A,$A13),SUMIFS('Monthly NSE Equity Futures'!$H:$H,'Monthly NSE Equity Futures'!$B:$B,$A13))) | C13: =IF(SUMIFS('Year BSE Equity Futures'!$F:$F,'Year BSE Equity Futures'!$A:$A,$A13)=0,"",SUMIFS('Year BSE Equity Futures'!$F:$F,'Year BSE Equity Futures'!$A:$A,$A13)) | D13: =IF(OR(B13="",C13=""),"",B13+C13) | E13: =IF(D13="","",B13/D13) | F13: =IF(D13="","",C13/D13) | G13: =IF(OR(B13="",B12=""),"",B13/B12-1) | H13: =IF(OR(C13="",C12=""),"",C13/C12-1) | I13: =IF(OR(D13="",D12=""),"",D13/D12-1) | J13: =IF(MAX(SUMIFS('Year NSE Equity Futures'!$G:$G,'Year NSE Equity Futures'!$A:$A,$A13),SUMIFS('Monthly NSE Equity Futures'!$I:$I,'Monthly NSE Equity Futures'!$B:$B,$A13))=0,"",MAX(SUMIFS('Year NSE Equity Futures'!$G:$G,'Year NSE Equity Futures'!$A:$A,$A13),SUMIFS('Monthly NSE Equity Futures'!$I:$I,'Monthly NSE Equity Futures'!$B:$B,$A13))) | K13: =IF(SUMIFS('Year BSE Equity Futures'!$G:$G,'Year BSE Equity Futures'!$A:$A,$A13)=0,"",SUMIFS('Year BSE Equity Futures'!$G:$G,'Year BSE Equity Futures'!$A:$A,$A13)) | L13: =IF(OR(J13="",K13=""),"",J13+K13) | M13: =IF(L13="","",J13/L13) | N13: =IF(L13="","",K13/L13)
A14: 2015-2016 | B14: =IF(MAX(SUMIFS('Year NSE Equity Futures'!$F:$F,'Year NSE Equity Futures'!$A:$A,$A14),SUMIFS('Monthly NSE Equity Futures'!$H:$H,'Monthly NSE Equity Futures'!$B:$B,$A14))=0,"",MAX(SUMIFS('Year NSE Equity Futures'!$F:$F,'Year NSE Equity Futures'!$A:$A,$A14),SUMIFS('Monthly NSE Equity Futures'!$H:$H,'Monthly NSE Equity Futures'!$B:$B,$A14))) | C14: =IF(SUMIFS('Year BSE Equity Futures'!$F:$F,'Year BSE Equity Futures'!$A:$A,$A14)=0,"",SUMIFS('Year BSE Equity Futures'!$F:$F,'Year BSE Equity Futures'!$A:$A,$A14)) | D14: =IF(OR(B14="",C14=""),"",B14+C14) | E14: =IF(D14="","",B14/D14) | F14: =IF(D14="","",C14/D14) | G14: =IF(OR(B14="",B13=""),"",B14/B13-1) | H14: =IF(OR(C14="",C13=""),"",C14/C13-1) | I14: =IF(OR(D14="",D13=""),"",D14/D13-1) | J14: =IF(MAX(SUMIFS('Year NSE Equity Futures'!$G:$G,'Year NSE Equity Futures'!$A:$A,$A14),SUMIFS('Monthly NSE Equity Futures'!$I:$I,'Monthly NSE Equity Futures'!$B:$B,$A14))=0,"",MAX(SUMIFS('Year NSE Equity Futures'!$G:$G,'Year NSE Equity Futures'!$A:$A,$A14),SUMIFS('Monthly NSE Equity Futures'!$I:$I,'Monthly NSE Equity Futures'!$B:$B,$A14))) | K14: =IF(SUMIFS('Year BSE Equity Futures'!$G:$G,'Year BSE Equity Futures'!$A:$A,$A14)=0,"",SUMIFS('Year BSE Equity Futures'!$G:$G,'Year BSE Equity Futures'!$A:$A,$A14)) | L14: =IF(OR(J14="",K14=""),"",J14+K14) | M14: =IF(L14="","",J14/L14) | N14: =IF(L14="","",K14/L14)
... A25: 2026-2027 | B25: =IF(MAX(SUMIFS('Year NSE Equity Futures'!$F:$F,'Year NSE Equity Futures'!$A:$A,$A25),SUMIFS('Monthly NSE Equity Futures'!$H:$H,'Monthly NSE Equity Futures'!$B:$B,$A25))=0,"",MAX(SUMIFS('Year NSE Equity Futures'!$F:$F,'Year NSE Equity Futures'!$A:$A,$A25),SUMIFS('Monthly NSE Equity Futures'!$H:$H,'Monthly NSE Equity Futures'!$B:$B,$A25))) | C25: =IF(SUMIFS('Year BSE Equity Futures'!$F:$F,'Year BSE Equity Futures'!$A:$A,$A25)=0,"",SUMIFS('Year BSE Equity Futures'!$F:$F,'Year BSE Equity Futures'!$A:$A,$A25)) | D25: =IF(OR(B25="",C25=""),"",B25+C25) | E25: =IF(D25="","",B25/D25) | F25: =IF(D25="","",C25/D25) | G25: =IF(OR(B25="",B24=""),"",B25/B24-1) | H25: =IF(OR(C25="",C24=""),"",C25/C24-1) | I25: =IF(OR(D25="",D24=""),"",D25/D24-1) | J25: =IF(MAX(SUMIFS('Year NSE Equity Futures'!$G:$G,'Year NSE Equity Futures'!$A:$A,$A25),SUMIFS('Monthly NSE Equity Futures'!$I:$I,'Monthly NSE Equity Futures'!$B:$B,$A25))=0,"",MAX(SUMIFS('Year NSE Equity Futures'!$G:$G,'Year NSE Equity Futures'!$A:$A,$A25),SUMIFS('Monthly NSE Equity Futures'!$I:$I,'Monthly NSE Equity Futures'!$B:$B,$A25))) | K25: =IF(SUMIFS('Year BSE Equity Futures'!$G:$G,'Year BSE Equity Futures'!$A:$A,$A25)=0,"",SUMIFS('Year BSE Equity Futures'!$G:$G,'Year BSE Equity Futures'!$A:$A,$A25)) | L25: =IF(OR(J25="",K25=""),"",J25+K25) | M25: =IF(L25="","",J25/L25) | N25: =IF(L25="","",K25/L25)
A27: YTD Comparison - FY2026-2027 YTD vs FY2025-2026 YTD (same number of trading days)
A28: Trading days elapsed in FY2026-2027 (per NSE daily) | B28: =COUNTIF('Daily NSE Equity Futures'!$A:$A,">="&DATE(2026,4,1))
A29: Matched FY2025-2026 window | B29: =DATE(2025,4,1) | C29: =INDEX('Daily NSE Equity Futures'!$A:$A,COUNTIF('Daily NSE Equity Futures'!$A:$A,"<"&DATE(2025,4,1))+1+$B28)
B30: NSE Turnover (INR Bn) | C30: BSE Turnover (INR Bn) | D30: Total Turnover (INR Bn) | E30: NSE Turnover Market Share | F30: BSE Turnover Market Share | J30: NSE No. of Contracts | K30: BSE No. of Contracts | L30: Total No. of Contracts | M30: NSE Contracts Market Share | N30: BSE Contracts Market Share
A31: FY2025-2026 YTD (first N trading days) | B31: =SUMIFS('Daily NSE Equity Futures'!$I:$I,'Daily NSE Equity Futures'!$A:$A,">="&$B$29,'Daily NSE Equity Futures'!$A:$A,"<="&$C$29) | C31: =SUMIFS('Daily BSE Equity Futures'!$I:$I,'Daily BSE Equity Futures'!$A:$A,">="&$B$29,'Daily BSE Equity Futures'!$A:$A,"<="&$C$29) | D31: =B31+C31 | E31: =IF(D31=0,"",B31/D31) | F31: =IF(D31=0,"",C31/D31) | J31: =SUMIFS('Daily NSE Equity Futures'!$J:$J,'Daily NSE Equity Futures'!$A:$A,">="&$B$29,'Daily NSE Equity Futures'!$A:$A,"<="&$C$29) | K31: =SUMIFS('Daily BSE Equity Futures'!$J:$J,'Daily BSE Equity Futures'!$A:$A,">="&$B$29,'Daily BSE Equity Futures'!$A:$A,"<="&$C$29) | L31: =J31+K31 | M31: =IF(L31=0,"",J31/L31) | N31: =IF(L31=0,"",K31/L31)
A32: FY2026-2027 YTD | B32: =SUMIFS('Daily NSE Equity Futures'!$I:$I,'Daily NSE Equity Futures'!$A:$A,">="&DATE(2026,4,1)) | C32: =SUMIFS('Daily BSE Equity Futures'!$I:$I,'Daily BSE Equity Futures'!$A:$A,">="&DATE(2026,4,1)) | D32: =B32+C32 | E32: =IF(D32=0,"",B32/D32) | F32: =IF(D32=0,"",C32/D32) | J32: =SUMIFS('Daily NSE Equity Futures'!$J:$J,'Daily NSE Equity Futures'!$A:$A,">="&DATE(2026,4,1)) | K32: =SUMIFS('Daily BSE Equity Futures'!$J:$J,'Daily BSE Equity Futures'!$A:$A,">="&DATE(2026,4,1)) | L32: =J32+K32 | M32: =IF(L32=0,"",J32/L32) | N32: =IF(L32=0,"",K32/L32)
A33: YTD Growth (FY2026-2027 vs FY2025-2026) | B33: =IF(OR(B31=0,B31=""),"",B32/B31-1) | C33: =IF(OR(C31=0,C31=""),"",C32/C31-1) | D33: =IF(OR(D31=0,D31=""),"",D32/D31-1) | J33: =IF(OR(J31=0,J31=""),"",J32/J31-1) | K33: =IF(OR(K31=0,K31=""),"",K32/K31-1) | L33: =IF(OR(L31=0,L31=""),"",L32/L31-1)

Sheet Qrtr Equity Futures Mkt Share
A1: Qrtr - Year | B1: NSE Turnover (INR Bn) | C1: BSE Turnover (INR Bn) | D1: Total Turnover (INR Bn) | E1: NSE Turnover Market Share | F1: BSE Turnover Market Share | G1: NSE Turnover YoY Growth | H1: BSE Turnover YoY Growth | I1: Total Turnover YoY Growth | J1: NSE Turnover QoQ Growth | K1: BSE Turnover QoQ Growth | L1: Total Turnover QoQ Growth | M1: NSE No. of Contracts | N1: BSE No. of Contracts | O1: Total No. of Contracts | P1: NSE Contracts Market Share | Q1: BSE Contracts Market Share
A2: Q4FY04 | B2: =IF(SUMIFS('Monthly NSE Equity Futures'!$H:$H,'Monthly NSE Equity Futures'!$C:$C,$A2)=0,"",SUMIFS('Monthly NSE Equity Futures'!$H:$H,'Monthly NSE Equity Futures'!$C:$C,$A2)) | C2: =IF(SUMIFS('Monthly BSE Equity Futures'!$H:$H,'Monthly BSE Equity Futures'!$C:$C,$A2)=0,"",SUMIFS('Monthly BSE Equity Futures'!$H:$H,'Monthly BSE Equity Futures'!$C:$C,$A2)) | D2: =IF(OR(B2="",C2=""),"",B2+C2) | E2: =IF(D2="","",B2/D2) | F2: =IF(D2="","",C2/D2) | M2: =IF(SUMIFS('Monthly NSE Equity Futures'!$I:$I,'Monthly NSE Equity Futures'!$C:$C,$A2)=0,"",SUMIFS('Monthly NSE Equity Futures'!$I:$I,'Monthly NSE Equity Futures'!$C:$C,$A2)) | N2: =IF(SUMIFS('Monthly BSE Equity Futures'!$I:$I,'Monthly BSE Equity Futures'!$C:$C,$A2)=0,"",SUMIFS('Monthly BSE Equity Futures'!$I:$I,'Monthly BSE Equity Futures'!$C:$C,$A2)) | O2: =IF(OR(M2="",N2=""),"",M2+N2) | P2: =IF(O2="","",M2/O2) | Q2: =IF(O2="","",N2/O2)
A3: Q1FY05 | B3: =IF(SUMIFS('Monthly NSE Equity Futures'!$H:$H,'Monthly NSE Equity Futures'!$C:$C,$A3)=0,"",SUMIFS('Monthly NSE Equity Futures'!$H:$H,'Monthly NSE Equity Futures'!$C:$C,$A3)) | C3: =IF(SUMIFS('Monthly BSE Equity Futures'!$H:$H,'Monthly BSE Equity Futures'!$C:$C,$A3)=0,"",SUMIFS('Monthly BSE Equity Futures'!$H:$H,'Monthly BSE Equity Futures'!$C:$C,$A3)) | D3: =IF(OR(B3="",C3=""),"",B3+C3) | E3: =IF(D3="","",B3/D3) | F3: =IF(D3="","",C3/D3) | J3: =IF(OR(B3="",B2=""),"",B3/B2-1) | K3: =IF(OR(C3="",C2=""),"",C3/C2-1) | L3: =IF(OR(D3="",D2=""),"",D3/D2-1) | M3: =IF(SUMIFS('Monthly NSE Equity Futures'!$I:$I,'Monthly NSE Equity Futures'!$C:$C,$A3)=0,"",SUMIFS('Monthly NSE Equity Futures'!$I:$I,'Monthly NSE Equity Futures'!$C:$C,$A3)) | N3: =IF(SUMIFS('Monthly BSE Equity Futures'!$I:$I,'Monthly BSE Equity Futures'!$C:$C,$A3)=0,"",SUMIFS('Monthly BSE Equity Futures'!$I:$I,'Monthly BSE Equity Futures'!$C:$C,$A3)) | O3: =IF(OR(M3="",N3=""),"",M3+N3) | P3: =IF(O3="","",M3/O3) | Q3: =IF(O3="","",N3/O3)
A4: Q2FY05 | B4: =IF(SUMIFS('Monthly NSE Equity Futures'!$H:$H,'Monthly NSE Equity Futures'!$C:$C,$A4)=0,"",SUMIFS('Monthly NSE Equity Futures'!$H:$H,'Monthly NSE Equity Futures'!$C:$C,$A4)) | C4: =IF(SUMIFS('Monthly BSE Equity Futures'!$H:$H,'Monthly BSE Equity Futures'!$C:$C,$A4)=0,"",SUMIFS('Monthly BSE Equity Futures'!$H:$H,'Monthly BSE Equity Futures'!$C:$C,$A4)) | D4: =IF(OR(B4="",C4=""),"",B4+C4) | E4: =IF(D4="","",B4/D4) | F4: =IF(D4="","",C4/D4) | J4: =IF(OR(B4="",B3=""),"",B4/B3-1) | K4: =IF(OR(C4="",C3=""),"",C4/C3-1) | L4: =IF(OR(D4="",D3=""),"",D4/D3-1) | M4: =IF(SUMIFS('Monthly NSE Equity Futures'!$I:$I,'Monthly NSE Equity Futures'!$C:$C,$A4)=0,"",SUMIFS('Monthly NSE Equity Futures'!$I:$I,'Monthly NSE Equity Futures'!$C:$C,$A4)) | N4: =IF(SUMIFS('Monthly BSE Equity Futures'!$I:$I,'Monthly BSE Equity Futures'!$C:$C,$A4)=0,"",SUMIFS('Monthly BSE Equity Futures'!$I:$I,'Monthly BSE Equity Futures'!$C:$C,$A4)) | O4: =IF(OR(M4="",N4=""),"",M4+N4) | P4: =IF(O4="","",M4/O4) | Q4: =IF(O4="","",N4/O4)
A5: Q3FY05 | B5: =IF(SUMIFS('Monthly NSE Equity Futures'!$H:$H,'Monthly NSE Equity Futures'!$C:$C,$A5)=0,"",SUMIFS('Monthly NSE Equity Futures'!$H:$H,'Monthly NSE Equity Futures'!$C:$C,$A5)) | C5: =IF(SUMIFS('Monthly BSE Equity Futures'!$H:$H,'Monthly BSE Equity Futures'!$C:$C,$A5)=0,"",SUMIFS('Monthly BSE Equity Futures'!$H:$H,'Monthly BSE Equity Futures'!$C:$C,$A5)) | D5: =IF(OR(B5="",C5=""),"",B5+C5) | E5: =IF(D5="","",B5/D5) | F5: =IF(D5="","",C5/D5) | J5: =IF(OR(B5="",B4=""),"",B5/B4-1) | K5: =IF(OR(C5="",C4=""),"",C5/C4-1) | L5: =IF(OR(D5="",D4=""),"",D5/D4-1) | M5: =IF(SUMIFS('Monthly NSE Equity Futures'!$I:$I,'Monthly NSE Equity Futures'!$C:$C,$A5)=0,"",SUMIFS('Monthly NSE Equity Futures'!$I:$I,'Monthly NSE Equity Futures'!$C:$C,$A5)) | N5: =IF(SUMIFS('Monthly BSE Equity Futures'!$I:$I,'Monthly BSE Equity Futures'!$C:$C,$A5)=0,"",SUMIFS('Monthly BSE Equity Futures'!$I:$I,'Monthly BSE Equity Futures'!$C:$C,$A5)) | O5: =IF(OR(M5="",N5=""),"",M5+N5) | P5: =IF(O5="","",M5/O5) | Q5: =IF(O5="","",N5/O5)
A6: Q4FY05 | B6: =IF(SUMIFS('Monthly NSE Equity Futures'!$H:$H,'Monthly NSE Equity Futures'!$C:$C,$A6)=0,"",SUMIFS('Monthly NSE Equity Futures'!$H:$H,'Monthly NSE Equity Futures'!$C:$C,$A6)) | C6: =IF(SUMIFS('Monthly BSE Equity Futures'!$H:$H,'Monthly BSE Equity Futures'!$C:$C,$A6)=0,"",SUMIFS('Monthly BSE Equity Futures'!$H:$H,'Monthly BSE Equity Futures'!$C:$C,$A6)) | D6: =IF(OR(B6="",C6=""),"",B6+C6) | E6: =IF(D6="","",B6/D6) | F6: =IF(D6="","",C6/D6) | G6: =IF(OR(B6="",B2=""),"",B6/B2-1) | H6: =IF(OR(C6="",C2=""),"",C6/C2-1) | I6: =IF(OR(D6="",D2=""),"",D6/D2-1) | J6: =IF(OR(B6="",B5=""),"",B6/B5-1) | K6: =IF(OR(C6="",C5=""),"",C6/C5-1) | L6: =IF(OR(D6="",D5=""),"",D6/D5-1) | M6: =IF(SUMIFS('Monthly NSE Equity Futures'!$I:$I,'Monthly NSE Equity Futures'!$C:$C,$A6)=0,"",SUMIFS('Monthly NSE Equity Futures'!$I:$I,'Monthly NSE Equity Futures'!$C:$C,$A6)) | N6: =IF(SUMIFS('Monthly BSE Equity Futures'!$I:$I,'Monthly BSE Equity Futures'!$C:$C,$A6)=0,"",SUMIFS('Monthly BSE Equity Futures'!$I:$I,'Monthly BSE Equity Futures'!$C:$C,$A6)) | O6: =IF(OR(M6="",N6=""),"",M6+N6) | P6: =IF(O6="","",M6/O6) | Q6: =IF(O6="","",N6/O6)
A7: Q1FY06 | B7: =IF(SUMIFS('Monthly NSE Equity Futures'!$H:$H,'Monthly NSE Equity Futures'!$C:$C,$A7)=0,"",SUMIFS('Monthly NSE Equity Futures'!$H:$H,'Monthly NSE Equity Futures'!$C:$C,$A7)) | C7: =IF(SUMIFS('Monthly BSE Equity Futures'!$H:$H,'Monthly BSE Equity Futures'!$C:$C,$A7)=0,"",SUMIFS('Monthly BSE Equity Futures'!$H:$H,'Monthly BSE Equity Futures'!$C:$C,$A7)) | D7: =IF(OR(B7="",C7=""),"",B7+C7) | E7: =IF(D7="","",B7/D7) | F7: =IF(D7="","",C7/D7) | G7: =IF(OR(B7="",B3=""),"",B7/B3-1) | H7: =IF(OR(C7="",C3=""),"",C7/C3-1) | I7: =IF(OR(D7="",D3=""),"",D7/D3-1) | J7: =IF(OR(B7="",B6=""),"",B7/B6-1) | K7: =IF(OR(C7="",C6=""),"",C7/C6-1) | L7: =IF(OR(D7="",D6=""),"",D7/D6-1) | M7: =IF(SUMIFS('Monthly NSE Equity Futures'!$I:$I,'Monthly NSE Equity Futures'!$C:$C,$A7)=0,"",SUMIFS('Monthly NSE Equity Futures'!$I:$I,'Monthly NSE Equity Futures'!$C:$C,$A7)) | N7: =IF(SUMIFS('Monthly BSE Equity Futures'!$I:$I,'Monthly BSE Equity Futures'!$C:$C,$A7)=0,"",SUMIFS('Monthly BSE Equity Futures'!$I:$I,'Monthly BSE Equity Futures'!$C:$C,$A7)) | O7: =IF(OR(M7="",N7=""),"",M7+N7) | P7: =IF(O7="","",M7/O7) | Q7: =IF(O7="","",N7/O7)
A8: Q2FY06 | B8: =IF(SUMIFS('Monthly NSE Equity Futures'!$H:$H,'Monthly NSE Equity Futures'!$C:$C,$A8)=0,"",SUMIFS('Monthly NSE Equity Futures'!$H:$H,'Monthly NSE Equity Futures'!$C:$C,$A8)) | C8: =IF(SUMIFS('Monthly BSE Equity Futures'!$H:$H,'Monthly BSE Equity Futures'!$C:$C,$A8)=0,"",SUMIFS('Monthly BSE Equity Futures'!$H:$H,'Monthly BSE Equity Futures'!$C:$C,$A8)) | D8: =IF(OR(B8="",C8=""),"",B8+C8) | E8: =IF(D8="","",B8/D8) | F8: =IF(D8="","",C8/D8) | G8: =IF(OR(B8="",B4=""),"",B8/B4-1) | H8: =IF(OR(C8="",C4=""),"",C8/C4-1) | I8: =IF(OR(D8="",D4=""),"",D8/D4-1) | J8: =IF(OR(B8="",B7=""),"",B8/B7-1) | K8: =IF(OR(C8="",C7=""),"",C8/C7-1) | L8: =IF(OR(D8="",D7=""),"",D8/D7-1) | M8: =IF(SUMIFS('Monthly NSE Equity Futures'!$I:$I,'Monthly NSE Equity Futures'!$C:$C,$A8)=0,"",SUMIFS('Monthly NSE Equity Futures'!$I:$I,'Monthly NSE Equity Futures'!$C:$C,$A8)) | N8: =IF(SUMIFS('Monthly BSE Equity Futures'!$I:$I,'Monthly BSE Equity Futures'!$C:$C,$A8)=0,"",SUMIFS('Monthly BSE Equity Futures'!$I:$I,'Monthly BSE Equity Futures'!$C:$C,$A8)) | O8: =IF(OR(M8="",N8=""),"",M8+N8) | P8: =IF(O8="","",M8/O8) | Q8: =IF(O8="","",N8/O8)
A9: Q3FY06 | B9: =IF(SUMIFS('Monthly NSE Equity Futures'!$H:$H,'Monthly NSE Equity Futures'!$C:$C,$A9)=0,"",SUMIFS('Monthly NSE Equity Futures'!$H:$H,'Monthly NSE Equity Futures'!$C:$C,$A9)) | C9: =IF(SUMIFS('Monthly BSE Equity Futures'!$H:$H,'Monthly BSE Equity Futures'!$C:$C,$A9)=0,"",SUMIFS('Monthly BSE Equity Futures'!$H:$H,'Monthly BSE Equity Futures'!$C:$C,$A9)) | D9: =IF(OR(B9="",C9=""),"",B9+C9) | E9: =IF(D9="","",B9/D9) | F9: =IF(D9="","",C9/D9) | G9: =IF(OR(B9="",B5=""),"",B9/B5-1) | H9: =IF(OR(C9="",C5=""),"",C9/C5-1) | I9: =IF(OR(D9="",D5=""),"",D9/D5-1) | J9: =IF(OR(B9="",B8=""),"",B9/B8-1) | K9: =IF(OR(C9="",C8=""),"",C9/C8-1) | L9: =IF(OR(D9="",D8=""),"",D9/D8-1) | M9: =IF(SUMIFS('Monthly NSE Equity Futures'!$I:$I,'Monthly NSE Equity Futures'!$C:$C,$A9)=0,"",SUMIFS('Monthly NSE Equity Futures'!$I:$I,'Monthly NSE Equity Futures'!$C:$C,$A9)) | N9: =IF(SUMIFS('Monthly BSE Equity Futures'!$I:$I,'Monthly BSE Equity Futures'!$C:$C,$A9)=0,"",SUMIFS('Monthly BSE Equity Futures'!$I:$I,'Monthly BSE Equity Futures'!$C:$C,$A9)) | O9: =IF(OR(M9="",N9=""),"",M9+N9) | P9: =IF(O9="","",M9/O9) | Q9: =IF(O9="","",N9/O9)
A10: Q4FY06 | B10: =IF(SUMIFS('Monthly NSE Equity Futures'!$H:$H,'Monthly NSE Equity Futures'!$C:$C,$A10)=0,"",SUMIFS('Monthly NSE Equity Futures'!$H:$H,'Monthly NSE Equity Futures'!$C:$C,$A10)) | C10: =IF(SUMIFS('Monthly BSE Equity Futures'!$H:$H,'Monthly BSE Equity Futures'!$C:$C,$A10)=0,"",SUMIFS('Monthly BSE Equity Futures'!$H:$H,'Monthly BSE Equity Futures'!$C:$C,$A10)) | D10: =IF(OR(B10="",C10=""),"",B10+C10) | E10: =IF(D10="","",B10/D10) | F10: =IF(D10="","",C10/D10) | G10: =IF(OR(B10="",B6=""),"",B10/B6-1) | H10: =IF(OR(C10="",C6=""),"",C10/C6-1) | I10: =IF(OR(D10="",D6=""),"",D10/D6-1) | J10: =IF(OR(B10="",B9=""),"",B10/B9-1) | K10: =IF(OR(C10="",C9=""),"",C10/C9-1) | L10: =IF(OR(D10="",D9=""),"",D10/D9-1) | M10: =IF(SUMIFS('Monthly NSE Equity Futures'!$I:$I,'Monthly NSE Equity Futures'!$C:$C,$A10)=0,"",SUMIFS('Monthly NSE Equity Futures'!$I:$I,'Monthly NSE Equity Futures'!$C:$C,$A10)) | N10: =IF(SUMIFS('Monthly BSE Equity Futures'!$I:$I,'Monthly BSE Equity Futures'!$C:$C,$A10)=0,"",SUMIFS('Monthly BSE Equity Futures'!$I:$I,'Monthly BSE Equity Futures'!$C:$C,$A10)) | O10: =IF(OR(M10="",N10=""),"",M10+N10) | P10: =IF(O10="","",M10/O10) | Q10: =IF(O10="","",N10/O10)
A11: Q1FY07 | B11: =IF(SUMIFS('Monthly NSE Equity Futures'!$H:$H,'Monthly NSE Equity Futures'!$C:$C,$A11)=0,"",SUMIFS('Monthly NSE Equity Futures'!$H:$H,'Monthly NSE Equity Futures'!$C:$C,$A11)) | C11: =IF(SUMIFS('Monthly BSE Equity Futures'!$H:$H,'Monthly BSE Equity Futures'!$C:$C,$A11)=0,"",SUMIFS('Monthly BSE Equity Futures'!$H:$H,'Monthly BSE Equity Futures'!$C:$C,$A11)) | D11: =IF(OR(B11="",C11=""),"",B11+C11) | E11: =IF(D11="","",B11/D11) | F11: =IF(D11="","",C11/D11) | G11: =IF(OR(B11="",B7=""),"",B11/B7-1) | H11: =IF(OR(C11="",C7=""),"",C11/C7-1) | I11: =IF(OR(D11="",D7=""),"",D11/D7-1) | J11: =IF(OR(B11="",B10=""),"",B11/B10-1) | K11: =IF(OR(C11="",C10=""),"",C11/C10-1) | L11: =IF(OR(D11="",D10=""),"",D11/D10-1) | M11: =IF(SUMIFS('Monthly NSE Equity Futures'!$I:$I,'Monthly NSE Equity Futures'!$C:$C,$A11)=0,"",SUMIFS('Monthly NSE Equity Futures'!$I:$I,'Monthly NSE Equity Futures'!$C:$C,$A11)) | N11: =IF(SUMIFS('Monthly BSE Equity Futures'!$I:$I,'Monthly BSE Equity Futures'!$C:$C,$A11)=0,"",SUMIFS('Monthly BSE Equity Futures'!$I:$I,'Monthly BSE Equity Futures'!$C:$C,$A11)) | O11: =IF(OR(M11="",N11=""),"",M11+N11) | P11: =IF(O11="","",M11/O11) | Q11: =IF(O11="","",N11/O11)
A12: Q2FY07 | B12: =IF(SUMIFS('Monthly NSE Equity Futures'!$H:$H,'Monthly NSE Equity Futures'!$C:$C,$A12)=0,"",SUMIFS('Monthly NSE Equity Futures'!$H:$H,'Monthly NSE Equity Futures'!$C:$C,$A12)) | C12: =IF(SUMIFS('Monthly BSE Equity Futures'!$H:$H,'Monthly BSE Equity Futures'!$C:$C,$A12)=0,"",SUMIFS('Monthly BSE Equity Futures'!$H:$H,'Monthly BSE Equity Futures'!$C:$C,$A12)) | D12: =IF(OR(B12="",C12=""),"",B12+C12) | E12: =IF(D12="","",B12/D12) | F12: =IF(D12="","",C12/D12) | G12: =IF(OR(B12="",B8=""),"",B12/B8-1) | H12: =IF(OR(C12="",C8=""),"",C12/C8-1) | I12: =IF(OR(D12="",D8=""),"",D12/D8-1) | J12: =IF(OR(B12="",B11=""),"",B12/B11-1) | K12: =IF(OR(C12="",C11=""),"",C12/C11-1) | L12: =IF(OR(D12="",D11=""),"",D12/D11-1) | M12: =IF(SUMIFS('Monthly NSE Equity Futures'!$I:$I,'Monthly NSE Equity Futures'!$C:$C,$A12)=0,"",SUMIFS('Monthly NSE Equity Futures'!$I:$I,'Monthly NSE Equity Futures'!$C:$C,$A12)) | N12: =IF(SUMIFS('Monthly BSE Equity Futures'!$I:$I,'Monthly BSE Equity Futures'!$C:$C,$A12)=0,"",SUMIFS('Monthly BSE Equity Futures'!$I:$I,'Monthly BSE Equity Futures'!$C:$C,$A12)) | O12: =IF(OR(M12="",N12=""),"",M12+N12) | P12: =IF(O12="","",M12/O12) | Q12: =IF(O12="","",N12/O12)
A13: Q3FY07 | B13: =IF(SUMIFS('Monthly NSE Equity Futures'!$H:$H,'Monthly NSE Equity Futures'!$C:$C,$A13)=0,"",SUMIFS('Monthly NSE Equity Futures'!$H:$H,'Monthly NSE Equity Futures'!$C:$C,$A13)) | C13: =IF(SUMIFS('Monthly BSE Equity Futures'!$H:$H,'Monthly BSE Equity Futures'!$C:$C,$A13)=0,"",SUMIFS('Monthly BSE Equity Futures'!$H:$H,'Monthly BSE Equity Futures'!$C:$C,$A13)) | D13: =IF(OR(B13="",C13=""),"",B13+C13) | E13: =IF(D13="","",B13/D13) | F13: =IF(D13="","",C13/D13) | G13: =IF(OR(B13="",B9=""),"",B13/B9-1) | H13: =IF(OR(C13="",C9=""),"",C13/C9-1) | I13: =IF(OR(D13="",D9=""),"",D13/D9-1) | J13: =IF(OR(B13="",B12=""),"",B13/B12-1) | K13: =IF(OR(C13="",C12=""),"",C13/C12-1) | L13: =IF(OR(D13="",D12=""),"",D13/D12-1) | M13: =IF(SUMIFS('Monthly NSE Equity Futures'!$I:$I,'Monthly NSE Equity Futures'!$C:$C,$A13)=0,"",SUMIFS('Monthly NSE Equity Futures'!$I:$I,'Monthly NSE Equity Futures'!$C:$C,$A13)) | N13: =IF(SUMIFS('Monthly BSE Equity Futures'!$I:$I,'Monthly BSE Equity Futures'!$C:$C,$A13)=0,"",SUMIFS('Monthly BSE Equity Futures'!$I:$I,'Monthly BSE Equity Futures'!$C:$C,$A13)) | O13: =IF(OR(M13="",N13=""),"",M13+N13) | P13: =IF(O13="","",M13/O13) | Q13: =IF(O13="","",N13/O13)
A14: Q4FY07 | B14: =IF(SUMIFS('Monthly NSE Equity Futures'!$H:$H,'Monthly NSE Equity Futures'!$C:$C,$A14)=0,"",SUMIFS('Monthly NSE Equity Futures'!$H:$H,'Monthly NSE Equity Futures'!$C:$C,$A14)) | C14: =IF(SUMIFS('Monthly BSE Equity Futures'!$H:$H,'Monthly BSE Equity Futures'!$C:$C,$A14)=0,"",SUMIFS('Monthly BSE Equity Futures'!$H:$H,'Monthly BSE Equity Futures'!$C:$C,$A14)) | D14: =IF(OR(B14="",C14=""),"",B14+C14) | E14: =IF(D14="","",B14/D14) | F14: =IF(D14="","",C14/D14) | G14: =IF(OR(B14="",B10=""),"",B14/B10-1) | H14: =IF(OR(C14="",C10=""),"",C14/C10-1) | I14: =IF(OR(D14="",D10=""),"",D14/D10-1) | J14: =IF(OR(B14="",B13=""),"",B14/B13-1) | K14: =IF(OR(C14="",C13=""),"",C14/C13-1) | L14: =IF(OR(D14="",D13=""),"",D14/D13-1) | M14: =IF(SUMIFS('Monthly NSE Equity Futures'!$I:$I,'Monthly NSE Equity Futures'!$C:$C,$A14)=0,"",SUMIFS('Monthly NSE Equity Futures'!$I:$I,'Monthly NSE Equity Futures'!$C:$C,$A14)) | N14: =IF(SUMIFS('Monthly BSE Equity Futures'!$I:$I,'Monthly BSE Equity Futures'!$C:$C,$A14)=0,"",SUMIFS('Monthly BSE Equity Futures'!$I:$I,'Monthly BSE Equity Futures'!$C:$C,$A14)) | O14: =IF(OR(M14="",N14=""),"",M14+N14) | P14: =IF(O14="","",M14/O14) | Q14: =IF(O14="","",N14/O14)
A15: Q1FY08 | B15: =IF(SUMIFS('Monthly NSE Equity Futures'!$H:$H,'Monthly NSE Equity Futures'!$C:$C,$A15)=0,"",SUMIFS('Monthly NSE Equity Futures'!$H:$H,'Monthly NSE Equity Futures'!$C:$C,$A15)) | C15: =IF(SUMIFS('Monthly BSE Equity Futures'!$H:$H,'Monthly BSE Equity Futures'!$C:$C,$A15)=0,"",SUMIFS('Monthly BSE Equity Futures'!$H:$H,'Monthly BSE Equity Futures'!$C:$C,$A15)) | D15: =IF(OR(B15="",C15=""),"",B15+C15) | E15: =IF(D15="","",B15/D15) | F15: =IF(D15="","",C15/D15) | G15: =IF(OR(B15="",B11=""),"",B15/B11-1) | H15: =IF(OR(C15="",C11=""),"",C15/C11-1) | I15: =IF(OR(D15="",D11=""),"",D15/D11-1) | J15: =IF(OR(B15="",B14=""),"",B15/B14-1) | K15: =IF(OR(C15="",C14=""),"",C15/C14-1) | L15: =IF(OR(D15="",D14=""),"",D15/D14-1) | M15: =IF(SUMIFS('Monthly NSE Equity Futures'!$I:$I,'Monthly NSE Equity Futures'!$C:$C,$A15)=0,"",SUMIFS('Monthly NSE Equity Futures'!$I:$I,'Monthly NSE Equity Futures'!$C:$C,$A15)) | N15: =IF(SUMIFS('Monthly BSE Equity Futures'!$I:$I,'Monthly BSE Equity Futures'!$C:$C,$A15)=0,"",SUMIFS('Monthly BSE Equity Futures'!$I:$I,'Monthly BSE Equity Futures'!$C:$C,$A15)) | O15: =IF(OR(M15="",N15=""),"",M15+N15) | P15: =IF(O15="","",M15/O15) | Q15: =IF(O15="","",N15/O15)
A16: Q2FY08 | B16: =IF(SUMIFS('Monthly NSE Equity Futures'!$H:$H,'Monthly NSE Equity Futures'!$C:$C,$A16)=0,"",SUMIFS('Monthly NSE Equity Futures'!$H:$H,'Monthly NSE Equity Futures'!$C:$C,$A16)) | C16: =IF(SUMIFS('Monthly BSE Equity Futures'!$H:$H,'Monthly BSE Equity Futures'!$C:$C,$A16)=0,"",SUMIFS('Monthly BSE Equity Futures'!$H:$H,'Monthly BSE Equity Futures'!$C:$C,$A16)) | D16: =IF(OR(B16="",C16=""),"",B16+C16) | E16: =IF(D16="","",B16/D16) | F16: =IF(D16="","",C16/D16) | G16: =IF(OR(B16="",B12=""),"",B16/B12-1) | H16: =IF(OR(C16="",C12=""),"",C16/C12-1) | I16: =IF(OR(D16="",D12=""),"",D16/D12-1) | J16: =IF(OR(B16="",B15=""),"",B16/B15-1) | K16: =IF(OR(C16="",C15=""),"",C16/C15-1) | L16: =IF(OR(D16="",D15=""),"",D16/D15-1) | M16: =IF(SUMIFS('Monthly NSE Equity Futures'!$I:$I,'Monthly NSE Equity Futures'!$C:$C,$A16)=0,"",SUMIFS('Monthly NSE Equity Futures'!$I:$I,'Monthly NSE Equity Futures'!$C:$C,$A16)) | N16: =IF(SUMIFS('Monthly BSE Equity Futures'!$I:$I,'Monthly BSE Equity Futures'!$C:$C,$A16)=0,"",SUMIFS('Monthly BSE Equity Futures'!$I:$I,'Monthly BSE Equity Futures'!$C:$C,$A16)) | O16: =IF(OR(M16="",N16=""),"",M16+N16) | P16: =IF(O16="","",M16/O16) | Q16: =IF(O16="","",N16/O16)
A17: Q3FY08 | B17: =IF(SUMIFS('Monthly NSE Equity Futures'!$H:$H,'Monthly NSE Equity Futures'!$C:$C,$A17)=0,"",SUMIFS('Monthly NSE Equity Futures'!$H:$H,'Monthly NSE Equity Futures'!$C:$C,$A17)) | C17: =IF(SUMIFS('Monthly BSE Equity Futures'!$H:$H,'Monthly BSE Equity Futures'!$C:$C,$A17)=0,"",SUMIFS('Monthly BSE Equity Futures'!$H:$H,'Monthly BSE Equity Futures'!$C:$C,$A17)) | D17: =IF(OR(B17="",C17=""),"",B17+C17) | E17: =IF(D17="","",B17/D17) | F17: =IF(D17="","",C17/D17) | G17: =IF(OR(B17="",B13=""),"",B17/B13-1) | H17: =IF(OR(C17="",C13=""),"",C17/C13-1) | I17: =IF(OR(D17="",D13=""),"",D17/D13-1) | J17: =IF(OR(B17="",B16=""),"",B17/B16-1) | K17: =IF(OR(C17="",C16=""),"",C17/C16-1) | L17: =IF(OR(D17="",D16=""),"",D17/D16-1) | M17: =IF(SUMIFS('Monthly NSE Equity Futures'!$I:$I,'Monthly NSE Equity Futures'!$C:$C,$A17)=0,"",SUMIFS('Monthly NSE Equity Futures'!$I:$I,'Monthly NSE Equity Futures'!$C:$C,$A17)) | N17: =IF(SUMIFS('Monthly BSE Equity Futures'!$I:$I,'Monthly BSE Equity Futures'!$C:$C,$A17)=0,"",SUMIFS('Monthly BSE Equity Futures'!$I:$I,'Monthly BSE Equity Futures'!$C:$C,$A17)) | O17: =IF(OR(M17="",N17=""),"",M17+N17) | P17: =IF(O17="","",M17/O17) | Q17: =IF(O17="","",N17/O17)
... A92: Q2FY27 | B92: =IF(SUMIFS('Monthly NSE Equity Futures'!$H:$H,'Monthly NSE Equity Futures'!$C:$C,$A92)=0,"",SUMIFS('Monthly NSE Equity Futures'!$H:$H,'Monthly NSE Equity Futures'!$C:$C,$A92)) | C92: =IF(SUMIFS('Monthly BSE Equity Futures'!$H:$H,'Monthly BSE Equity Futures'!$C:$C,$A92)=0,"",SUMIFS('Monthly BSE Equity Futures'!$H:$H,'Monthly BSE Equity Futures'!$C:$C,$A92)) | D92: =IF(OR(B92="",C92=""),"",B92+C92) | E92: =IF(D92="","",B92/D92) | F92: =IF(D92="","",C92/D92) | G92: =IF(OR(B92="",B88=""),"",B92/B88-1) | H92: =IF(OR(C92="",C88=""),"",C92/C88-1) | I92: =IF(OR(D92="",D88=""),"",D92/D88-1) | J92: =IF(OR(B92="",B91=""),"",B92/B91-1) | K92: =IF(OR(C92="",C91=""),"",C92/C91-1) | L92: =IF(OR(D92="",D91=""),"",D92/D91-1) | M92: =IF(SUMIFS('Monthly NSE Equity Futures'!$I:$I,'Monthly NSE Equity Futures'!$C:$C,$A92)=0,"",SUMIFS('Monthly NSE Equity Futures'!$I:$I,'Monthly NSE Equity Futures'!$C:$C,$A92)) | N92: =IF(SUMIFS('Monthly BSE Equity Futures'!$I:$I,'Monthly BSE Equity Futures'!$C:$C,$A92)=0,"",SUMIFS('Monthly BSE Equity Futures'!$I:$I,'Monthly BSE Equity Futures'!$C:$C,$A92)) | O92: =IF(OR(M92="",N92=""),"",M92+N92) | P92: =IF(O92="","",M92/O92) | Q92: =IF(O92="","",N92/O92)
A94: QTD Comparison - Q2FY27 QTD vs Q2FY26 QTD (same number of trading days)
A95: Trading days elapsed in Q2FY27 (per NSE daily) | B95: =COUNTIF('Daily NSE Equity Futures'!$A:$A,">="&DATE(2026,7,1))
A96: Matched Q2FY26 window | B96: =DATE(2025,7,1) | C96: =INDEX('Daily NSE Equity Futures'!$A:$A,COUNTIF('Daily NSE Equity Futures'!$A:$A,"<"&DATE(2025,7,1))+1+$B95)
B97: NSE Turnover (INR Bn) | C97: BSE Turnover (INR Bn) | D97: Total Turnover (INR Bn) | E97: NSE Turnover Market Share | F97: BSE Turnover Market Share | M97: NSE No. of Contracts | N97: BSE No. of Contracts | O97: Total No. of Contracts | P97: NSE Contracts Market Share | Q97: BSE Contracts Market Share
A98: Q2FY26 QTD (first N trading days) | B98: =SUMIFS('Daily NSE Equity Futures'!$I:$I,'Daily NSE Equity Futures'!$A:$A,">="&$B$96,'Daily NSE Equity Futures'!$A:$A,"<="&$C$96) | C98: =SUMIFS('Daily BSE Equity Futures'!$I:$I,'Daily BSE Equity Futures'!$A:$A,">="&$B$96,'Daily BSE Equity Futures'!$A:$A,"<="&$C$96) | D98: =B98+C98 | E98: =IF(D98=0,"",B98/D98) | F98: =IF(D98=0,"",C98/D98) | M98: =SUMIFS('Daily NSE Equity Futures'!$J:$J,'Daily NSE Equity Futures'!$A:$A,">="&$B$96,'Daily NSE Equity Futures'!$A:$A,"<="&$C$96) | N98: =SUMIFS('Daily BSE Equity Futures'!$J:$J,'Daily BSE Equity Futures'!$A:$A,">="&$B$96,'Daily BSE Equity Futures'!$A:$A,"<="&$C$96) | O98: =M98+N98 | P98: =IF(O98=0,"",M98/O98) | Q98: =IF(O98=0,"",N98/O98)
A99: Q2FY27 QTD | B99: =SUMIFS('Daily NSE Equity Futures'!$I:$I,'Daily NSE Equity Futures'!$A:$A,">="&DATE(2026,7,1)) | C99: =SUMIFS('Daily BSE Equity Futures'!$I:$I,'Daily BSE Equity Futures'!$A:$A,">="&DATE(2026,7,1)) | D99: =B99+C99 | E99: =IF(D99=0,"",B99/D99) | F99: =IF(D99=0,"",C99/D99) | M99: =SUMIFS('Daily NSE Equity Futures'!$J:$J,'Daily NSE Equity Futures'!$A:$A,">="&DATE(2026,7,1)) | N99: =SUMIFS('Daily BSE Equity Futures'!$J:$J,'Daily BSE Equity Futures'!$A:$A,">="&DATE(2026,7,1)) | O99: =M99+N99 | P99: =IF(O99=0,"",M99/O99) | Q99: =IF(O99=0,"",N99/O99)
A100: QTD Growth (Q2FY27 vs Q2FY26) | B100: =IF(OR(B98=0,B98=""),"",B99/B98-1) | C100: =IF(OR(C98=0,C98=""),"",C99/C98-1) | D100: =IF(OR(D98=0,D98=""),"",D99/D98-1) | M100: =IF(OR(M98=0,M98=""),"",M99/M98-1) | N100: =IF(OR(N98=0,N98=""),"",N99/N98-1) | O100: =IF(OR(O98=0,O98=""),"",O99/O98-1)

Sheet Mth Equity Futures Mkt Share
A1: Month | B1: Fiscal Year | C1: Qrtr - Year | D1: NSE Turnover (INR Bn) | E1: BSE Turnover (INR Bn) | F1: Total Turnover (INR Bn) | G1: NSE Turnover Market Share | H1: BSE Turnover Market Share | I1: NSE Turnover YoY Growth | J1: BSE Turnover YoY Growth | K1: Total Turnover YoY Growth | L1: NSE Turnover MoM Growth | M1: BSE Turnover MoM Growth | N1: Total Turnover MoM Growth | O1: NSE No. of Contracts | P1: BSE No. of Contracts | Q1: Total No. of Contracts | R1: NSE Contracts Market Share | S1: BSE Contracts Market Share
A2: 37987 | B2: 2003-2004 | C2: Q4FY04 | D2: =IF(SUMIFS('Monthly NSE Equity Futures'!$H:$H,'Monthly NSE Equity Futures'!$A:$A,$A2)=0,"",SUMIFS('Monthly NSE Equity Futures'!$H:$H,'Monthly NSE Equity Futures'!$A:$A,$A2)) | E2: =IF(SUMIFS('Monthly BSE Equity Futures'!$H:$H,'Monthly BSE Equity Futures'!$A:$A,$A2)=0,"",SUMIFS('Monthly BSE Equity Futures'!$H:$H,'Monthly BSE Equity Futures'!$A:$A,$A2)) | F2: =IF(OR(D2="",E2=""),"",D2+E2) | G2: =IF(F2="","",D2/F2) | H2: =IF(F2="","",E2/F2) | O2: =IF(SUMIFS('Monthly NSE Equity Futures'!$I:$I,'Monthly NSE Equity Futures'!$A:$A,$A2)=0,"",SUMIFS('Monthly NSE Equity Futures'!$I:$I,'Monthly NSE Equity Futures'!$A:$A,$A2)) | P2: =IF(SUMIFS('Monthly BSE Equity Futures'!$I:$I,'Monthly BSE Equity Futures'!$A:$A,$A2)=0,"",SUMIFS('Monthly BSE Equity Futures'!$I:$I,'Monthly BSE Equity Futures'!$A:$A,$A2)) | Q2: =IF(OR(O2="",P2=""),"",O2+P2) | R2: =IF(Q2="","",O2/Q2) | S2: =IF(Q2="","",P2/Q2)
A3: 38018 | B3: 2003-2004 | C3: Q4FY04 | D3: =IF(SUMIFS('Monthly NSE Equity Futures'!$H:$H,'Monthly NSE Equity Futures'!$A:$A,$A3)=0,"",SUMIFS('Monthly NSE Equity Futures'!$H:$H,'Monthly NSE Equity Futures'!$A:$A,$A3)) | E3: =IF(SUMIFS('Monthly BSE Equity Futures'!$H:$H,'Monthly BSE Equity Futures'!$A:$A,$A3)=0,"",SUMIFS('Monthly BSE Equity Futures'!$H:$H,'Monthly BSE Equity Futures'!$A:$A,$A3)) | F3: =IF(OR(D3="",E3=""),"",D3+E3) | G3: =IF(F3="","",D3/F3) | H3: =IF(F3="","",E3/F3) | L3: =IF(OR(D3="",D2=""),"",D3/D2-1) | M3: =IF(OR(E3="",E2=""),"",E3/E2-1) | N3: =IF(OR(F3="",F2=""),"",F3/F2-1) | O3: =IF(SUMIFS('Monthly NSE Equity Futures'!$I:$I,'Monthly NSE Equity Futures'!$A:$A,$A3)=0,"",SUMIFS('Monthly NSE Equity Futures'!$I:$I,'Monthly NSE Equity Futures'!$A:$A,$A3)) | P3: =IF(SUMIFS('Monthly BSE Equity Futures'!$I:$I,'Monthly BSE Equity Futures'!$A:$A,$A3)=0,"",SUMIFS('Monthly BSE Equity Futures'!$I:$I,'Monthly BSE Equity Futures'!$A:$A,$A3)) | Q3: =IF(OR(O3="",P3=""),"",O3+P3) | R3: =IF(Q3="","",O3/Q3) | S3: =IF(Q3="","",P3/Q3)
A4: 38047 | B4: 2003-2004 | C4: Q4FY04 | D4: =IF(SUMIFS('Monthly NSE Equity Futures'!$H:$H,'Monthly NSE Equity Futures'!$A:$A,$A4)=0,"",SUMIFS('Monthly NSE Equity Futures'!$H:$H,'Monthly NSE Equity Futures'!$A:$A,$A4)) | E4: =IF(SUMIFS('Monthly BSE Equity Futures'!$H:$H,'Monthly BSE Equity Futures'!$A:$A,$A4)=0,"",SUMIFS('Monthly BSE Equity Futures'!$H:$H,'Monthly BSE Equity Futures'!$A:$A,$A4)) | F4: =IF(OR(D4="",E4=""),"",D4+E4) | G4: =IF(F4="","",D4/F4) | H4: =IF(F4="","",E4/F4) | L4: =IF(OR(D4="",D3=""),"",D4/D3-1) | M4: =IF(OR(E4="",E3=""),"",E4/E3-1) | N4: =IF(OR(F4="",F3=""),"",F4/F3-1) | O4: =IF(SUMIFS('Monthly NSE Equity Futures'!$I:$I,'Monthly NSE Equity Futures'!$A:$A,$A4)=0,"",SUMIFS('Monthly NSE Equity Futures'!$I:$I,'Monthly NSE Equity Futures'!$A:$A,$A4)) | P4: =IF(SUMIFS('Monthly BSE Equity Futures'!$I:$I,'Monthly BSE Equity Futures'!$A:$A,$A4)=0,"",SUMIFS('Monthly BSE Equity Futures'!$I:$I,'Monthly BSE Equity Futures'!$A:$A,$A4)) | Q4: =IF(OR(O4="",P4=""),"",O4+P4) | R4: =IF(Q4="","",O4/Q4) | S4: =IF(Q4="","",P4/Q4)
A5: 38078 | B5: 2004-2005 | C5: Q1FY05 | D5: =IF(SUMIFS('Monthly NSE Equity Futures'!$H:$H,'Monthly NSE Equity Futures'!$A:$A,$A5)=0,"",SUMIFS('Monthly NSE Equity Futures'!$H:$H,'Monthly NSE Equity Futures'!$A:$A,$A5)) | E5: =IF(SUMIFS('Monthly BSE Equity Futures'!$H:$H,'Monthly BSE Equity Futures'!$A:$A,$A5)=0,"",SUMIFS('Monthly BSE Equity Futures'!$H:$H,'Monthly BSE Equity Futures'!$A:$A,$A5)) | F5: =IF(OR(D5="",E5=""),"",D5+E5) | G5: =IF(F5="","",D5/F5) | H5: =IF(F5="","",E5/F5) | L5: =IF(OR(D5="",D4=""),"",D5/D4-1) | M5: =IF(OR(E5="",E4=""),"",E5/E4-1) | N5: =IF(OR(F5="",F4=""),"",F5/F4-1) | O5: =IF(SUMIFS('Monthly NSE Equity Futures'!$I:$I,'Monthly NSE Equity Futures'!$A:$A,$A5)=0,"",SUMIFS('Monthly NSE Equity Futures'!$I:$I,'Monthly NSE Equity Futures'!$A:$A,$A5)) | P5: =IF(SUMIFS('Monthly BSE Equity Futures'!$I:$I,'Monthly BSE Equity Futures'!$A:$A,$A5)=0,"",SUMIFS('Monthly BSE Equity Futures'!$I:$I,'Monthly BSE Equity Futures'!$A:$A,$A5)) | Q5: =IF(OR(O5="",P5=""),"",O5+P5) | R5: =IF(Q5="","",O5/Q5) | S5: =IF(Q5="","",P5/Q5)
A6: 38108 | B6: 2004-2005 | C6: Q1FY05 | D6: =IF(SUMIFS('Monthly NSE Equity Futures'!$H:$H,'Monthly NSE Equity Futures'!$A:$A,$A6)=0,"",SUMIFS('Monthly NSE Equity Futures'!$H:$H,'Monthly NSE Equity Futures'!$A:$A,$A6)) | E6: =IF(SUMIFS('Monthly BSE Equity Futures'!$H:$H,'Monthly BSE Equity Futures'!$A:$A,$A6)=0,"",SUMIFS('Monthly BSE Equity Futures'!$H:$H,'Monthly BSE Equity Futures'!$A:$A,$A6)) | F6: =IF(OR(D6="",E6=""),"",D6+E6) | G6: =IF(F6="","",D6/F6) | H6: =IF(F6="","",E6/F6) | L6: =IF(OR(D6="",D5=""),"",D6/D5-1) | M6: =IF(OR(E6="",E5=""),"",E6/E5-1) | N6: =IF(OR(F6="",F5=""),"",F6/F5-1) | O6: =IF(SUMIFS('Monthly NSE Equity Futures'!$I:$I,'Monthly NSE Equity Futures'!$A:$A,$A6)=0,"",SUMIFS('Monthly NSE Equity Futures'!$I:$I,'Monthly NSE Equity Futures'!$A:$A,$A6)) | P6: =IF(SUMIFS('Monthly BSE Equity Futures'!$I:$I,'Monthly BSE Equity Futures'!$A:$A,$A6)=0,"",SUMIFS('Monthly BSE Equity Futures'!$I:$I,'Monthly BSE Equity Futures'!$A:$A,$A6)) | Q6: =IF(OR(O6="",P6=""),"",O6+P6) | R6: =IF(Q6="","",O6/Q6) | S6: =IF(Q6="","",P6/Q6)
A7: 38139 | B7: 2004-2005 | C7: Q1FY05 | D7: =IF(SUMIFS('Monthly NSE Equity Futures'!$H:$H,'Monthly NSE Equity Futures'!$A:$A,$A7)=0,"",SUMIFS('Monthly NSE Equity Futures'!$H:$H,'Monthly NSE Equity Futures'!$A:$A,$A7)) | E7: =IF(SUMIFS('Monthly BSE Equity Futures'!$H:$H,'Monthly BSE Equity Futures'!$A:$A,$A7)=0,"",SUMIFS('Monthly BSE Equity Futures'!$H:$H,'Monthly BSE Equity Futures'!$A:$A,$A7)) | F7: =IF(OR(D7="",E7=""),"",D7+E7) | G7: =IF(F7="","",D7/F7) | H7: =IF(F7="","",E7/F7) | L7: =IF(OR(D7="",D6=""),"",D7/D6-1) | M7: =IF(OR(E7="",E6=""),"",E7/E6-1) | N7: =IF(OR(F7="",F6=""),"",F7/F6-1) | O7: =IF(SUMIFS('Monthly NSE Equity Futures'!$I:$I,'Monthly NSE Equity Futures'!$A:$A,$A7)=0,"",SUMIFS('Monthly NSE Equity Futures'!$I:$I,'Monthly NSE Equity Futures'!$A:$A,$A7)) | P7: =IF(SUMIFS('Monthly BSE Equity Futures'!$I:$I,'Monthly BSE Equity Futures'!$A:$A,$A7)=0,"",SUMIFS('Monthly BSE Equity Futures'!$I:$I,'Monthly BSE Equity Futures'!$A:$A,$A7)) | Q7: =IF(OR(O7="",P7=""),"",O7+P7) | R7: =IF(Q7="","",O7/Q7) | S7: =IF(Q7="","",P7/Q7)
A8: 38169 | B8: 2004-2005 | C8: Q2FY05 | D8: =IF(SUMIFS('Monthly NSE Equity Futures'!$H:$H,'Monthly NSE Equity Futures'!$A:$A,$A8)=0,"",SUMIFS('Monthly NSE Equity Futures'!$H:$H,'Monthly NSE Equity Futures'!$A:$A,$A8)) | E8: =IF(SUMIFS('Monthly BSE Equity Futures'!$H:$H,'Monthly BSE Equity Futures'!$A:$A,$A8)=0,"",SUMIFS('Monthly BSE Equity Futures'!$H:$H,'Monthly BSE Equity Futures'!$A:$A,$A8)) | F8: =IF(OR(D8="",E8=""),"",D8+E8) | G8: =IF(F8="","",D8/F8) | H8: =IF(F8="","",E8/F8) | L8: =IF(OR(D8="",D7=""),"",D8/D7-1) | M8: =IF(OR(E8="",E7=""),"",E8/E7-1) | N8: =IF(OR(F8="",F7=""),"",F8/F7-1) | O8: =IF(SUMIFS('Monthly NSE Equity Futures'!$I:$I,'Monthly NSE Equity Futures'!$A:$A,$A8)=0,"",SUMIFS('Monthly NSE Equity Futures'!$I:$I,'Monthly NSE Equity Futures'!$A:$A,$A8)) | P8: =IF(SUMIFS('Monthly BSE Equity Futures'!$I:$I,'Monthly BSE Equity Futures'!$A:$A,$A8)=0,"",SUMIFS('Monthly BSE Equity Futures'!$I:$I,'Monthly BSE Equity Futures'!$A:$A,$A8)) | Q8: =IF(OR(O8="",P8=""),"",O8+P8) | R8: =IF(Q8="","",O8/Q8) | S8: =IF(Q8="","",P8/Q8)
A9: 38200 | B9: 2004-2005 | C9: Q2FY05 | D9: =IF(SUMIFS('Monthly NSE Equity Futures'!$H:$H,'Monthly NSE Equity Futures'!$A:$A,$A9)=0,"",SUMIFS('Monthly NSE Equity Futures'!$H:$H,'Monthly NSE Equity Futures'!$A:$A,$A9)) | E9: =IF(SUMIFS('Monthly BSE Equity Futures'!$H:$H,'Monthly BSE Equity Futures'!$A:$A,$A9)=0,"",SUMIFS('Monthly BSE Equity Futures'!$H:$H,'Monthly BSE Equity Futures'!$A:$A,$A9)) | F9: =IF(OR(D9="",E9=""),"",D9+E9) | G9: =IF(F9="","",D9/F9) | H9: =IF(F9="","",E9/F9) | L9: =IF(OR(D9="",D8=""),"",D9/D8-1) | M9: =IF(OR(E9="",E8=""),"",E9/E8-1) | N9: =IF(OR(F9="",F8=""),"",F9/F8-1) | O9: =IF(SUMIFS('Monthly NSE Equity Futures'!$I:$I,'Monthly NSE Equity Futures'!$A:$A,$A9)=0,"",SUMIFS('Monthly NSE Equity Futures'!$I:$I,'Monthly NSE Equity Futures'!$A:$A,$A9)) | P9: =IF(SUMIFS('Monthly BSE Equity Futures'!$I:$I,'Monthly BSE Equity Futures'!$A:$A,$A9)=0,"",SUMIFS('Monthly BSE Equity Futures'!$I:$I,'Monthly BSE Equity Futures'!$A:$A,$A9)) | Q9: =IF(OR(O9="",P9=""),"",O9+P9) | R9: =IF(Q9="","",O9/Q9) | S9: =IF(Q9="","",P9/Q9)
A10: 38231 | B10: 2004-2005 | C10: Q2FY05 | D10: =IF(SUMIFS('Monthly NSE Equity Futures'!$H:$H,'Monthly NSE Equity Futures'!$A:$A,$A10)=0,"",SUMIFS('Monthly NSE Equity Futures'!$H:$H,'Monthly NSE Equity Futures'!$A:$A,$A10)) | E10: =IF(SUMIFS('Monthly BSE Equity Futures'!$H:$H,'Monthly BSE Equity Futures'!$A:$A,$A10)=0,"",SUMIFS('Monthly BSE Equity Futures'!$H:$H,'Monthly BSE Equity Futures'!$A:$A,$A10)) | F10: =IF(OR(D10="",E10=""),"",D10+E10) | G10: =IF(F10="","",D10/F10) | H10: =IF(F10="","",E10/F10) | L10: =IF(OR(D10="",D9=""),"",D10/D9-1) | M10: =IF(OR(E10="",E9=""),"",E10/E9-1) | N10: =IF(OR(F10="",F9=""),"",F10/F9-1) | O10: =IF(SUMIFS('Monthly NSE Equity Futures'!$I:$I,'Monthly NSE Equity Futures'!$A:$A,$A10)=0,"",SUMIFS('Monthly NSE Equity Futures'!$I:$I,'Monthly NSE Equity Futures'!$A:$A,$A10)) | P10: =IF(SUMIFS('Monthly BSE Equity Futures'!$I:$I,'Monthly BSE Equity Futures'!$A:$A,$A10)=0,"",SUMIFS('Monthly BSE Equity Futures'!$I:$I,'Monthly BSE Equity Futures'!$A:$A,$A10)) | Q10: =IF(OR(O10="",P10=""),"",O10+P10) | R10: =IF(Q10="","",O10/Q10) | S10: =IF(Q10="","",P10/Q10)
A11: 38261 | B11: 2004-2005 | C11: Q3FY05 | D11: =IF(SUMIFS('Monthly NSE Equity Futures'!$H:$H,'Monthly NSE Equity Futures'!$A:$A,$A11)=0,"",SUMIFS('Monthly NSE Equity Futures'!$H:$H,'Monthly NSE Equity Futures'!$A:$A,$A11)) | E11: =IF(SUMIFS('Monthly BSE Equity Futures'!$H:$H,'Monthly BSE Equity Futures'!$A:$A,$A11)=0,"",SUMIFS('Monthly BSE Equity Futures'!$H:$H,'Monthly BSE Equity Futures'!$A:$A,$A11)) | F11: =IF(OR(D11="",E11=""),"",D11+E11) | G11: =IF(F11="","",D11/F11) | H11: =IF(F11="","",E11/F11) | L11: =IF(OR(D11="",D10=""),"",D11/D10-1) | M11: =IF(OR(E11="",E10=""),"",E11/E10-1) | N11: =IF(OR(F11="",F10=""),"",F11/F10-1) | O11: =IF(SUMIFS('Monthly NSE Equity Futures'!$I:$I,'Monthly NSE Equity Futures'!$A:$A,$A11)=0,"",SUMIFS('Monthly NSE Equity Futures'!$I:$I,'Monthly NSE Equity Futures'!$A:$A,$A11)) | P11: =IF(SUMIFS('Monthly BSE Equity Futures'!$I:$I,'Monthly BSE Equity Futures'!$A:$A,$A11)=0,"",SUMIFS('Monthly BSE Equity Futures'!$I:$I,'Monthly BSE Equity Futures'!$A:$A,$A11)) | Q11: =IF(OR(O11="",P11=""),"",O11+P11) | R11: =IF(Q11="","",O11/Q11) | S11: =IF(Q11="","",P11/Q11)
A12: 38292 | B12: 2004-2005 | C12: Q3FY05 | D12: =IF(SUMIFS('Monthly NSE Equity Futures'!$H:$H,'Monthly NSE Equity Futures'!$A:$A,$A12)=0,"",SUMIFS('Monthly NSE Equity Futures'!$H:$H,'Monthly NSE Equity Futures'!$A:$A,$A12)) | E12: =IF(SUMIFS('Monthly BSE Equity Futures'!$H:$H,'Monthly BSE Equity Futures'!$A:$A,$A12)=0,"",SUMIFS('Monthly BSE Equity Futures'!$H:$H,'Monthly BSE Equity Futures'!$A:$A,$A12)) | F12: =IF(OR(D12="",E12=""),"",D12+E12) | G12: =IF(F12="","",D12/F12) | H12: =IF(F12="","",E12/F12) | L12: =IF(OR(D12="",D11=""),"",D12/D11-1) | M12: =IF(OR(E12="",E11=""),"",E12/E11-1) | N12: =IF(OR(F12="",F11=""),"",F12/F11-1) | O12: =IF(SUMIFS('Monthly NSE Equity Futures'!$I:$I,'Monthly NSE Equity Futures'!$A:$A,$A12)=0,"",SUMIFS('Monthly NSE Equity Futures'!$I:$I,'Monthly NSE Equity Futures'!$A:$A,$A12)) | P12: =IF(SUMIFS('Monthly BSE Equity Futures'!$I:$I,'Monthly BSE Equity Futures'!$A:$A,$A12)=0,"",SUMIFS('Monthly BSE Equity Futures'!$I:$I,'Monthly BSE Equity Futures'!$A:$A,$A12)) | Q12: =IF(OR(O12="",P12=""),"",O12+P12) | R12: =IF(Q12="","",O12/Q12) | S12: =IF(Q12="","",P12/Q12)
A13: 38322 | B13: 2004-2005 | C13: Q3FY05 | D13: =IF(SUMIFS('Monthly NSE Equity Futures'!$H:$H,'Monthly NSE Equity Futures'!$A:$A,$A13)=0,"",SUMIFS('Monthly NSE Equity Futures'!$H:$H,'Monthly NSE Equity Futures'!$A:$A,$A13)) | E13: =IF(SUMIFS('Monthly BSE Equity Futures'!$H:$H,'Monthly BSE Equity Futures'!$A:$A,$A13)=0,"",SUMIFS('Monthly BSE Equity Futures'!$H:$H,'Monthly BSE Equity Futures'!$A:$A,$A13)) | F13: =IF(OR(D13="",E13=""),"",D13+E13) | G13: =IF(F13="","",D13/F13) | H13: =IF(F13="","",E13/F13) | L13: =IF(OR(D13="",D12=""),"",D13/D12-1) | M13: =IF(OR(E13="",E12=""),"",E13/E12-1) | N13: =IF(OR(F13="",F12=""),"",F13/F12-1) | O13: =IF(SUMIFS('Monthly NSE Equity Futures'!$I:$I,'Monthly NSE Equity Futures'!$A:$A,$A13)=0,"",SUMIFS('Monthly NSE Equity Futures'!$I:$I,'Monthly NSE Equity Futures'!$A:$A,$A13)) | P13: =IF(SUMIFS('Monthly BSE Equity Futures'!$I:$I,'Monthly BSE Equity Futures'!$A:$A,$A13)=0,"",SUMIFS('Monthly BSE Equity Futures'!$I:$I,'Monthly BSE Equity Futures'!$A:$A,$A13)) | Q13: =IF(OR(O13="",P13=""),"",O13+P13) | R13: =IF(Q13="","",O13/Q13) | S13: =IF(Q13="","",P13/Q13)
A14: 38353 | B14: 2004-2005 | C14: Q4FY05 | D14: =IF(SUMIFS('Monthly NSE Equity Futures'!$H:$H,'Monthly NSE Equity Futures'!$A:$A,$A14)=0,"",SUMIFS('Monthly NSE Equity Futures'!$H:$H,'Monthly NSE Equity Futures'!$A:$A,$A14)) | E14: =IF(SUMIFS('Monthly BSE Equity Futures'!$H:$H,'Monthly BSE Equity Futures'!$A:$A,$A14)=0,"",SUMIFS('Monthly BSE Equity Futures'!$H:$H,'Monthly BSE Equity Futures'!$A:$A,$A14)) | F14: =IF(OR(D14="",E14=""),"",D14+E14) | G14: =IF(F14="","",D14/F14) | H14: =IF(F14="","",E14/F14) | I14: =IF(OR(D14="",D2=""),"",D14/D2-1) | J14: =IF(OR(E14="",E2=""),"",E14/E2-1) | K14: =IF(OR(F14="",F2=""),"",F14/F2-1) | L14: =IF(OR(D14="",D13=""),"",D14/D13-1) | M14: =IF(OR(E14="",E13=""),"",E14/E13-1) | N14: =IF(OR(F14="",F13=""),"",F14/F13-1) | O14: =IF(SUMIFS('Monthly NSE Equity Futures'!$I:$I,'Monthly NSE Equity Futures'!$A:$A,$A14)=0,"",SUMIFS('Monthly NSE Equity Futures'!$I:$I,'Monthly NSE Equity Futures'!$A:$A,$A14)) | P14: =IF(SUMIFS('Monthly BSE Equity Futures'!$I:$I,'Monthly BSE Equity Futures'!$A:$A,$A14)=0,"",SUMIFS('Monthly BSE Equity Futures'!$I:$I,'Monthly BSE Equity Futures'!$A:$A,$A14)) | Q14: =IF(OR(O14="",P14=""),"",O14+P14) | R14: =IF(Q14="","",O14/Q14) | S14: =IF(Q14="","",P14/Q14)
A15: 38384 | B15: 2004-2005 | C15: Q4FY05 | D15: =IF(SUMIFS('Monthly NSE Equity Futures'!$H:$H,'Monthly NSE Equity Futures'!$A:$A,$A15)=0,"",SUMIFS('Monthly NSE Equity Futures'!$H:$H,'Monthly NSE Equity Futures'!$A:$A,$A15)) | E15: =IF(SUMIFS('Monthly BSE Equity Futures'!$H:$H,'Monthly BSE Equity Futures'!$A:$A,$A15)=0,"",SUMIFS('Monthly BSE Equity Futures'!$H:$H,'Monthly BSE Equity Futures'!$A:$A,$A15)) | F15: =IF(OR(D15="",E15=""),"",D15+E15) | G15: =IF(F15="","",D15/F15) | H15: =IF(F15="","",E15/F15) | I15: =IF(OR(D15="",D3=""),"",D15/D3-1) | J15: =IF(OR(E15="",E3=""),"",E15/E3-1) | K15: =IF(OR(F15="",F3=""),"",F15/F3-1) | L15: =IF(OR(D15="",D14=""),"",D15/D14-1) | M15: =IF(OR(E15="",E14=""),"",E15/E14-1) | N15: =IF(OR(F15="",F14=""),"",F15/F14-1) | O15: =IF(SUMIFS('Monthly NSE Equity Futures'!$I:$I,'Monthly NSE Equity Futures'!$A:$A,$A15)=0,"",SUMIFS('Monthly NSE Equity Futures'!$I:$I,'Monthly NSE Equity Futures'!$A:$A,$A15)) | P15: =IF(SUMIFS('Monthly BSE Equity Futures'!$I:$I,'Monthly BSE Equity Futures'!$A:$A,$A15)=0,"",SUMIFS('Monthly BSE Equity Futures'!$I:$I,'Monthly BSE Equity Futures'!$A:$A,$A15)) | Q15: =IF(OR(O15="",P15=""),"",O15+P15) | R15: =IF(Q15="","",O15/Q15) | S15: =IF(Q15="","",P15/Q15)
A16: 38412 | B16: 2004-2005 | C16: Q4FY05 | D16: =IF(SUMIFS('Monthly NSE Equity Futures'!$H:$H,'Monthly NSE Equity Futures'!$A:$A,$A16)=0,"",SUMIFS('Monthly NSE Equity Futures'!$H:$H,'Monthly NSE Equity Futures'!$A:$A,$A16)) | E16: =IF(SUMIFS('Monthly BSE Equity Futures'!$H:$H,'Monthly BSE Equity Futures'!$A:$A,$A16)=0,"",SUMIFS('Monthly BSE Equity Futures'!$H:$H,'Monthly BSE Equity Futures'!$A:$A,$A16)) | F16: =IF(OR(D16="",E16=""),"",D16+E16) | G16: =IF(F16="","",D16/F16) | H16: =IF(F16="","",E16/F16) | I16: =IF(OR(D16="",D4=""),"",D16/D4-1) | J16: =IF(OR(E16="",E4=""),"",E16/E4-1) | K16: =IF(OR(F16="",F4=""),"",F16/F4-1) | L16: =IF(OR(D16="",D15=""),"",D16/D15-1) | M16: =IF(OR(E16="",E15=""),"",E16/E15-1) | N16: =IF(OR(F16="",F15=""),"",F16/F15-1) | O16: =IF(SUMIFS('Monthly NSE Equity Futures'!$I:$I,'Monthly NSE Equity Futures'!$A:$A,$A16)=0,"",SUMIFS('Monthly NSE Equity Futures'!$I:$I,'Monthly NSE Equity Futures'!$A:$A,$A16)) | P16: =IF(SUMIFS('Monthly BSE Equity Futures'!$I:$I,'Monthly BSE Equity Futures'!$A:$A,$A16)=0,"",SUMIFS('Monthly BSE Equity Futures'!$I:$I,'Monthly BSE Equity Futures'!$A:$A,$A16)) | Q16: =IF(OR(O16="",P16=""),"",O16+P16) | R16: =IF(Q16="","",O16/Q16) | S16: =IF(Q16="","",P16/Q16)
A17: 38443 | B17: 2005-2006 | C17: Q1FY06 | D17: =IF(SUMIFS('Monthly NSE Equity Futures'!$H:$H,'Monthly NSE Equity Futures'!$A:$A,$A17)=0,"",SUMIFS('Monthly NSE Equity Futures'!$H:$H,'Monthly NSE Equity Futures'!$A:$A,$A17)) | E17: =IF(SUMIFS('Monthly BSE Equity Futures'!$H:$H,'Monthly BSE Equity Futures'!$A:$A,$A17)=0,"",SUMIFS('Monthly BSE Equity Futures'!$H:$H,'Monthly BSE Equity Futures'!$A:$A,$A17)) | F17: =IF(OR(D17="",E17=""),"",D17+E17) | G17: =IF(F17="","",D17/F17) | H17: =IF(F17="","",E17/F17) | I17: =IF(OR(D17="",D5=""),"",D17/D5-1) | J17: =IF(OR(E17="",E5=""),"",E17/E5-1) | K17: =IF(OR(F17="",F5=""),"",F17/F5-1) | L17: =IF(OR(D17="",D16=""),"",D17/D16-1) | M17: =IF(OR(E17="",E16=""),"",E17/E16-1) | N17: =IF(OR(F17="",F16=""),"",F17/F16-1) | O17: =IF(SUMIFS('Monthly NSE Equity Futures'!$I:$I,'Monthly NSE Equity Futures'!$A:$A,$A17)=0,"",SUMIFS('Monthly NSE Equity Futures'!$I:$I,'Monthly NSE Equity Futures'!$A:$A,$A17)) | P17: =IF(SUMIFS('Monthly BSE Equity Futures'!$I:$I,'Monthly BSE Equity Futures'!$A:$A,$A17)=0,"",SUMIFS('Monthly BSE Equity Futures'!$I:$I,'Monthly BSE Equity Futures'!$A:$A,$A17)) | Q17: =IF(OR(O17="",P17=""),"",O17+P17) | R17: =IF(Q17="","",O17/Q17) | S17: =IF(Q17="","",P17/Q17)
A18: 38473 | B18: 2005-2006 | C18: Q1FY06 | D18: =IF(SUMIFS('Monthly NSE Equity Futures'!$H:$H,'Monthly NSE Equity Futures'!$A:$A,$A18)=0,"",SUMIFS('Monthly NSE Equity Futures'!$H:$H,'Monthly NSE Equity Futures'!$A:$A,$A18)) | E18: =IF(SUMIFS('Monthly BSE Equity Futures'!$H:$H,'Monthly BSE Equity Futures'!$A:$A,$A18)=0,"",SUMIFS('Monthly BSE Equity Futures'!$H:$H,'Monthly BSE Equity Futures'!$A:$A,$A18)) | F18: =IF(OR(D18="",E18=""),"",D18+E18) | G18: =IF(F18="","",D18/F18) | H18: =IF(F18="","",E18/F18) | I18: =IF(OR(D18="",D6=""),"",D18/D6-1) | J18: =IF(OR(E18="",E6=""),"",E18/E6-1) | K18: =IF(OR(F18="",F6=""),"",F18/F6-1) | L18: =IF(OR(D18="",D17=""),"",D18/D17-1) | M18: =IF(OR(E18="",E17=""),"",E18/E17-1) | N18: =IF(OR(F18="",F17=""),"",F18/F17-1) | O18: =IF(SUMIFS('Monthly NSE Equity Futures'!$I:$I,'Monthly NSE Equity Futures'!$A:$A,$A18)=0,"",SUMIFS('Monthly NSE Equity Futures'!$I:$I,'Monthly NSE Equity Futures'!$A:$A,$A18)) | P18: =IF(SUMIFS('Monthly BSE Equity Futures'!$I:$I,'Monthly BSE Equity Futures'!$A:$A,$A18)=0,"",SUMIFS('Monthly BSE Equity Futures'!$I:$I,'Monthly BSE Equity Futures'!$A:$A,$A18)) | Q18: =IF(OR(O18="",P18=""),"",O18+P18) | R18: =IF(Q18="","",O18/Q18) | S18: =IF(Q18="","",P18/Q18)
A19: 38504 | B19: 2005-2006 | C19: Q1FY06 | D19: =IF(SUMIFS('Monthly NSE Equity Futures'!$H:$H,'Monthly NSE Equity Futures'!$A:$A,$A19)=0,"",SUMIFS('Monthly NSE Equity Futures'!$H:$H,'Monthly NSE Equity Futures'!$A:$A,$A19)) | E19: =IF(SUMIFS('Monthly BSE Equity Futures'!$H:$H,'Monthly BSE Equity Futures'!$A:$A,$A19)=0,"",SUMIFS('Monthly BSE Equity Futures'!$H:$H,'Monthly BSE Equity Futures'!$A:$A,$A19)) | F19: =IF(OR(D19="",E19=""),"",D19+E19) | G19: =IF(F19="","",D19/F19) | H19: =IF(F19="","",E19/F19) | I19: =IF(OR(D19="",D7=""),"",D19/D7-1) | J19: =IF(OR(E19="",E7=""),"",E19/E7-1) | K19: =IF(OR(F19="",F7=""),"",F19/F7-1) | L19: =IF(OR(D19="",D18=""),"",D19/D18-1) | M19: =IF(OR(E19="",E18=""),"",E19/E18-1) | N19: =IF(OR(F19="",F18=""),"",F19/F18-1) | O19: =IF(SUMIFS('Monthly NSE Equity Futures'!$I:$I,'Monthly NSE Equity Futures'!$A:$A,$A19)=0,"",SUMIFS('Monthly NSE Equity Futures'!$I:$I,'Monthly NSE Equity Futures'!$A:$A,$A19)) | P19: =IF(SUMIFS('Monthly BSE Equity Futures'!$I:$I,'Monthly BSE Equity Futures'!$A:$A,$A19)=0,"",SUMIFS('Monthly BSE Equity Futures'!$I:$I,'Monthly BSE Equity Futures'!$A:$A,$A19)) | Q19: =IF(OR(O19="",P19=""),"",O19+P19) | R19: =IF(Q19="","",O19/Q19) | S19: =IF(Q19="","",P19/Q19)
A20: 38534 | B20: 2005-2006 | C20: Q2FY06 | D20: =IF(SUMIFS('Monthly NSE Equity Futures'!$H:$H,'Monthly NSE Equity Futures'!$A:$A,$A20)=0,"",SUMIFS('Monthly NSE Equity Futures'!$H:$H,'Monthly NSE Equity Futures'!$A:$A,$A20)) | E20: =IF(SUMIFS('Monthly BSE Equity Futures'!$H:$H,'Monthly BSE Equity Futures'!$A:$A,$A20)=0,"",SUMIFS('Monthly BSE Equity Futures'!$H:$H,'Monthly BSE Equity Futures'!$A:$A,$A20)) | F20: =IF(OR(D20="",E20=""),"",D20+E20) | G20: =IF(F20="","",D20/F20) | H20: =IF(F20="","",E20/F20) | I20: =IF(OR(D20="",D8=""),"",D20/D8-1) | J20: =IF(OR(E20="",E8=""),"",E20/E8-1) | K20: =IF(OR(F20="",F8=""),"",F20/F8-1) | L20: =IF(OR(D20="",D19=""),"",D20/D19-1) | M20: =IF(OR(E20="",E19=""),"",E20/E19-1) | N20: =IF(OR(F20="",F19=""),"",F20/F19-1) | O20: =IF(SUMIFS('Monthly NSE Equity Futures'!$I:$I,'Monthly NSE Equity Futures'!$A:$A,$A20)=0,"",SUMIFS('Monthly NSE Equity Futures'!$I:$I,'Monthly NSE Equity Futures'!$A:$A,$A20)) | P20: =IF(SUMIFS('Monthly BSE Equity Futures'!$I:$I,'Monthly BSE Equity Futures'!$A:$A,$A20)=0,"",SUMIFS('Monthly BSE Equity Futures'!$I:$I,'Monthly BSE Equity Futures'!$A:$A,$A20)) | Q20: =IF(OR(O20="",P20=""),"",O20+P20) | R20: =IF(Q20="","",O20/Q20) | S20: =IF(Q20="","",P20/Q20)
A21: 38565 | B21: 2005-2006 | C21: Q2FY06 | D21: =IF(SUMIFS('Monthly NSE Equity Futures'!$H:$H,'Monthly NSE Equity Futures'!$A:$A,$A21)=0,"",SUMIFS('Monthly NSE Equity Futures'!$H:$H,'Monthly NSE Equity Futures'!$A:$A,$A21)) | E21: =IF(SUMIFS('Monthly BSE Equity Futures'!$H:$H,'Monthly BSE Equity Futures'!$A:$A,$A21)=0,"",SUMIFS('Monthly BSE Equity Futures'!$H:$H,'Monthly BSE Equity Futures'!$A:$A,$A21)) | F21: =IF(OR(D21="",E21=""),"",D21+E21) | G21: =IF(F21="","",D21/F21) | H21: =IF(F21="","",E21/F21) | I21: =IF(OR(D21="",D9=""),"",D21/D9-1) | J21: =IF(OR(E21="",E9=""),"",E21/E9-1) | K21: =IF(OR(F21="",F9=""),"",F21/F9-1) | L21: =IF(OR(D21="",D20=""),"",D21/D20-1) | M21: =IF(OR(E21="",E20=""),"",E21/E20-1) | N21: =IF(OR(F21="",F20=""),"",F21/F20-1) | O21: =IF(SUMIFS('Monthly NSE Equity Futures'!$I:$I,'Monthly NSE Equity Futures'!$A:$A,$A21)=0,"",SUMIFS('Monthly NSE Equity Futures'!$I:$I,'Monthly NSE Equity Futures'!$A:$A,$A21)) | P21: =IF(SUMIFS('Monthly BSE Equity Futures'!$I:$I,'Monthly BSE Equity Futures'!$A:$A,$A21)=0,"",SUMIFS('Monthly BSE Equity Futures'!$I:$I,'Monthly BSE Equity Futures'!$A:$A,$A21)) | Q21: =IF(OR(O21="",P21=""),"",O21+P21) | R21: =IF(Q21="","",O21/Q21) | S21: =IF(Q21="","",P21/Q21)
A22: 38596 | B22: 2005-2006 | C22: Q2FY06 | D22: =IF(SUMIFS('Monthly NSE Equity Futures'!$H:$H,'Monthly NSE Equity Futures'!$A:$A,$A22)=0,"",SUMIFS('Monthly NSE Equity Futures'!$H:$H,'Monthly NSE Equity Futures'!$A:$A,$A22)) | E22: =IF(SUMIFS('Monthly BSE Equity Futures'!$H:$H,'Monthly BSE Equity Futures'!$A:$A,$A22)=0,"",SUMIFS('Monthly BSE Equity Futures'!$H:$H,'Monthly BSE Equity Futures'!$A:$A,$A22)) | F22: =IF(OR(D22="",E22=""),"",D22+E22) | G22: =IF(F22="","",D22/F22) | H22: =IF(F22="","",E22/F22) | I22: =IF(OR(D22="",D10=""),"",D22/D10-1) | J22: =IF(OR(E22="",E10=""),"",E22/E10-1) | K22: =IF(OR(F22="",F10=""),"",F22/F10-1) | L22: =IF(OR(D22="",D21=""),"",D22/D21-1) | M22: =IF(OR(E22="",E21=""),"",E22/E21-1) | N22: =IF(OR(F22="",F21=""),"",F22/F21-1) | O22: =IF(SUMIFS('Monthly NSE Equity Futures'!$I:$I,'Monthly NSE Equity Futures'!$A:$A,$A22)=0,"",SUMIFS('Monthly NSE Equity Futures'!$I:$I,'Monthly NSE Equity Futures'!$A:$A,$A22)) | P22: =IF(SUMIFS('Monthly BSE Equity Futures'!$I:$I,'Monthly BSE Equity Futures'!$A:$A,$A22)=0,"",SUMIFS('Monthly BSE Equity Futures'!$I:$I,'Monthly BSE Equity Futures'!$A:$A,$A22)) | Q22: =IF(OR(O22="",P22=""),"",O22+P22) | R22: =IF(Q22="","",O22/Q22) | S22: =IF(Q22="","",P22/Q22)
A23: 38626 | B23: 2005-2006 | C23: Q3FY06 | D23: =IF(SUMIFS('Monthly NSE Equity Futures'!$H:$H,'Monthly NSE Equity Futures'!$A:$A,$A23)=0,"",SUMIFS('Monthly NSE Equity Futures'!$H:$H,'Monthly NSE Equity Futures'!$A:$A,$A23)) | E23: =IF(SUMIFS('Monthly BSE Equity Futures'!$H:$H,'Monthly BSE Equity Futures'!$A:$A,$A23)=0,"",SUMIFS('Monthly BSE Equity Futures'!$H:$H,'Monthly BSE Equity Futures'!$A:$A,$A23)) | F23: =IF(OR(D23="",E23=""),"",D23+E23) | G23: =IF(F23="","",D23/F23) | H23: =IF(F23="","",E23/F23) | I23: =IF(OR(D23="",D11=""),"",D23/D11-1) | J23: =IF(OR(E23="",E11=""),"",E23/E11-1) | K23: =IF(OR(F23="",F11=""),"",F23/F11-1) | L23: =IF(OR(D23="",D22=""),"",D23/D22-1) | M23: =IF(OR(E23="",E22=""),"",E23/E22-1) | N23: =IF(OR(F23="",F22=""),"",F23/F22-1) | O23: =IF(SUMIFS('Monthly NSE Equity Futures'!$I:$I,'Monthly NSE Equity Futures'!$A:$A,$A23)=0,"",SUMIFS('Monthly NSE Equity Futures'!$I:$I,'Monthly NSE Equity Futures'!$A:$A,$A23)) | P23: =IF(SUMIFS('Monthly BSE Equity Futures'!$I:$I,'Monthly BSE Equity Futures'!$A:$A,$A23)=0,"",SUMIFS('Monthly BSE Equity Futures'!$I:$I,'Monthly BSE Equity Futures'!$A:$A,$A23)) | Q23: =IF(OR(O23="",P23=""),"",O23+P23) | R23: =IF(Q23="","",O23/Q23) | S23: =IF(Q23="","",P23/Q23)
A24: 38657 | B24: 2005-2006 | C24: Q3FY06 | D24: =IF(SUMIFS('Monthly NSE Equity Futures'!$H:$H,'Monthly NSE Equity Futures'!$A:$A,$A24)=0,"",SUMIFS('Monthly NSE Equity Futures'!$H:$H,'Monthly NSE Equity Futures'!$A:$A,$A24)) | E24: =IF(SUMIFS('Monthly BSE Equity Futures'!$H:$H,'Monthly BSE Equity Futures'!$A:$A,$A24)=0,"",SUMIFS('Monthly BSE Equity Futures'!$H:$H,'Monthly BSE Equity Futures'!$A:$A,$A24)) | F24: =IF(OR(D24="",E24=""),"",D24+E24) | G24: =IF(F24="","",D24/F24) | H24: =IF(F24="","",E24/F24) | I24: =IF(OR(D24="",D12=""),"",D24/D12-1) | J24: =IF(OR(E24="",E12=""),"",E24/E12-1) | K24: =IF(OR(F24="",F12=""),"",F24/F12-1) | L24: =IF(OR(D24="",D23=""),"",D24/D23-1) | M24: =IF(OR(E24="",E23=""),"",E24/E23-1) | N24: =IF(OR(F24="",F23=""),"",F24/F23-1) | O24: =IF(SUMIFS('Monthly NSE Equity Futures'!$I:$I,'Monthly NSE Equity Futures'!$A:$A,$A24)=0,"",SUMIFS('Monthly NSE Equity Futures'!$I:$I,'Monthly NSE Equity Futures'!$A:$A,$A24)) | P24: =IF(SUMIFS('Monthly BSE Equity Futures'!$I:$I,'Monthly BSE Equity Futures'!$A:$A,$A24)=0,"",SUMIFS('Monthly BSE Equity Futures'!$I:$I,'Monthly BSE Equity Futures'!$A:$A,$A24)) | Q24: =IF(OR(O24="",P24=""),"",O24+P24) | R24: =IF(Q24="","",O24/Q24) | S24: =IF(Q24="","",P24/Q24)
A25: 38687 | B25: 2005-2006 | C25: Q3FY06 | D25: =IF(SUMIFS('Monthly NSE Equity Futures'!$H:$H,'Monthly NSE Equity Futures'!$A:$A,$A25)=0,"",SUMIFS('Monthly NSE Equity Futures'!$H:$H,'Monthly NSE Equity Futures'!$A:$A,$A25)) | E25: =IF(SUMIFS('Monthly BSE Equity Futures'!$H:$H,'Monthly BSE Equity Futures'!$A:$A,$A25)=0,"",SUMIFS('Monthly BSE Equity Futures'!$H:$H,'Monthly BSE Equity Futures'!$A:$A,$A25)) | F25: =IF(OR(D25="",E25=""),"",D25+E25) | G25: =IF(F25="","",D25/F25) | H25: =IF(F25="","",E25/F25) | I25: =IF(OR(D25="",D13=""),"",D25/D13-1) | J25: =IF(OR(E25="",E13=""),"",E25/E13-1) | K25: =IF(OR(F25="",F13=""),"",F25/F13-1) | L25: =IF(OR(D25="",D24=""),"",D25/D24-1) | M25: =IF(OR(E25="",E24=""),"",E25/E24-1) | N25: =IF(OR(F25="",F24=""),"",F25/F24-1) | O25: =IF(SUMIFS('Monthly NSE Equity Futures'!$I:$I,'Monthly NSE Equity Futures'!$A:$A,$A25)=0,"",SUMIFS('Monthly NSE Equity Futures'!$I:$I,'Monthly NSE Equity Futures'!$A:$A,$A25)) | P25: =IF(SUMIFS('Monthly BSE Equity Futures'!$I:$I,'Monthly BSE Equity Futures'!$A:$A,$A25)=0,"",SUMIFS('Monthly BSE Equity Futures'!$I:$I,'Monthly BSE Equity Futures'!$A:$A,$A25)) | Q25: =IF(OR(O25="",P25=""),"",O25+P25) | R25: =IF(Q25="","",O25/Q25) | S25: =IF(Q25="","",P25/Q25)
... A274: 46266 | B274: 2026-2027 | C274: Q2FY27 | D274: =IF(SUMIFS('Monthly NSE Equity Futures'!$H:$H,'Monthly NSE Equity Futures'!$A:$A,$A274)=0,"",SUMIFS('Monthly NSE Equity Futures'!$H:$H,'Monthly NSE Equity Futures'!$A:$A,$A274)) | E274: =IF(SUMIFS('Monthly BSE Equity Futures'!$H:$H,'Monthly BSE Equity Futures'!$A:$A,$A274)=0,"",SUMIFS('Monthly BSE Equity Futures'!$H:$H,'Monthly BSE Equity Futures'!$A:$A,$A274)) | F274: =IF(OR(D274="",E274=""),"",D274+E274) | G274: =IF(F274="","",D274/F274) | H274: =IF(F274="","",E274/F274) | I274: =IF(OR(D274="",D262=""),"",D274/D262-1) | J274: =IF(OR(E274="",E262=""),"",E274/E262-1) | K274: =IF(OR(F274="",F262=""),"",F274/F262-1) | L274: =IF(OR(D274="",D273=""),"",D274/D273-1) | M274: =IF(OR(E274="",E273=""),"",E274/E273-1) | N274: =IF(OR(F274="",F273=""),"",F274/F273-1) | O274: =IF(SUMIFS('Monthly NSE Equity Futures'!$I:$I,'Monthly NSE Equity Futures'!$A:$A,$A274)=0,"",SUMIFS('Monthly NSE Equity Futures'!$I:$I,'Monthly NSE Equity Futures'!$A:$A,$A274)) | P274: =IF(SUMIFS('Monthly BSE Equity Futures'!$I:$I,'Monthly BSE Equity Futures'!$A:$A,$A274)=0,"",SUMIFS('Monthly BSE Equity Futures'!$I:$I,'Monthly BSE Equity Futures'!$A:$A,$A274)) | Q274: =IF(OR(O274="",P274=""),"",O274+P274) | R274: =IF(Q274="","",O274/Q274) | S274: =IF(Q274="","",P274/Q274)
A276: MTD Comparison - Sep-2026 MTD vs Sep-2025 MTD (same number of trading days)
A277: Trading days elapsed in Sep-2026 (per NSE daily) | B277: =COUNTIF('Daily NSE Equity Futures'!$A:$A,">="&DATE(2026,9,1))
A278: Matched Sep-2025 window | B278: =DATE(2025,9,1) | C278: =INDEX('Daily NSE Equity Futures'!$A:$A,COUNTIF('Daily NSE Equity Futures'!$A:$A,"<"&DATE(2025,9,1))+1+$B277)
D279: NSE Turnover (INR Bn) | E279: BSE Turnover (INR Bn) | F279: Total Turnover (INR Bn) | G279: NSE Turnover Market Share | H279: BSE Turnover Market Share | O279: NSE No. of Contracts | P279: BSE No. of Contracts | Q279: Total No. of Contracts | R279: NSE Contracts Market Share | S279: BSE Contracts Market Share
A280: Sep-2025 MTD (first N trading days) | D280: =SUMIFS('Daily NSE Equity Futures'!$I:$I,'Daily NSE Equity Futures'!$A:$A,">="&$B$278,'Daily NSE Equity Futures'!$A:$A,"<="&$C$278) | E280: =SUMIFS('Daily BSE Equity Futures'!$I:$I,'Daily BSE Equity Futures'!$A:$A,">="&$B$278,'Daily BSE Equity Futures'!$A:$A,"<="&$C$278) | F280: =D280+E280 | G280: =IF(F280=0,"",D280/F280) | H280: =IF(F280=0,"",E280/F280) | O280: =SUMIFS('Daily NSE Equity Futures'!$J:$J,'Daily NSE Equity Futures'!$A:$A,">="&$B$278,'Daily NSE Equity Futures'!$A:$A,"<="&$C$278) | P280: =SUMIFS('Daily BSE Equity Futures'!$J:$J,'Daily BSE Equity Futures'!$A:$A,">="&$B$278,'Daily BSE Equity Futures'!$A:$A,"<="&$C$278) | Q280: =O280+P280 | R280: =IF(Q280=0,"",O280/Q280) | S280: =IF(Q280=0,"",P280/Q280)
A281: Sep-2026 MTD | D281: =SUMIFS('Daily NSE Equity Futures'!$I:$I,'Daily NSE Equity Futures'!$A:$A,">="&DATE(2026,9,1)) | E281: =SUMIFS('Daily BSE Equity Futures'!$I:$I,'Daily BSE Equity Futures'!$A:$A,">="&DATE(2026,9,1)) | F281: =D281+E281 | G281: =IF(F281=0,"",D281/F281) | H281: =IF(F281=0,"",E281/F281) | O281: =SUMIFS('Daily NSE Equity Futures'!$J:$J,'Daily NSE Equity Futures'!$A:$A,">="&DATE(2026,9,1)) | P281: =SUMIFS('Daily BSE Equity Futures'!$J:$J,'Daily BSE Equity Futures'!$A:$A,">="&DATE(2026,9,1)) | Q281: =O281+P281 | R281: =IF(Q281=0,"",O281/Q281) | S281: =IF(Q281=0,"",P281/Q281)
A282: MTD Growth (Sep-2026 vs Sep-2025) | D282: =IF(OR(D280=0,D280=""),"",D281/D280-1) | E282: =IF(OR(E280=0,E280=""),"",E281/E280-1) | F282: =IF(OR(F280=0,F280=""),"",F281/F280-1) | O282: =IF(OR(O280=0,O280=""),"",O281/O280-1) | P282: =IF(OR(P280=0,P280=""),"",P281/P280-1) | Q282: =IF(OR(Q280=0,Q280=""),"",Q281/Q280-1)

Sheet Day Equity Futures Mkt Share
A1: Trade Date | B1: Trade Day | C1: Trade Month - Year | D1: Qrtr - Year | E1: NSE Turnover (INR Bn) | F1: BSE Turnover (INR Bn) | G1: Total Turnover (INR Bn) | H1: NSE Turnover Market Share | I1: BSE Turnover Market Share | J1: NSE Turnover YoY Growth | K1: BSE Turnover YoY Growth | L1: Total Turnover YoY Growth | M1: NSE Turnover DoD Growth | N1: BSE Turnover DoD Growth | O1: Total Turnover DoD Growth | P1: NSE No. of Contracts | Q1: BSE No. of Contracts | R1: Total No. of Contracts | S1: NSE Contracts Market Share | T1: BSE Contracts Market Share
A2: 43922 | B2: Wednesday | C2: 43922 | D2: Q1FY21 | E2: =IF(SUMIFS('Daily NSE Equity Futures'!$I:$I,'Daily NSE Equity Futures'!$A:$A,$A2)=0,"",SUMIFS('Daily NSE Equity Futures'!$I:$I,'Daily NSE Equity Futures'!$A:$A,$A2)) | F2: =IF(SUMIFS('Daily BSE Equity Futures'!$I:$I,'Daily BSE Equity Futures'!$A:$A,$A2)=0,"",SUMIFS('Daily BSE Equity Futures'!$I:$I,'Daily BSE Equity Futures'!$A:$A,$A2)) | G2: =IF(OR(E2="",F2=""),"",E2+F2) | H2: =IF(G2="","",E2/G2) | I2: =IF(G2="","",F2/G2) | J2: =IFERROR(IF(OR(E2="",INDEX(E:E,MATCH(DATE(YEAR($A2)-1,MONTH($A2),DAY($A2)),$A:$A,0))=""),"",E2/INDEX(E:E,MATCH(DATE(YEAR($A2)-1,MONTH($A2),DAY($A2)),$A:$A,0))-1),"") | K2: =IFERROR(IF(OR(F2="",INDEX(F:F,MATCH(DATE(YEAR($A2)-1,MONTH($A2),DAY($A2)),$A:$A,0))=""),"",F2/INDEX(F:F,MATCH(DATE(YEAR($A2)-1,MONTH($A2),DAY($A2)),$A:$A,0))-1),"") | L2: =IFERROR(IF(OR(G2="",INDEX(G:G,MATCH(DATE(YEAR($A2)-1,MONTH($A2),DAY($A2)),$A:$A,0))=""),"",G2/INDEX(G:G,MATCH(DATE(YEAR($A2)-1,MONTH($A2),DAY($A2)),$A:$A,0))-1),"") | P2: =IF(SUMIFS('Daily NSE Equity Futures'!$J:$J,'Daily NSE Equity Futures'!$A:$A,$A2)=0,"",SUMIFS('Daily NSE Equity Futures'!$J:$J,'Daily NSE Equity Futures'!$A:$A,$A2)) | Q2: =IF(SUMIFS('Daily BSE Equity Futures'!$J:$J,'Daily BSE Equity Futures'!$A:$A,$A2)=0,"",SUMIFS('Daily BSE Equity Futures'!$J:$J,'Daily BSE Equity Futures'!$A:$A,$A2)) | R2: =IF(OR(P2="",Q2=""),"",P2+Q2) | S2: =IF(R2="","",P2/R2) | T2: =IF(R2="","",Q2/R2)
A3: 43924 | B3: Friday | C3: 43922 | D3: Q1FY21 | E3: =IF(SUMIFS('Daily NSE Equity Futures'!$I:$I,'Daily NSE Equity Futures'!$A:$A,$A3)=0,"",SUMIFS('Daily NSE Equity Futures'!$I:$I,'Daily NSE Equity Futures'!$A:$A,$A3)) | F3: =IF(SUMIFS('Daily BSE Equity Futures'!$I:$I,'Daily BSE Equity Futures'!$A:$A,$A3)=0,"",SUMIFS('Daily BSE Equity Futures'!$I:$I,'Daily BSE Equity Futures'!$A:$A,$A3)) | G3: =IF(OR(E3="",F3=""),"",E3+F3) | H3: =IF(G3="","",E3/G3) | I3: =IF(G3="","",F3/G3) | J3: =IFERROR(IF(OR(E3="",INDEX(E:E,MATCH(DATE(YEAR($A3)-1,MONTH($A3),DAY($A3)),$A:$A,0))=""),"",E3/INDEX(E:E,MATCH(DATE(YEAR($A3)-1,MONTH($A3),DAY($A3)),$A:$A,0))-1),"") | K3: =IFERROR(IF(OR(F3="",INDEX(F:F,MATCH(DATE(YEAR($A3)-1,MONTH($A3),DAY($A3)),$A:$A,0))=""),"",F3/INDEX(F:F,MATCH(DATE(YEAR($A3)-1,MONTH($A3),DAY($A3)),$A:$A,0))-1),"") | L3: =IFERROR(IF(OR(G3="",INDEX(G:G,MATCH(DATE(YEAR($A3)-1,MONTH($A3),DAY($A3)),$A:$A,0))=""),"",G3/INDEX(G:G,MATCH(DATE(YEAR($A3)-1,MONTH($A3),DAY($A3)),$A:$A,0))-1),"") | M3: =IF(OR(E3="",E2=""),"",E3/E2-1) | N3: =IF(OR(F3="",F2=""),"",F3/F2-1) | O3: =IF(OR(G3="",G2=""),"",G3/G2-1) | P3: =IF(SUMIFS('Daily NSE Equity Futures'!$J:$J,'Daily NSE Equity Futures'!$A:$A,$A3)=0,"",SUMIFS('Daily NSE Equity Futures'!$J:$J,'Daily NSE Equity Futures'!$A:$A,$A3)) | Q3: =IF(SUMIFS('Daily BSE Equity Futures'!$J:$J,'Daily BSE Equity Futures'!$A:$A,$A3)=0,"",SUMIFS('Daily BSE Equity Futures'!$J:$J,'Daily BSE Equity Futures'!$A:$A,$A3)) | R3: =IF(OR(P3="",Q3=""),"",P3+Q3) | S3: =IF(R3="","",P3/R3) | T3: =IF(R3="","",Q3/R3)
A4: 43928 | B4: Tuesday | C4: 43922 | D4: Q1FY21 | E4: =IF(SUMIFS('Daily NSE Equity Futures'!$I:$I,'Daily NSE Equity Futures'!$A:$A,$A4)=0,"",SUMIFS('Daily NSE Equity Futures'!$I:$I,'Daily NSE Equity Futures'!$A:$A,$A4)) | F4: =IF(SUMIFS('Daily BSE Equity Futures'!$I:$I,'Daily BSE Equity Futures'!$A:$A,$A4)=0,"",SUMIFS('Daily BSE Equity Futures'!$I:$I,'Daily BSE Equity Futures'!$A:$A,$A4)) | G4: =IF(OR(E4="",F4=""),"",E4+F4) | H4: =IF(G4="","",E4/G4) | I4: =IF(G4="","",F4/G4) | J4: =IFERROR(IF(OR(E4="",INDEX(E:E,MATCH(DATE(YEAR($A4)-1,MONTH($A4),DAY($A4)),$A:$A,0))=""),"",E4/INDEX(E:E,MATCH(DATE(YEAR($A4)-1,MONTH($A4),DAY($A4)),$A:$A,0))-1),"") | K4: =IFERROR(IF(OR(F4="",INDEX(F:F,MATCH(DATE(YEAR($A4)-1,MONTH($A4),DAY($A4)),$A:$A,0))=""),"",F4/INDEX(F:F,MATCH(DATE(YEAR($A4)-1,MONTH($A4),DAY($A4)),$A:$A,0))-1),"") | L4: =IFERROR(IF(OR(G4="",INDEX(G:G,MATCH(DATE(YEAR($A4)-1,MONTH($A4),DAY($A4)),$A:$A,0))=""),"",G4/INDEX(G:G,MATCH(DATE(YEAR($A4)-1,MONTH($A4),DAY($A4)),$A:$A,0))-1),"") | M4: =IF(OR(E4="",E3=""),"",E4/E3-1) | N4: =IF(OR(F4="",F3=""),"",F4/F3-1) | O4: =IF(OR(G4="",G3=""),"",G4/G3-1) | P4: =IF(SUMIFS('Daily NSE Equity Futures'!$J:$J,'Daily NSE Equity Futures'!$A:$A,$A4)=0,"",SUMIFS('Daily NSE Equity Futures'!$J:$J,'Daily NSE Equity Futures'!$A:$A,$A4)) | Q4: =IF(SUMIFS('Daily BSE Equity Futures'!$J:$J,'Daily BSE Equity Futures'!$A:$A,$A4)=0,"",SUMIFS('Daily BSE Equity Futures'!$J:$J,'Daily BSE Equity Futures'!$A:$A,$A4)) | R4: =IF(OR(P4="",Q4=""),"",P4+Q4) | S4: =IF(R4="","",P4/R4) | T4: =IF(R4="","",Q4/R4)
A5: 43929 | B5: Wednesday | C5: 43922 | D5: Q1FY21 | E5: =IF(SUMIFS('Daily NSE Equity Futures'!$I:$I,'Daily NSE Equity Futures'!$A:$A,$A5)=0,"",SUMIFS('Daily NSE Equity Futures'!$I:$I,'Daily NSE Equity Futures'!$A:$A,$A5)) | F5: =IF(SUMIFS('Daily BSE Equity Futures'!$I:$I,'Daily BSE Equity Futures'!$A:$A,$A5)=0,"",SUMIFS('Daily BSE Equity Futures'!$I:$I,'Daily BSE Equity Futures'!$A:$A,$A5)) | G5: =IF(OR(E5="",F5=""),"",E5+F5) | H5: =IF(G5="","",E5/G5) | I5: =IF(G5="","",F5/G5) | J5: =IFERROR(IF(OR(E5="",INDEX(E:E,MATCH(DATE(YEAR($A5)-1,MONTH($A5),DAY($A5)),$A:$A,0))=""),"",E5/INDEX(E:E,MATCH(DATE(YEAR($A5)-1,MONTH($A5),DAY($A5)),$A:$A,0))-1),"") | K5: =IFERROR(IF(OR(F5="",INDEX(F:F,MATCH(DATE(YEAR($A5)-1,MONTH($A5),DAY($A5)),$A:$A,0))=""),"",F5/INDEX(F:F,MATCH(DATE(YEAR($A5)-1,MONTH($A5),DAY($A5)),$A:$A,0))-1),"") | L5: =IFERROR(IF(OR(G5="",INDEX(G:G,MATCH(DATE(YEAR($A5)-1,MONTH($A5),DAY($A5)),$A:$A,0))=""),"",G5/INDEX(G:G,MATCH(DATE(YEAR($A5)-1,MONTH($A5),DAY($A5)),$A:$A,0))-1),"") | M5: =IF(OR(E5="",E4=""),"",E5/E4-1) | N5: =IF(OR(F5="",F4=""),"",F5/F4-1) | O5: =IF(OR(G5="",G4=""),"",G5/G4-1) | P5: =IF(SUMIFS('Daily NSE Equity Futures'!$J:$J,'Daily NSE Equity Futures'!$A:$A,$A5)=0,"",SUMIFS('Daily NSE Equity Futures'!$J:$J,'Daily NSE Equity Futures'!$A:$A,$A5)) | Q5: =IF(SUMIFS('Daily BSE Equity Futures'!$J:$J,'Daily BSE Equity Futures'!$A:$A,$A5)=0,"",SUMIFS('Daily BSE Equity Futures'!$J:$J,'Daily BSE Equity Futures'!$A:$A,$A5)) | R5: =IF(OR(P5="",Q5=""),"",P5+Q5) | S5: =IF(R5="","",P5/R5) | T5: =IF(R5="","",Q5/R5)
A6: 43930 | B6: Thursday | C6: 43922 | D6: Q1FY21 | E6: =IF(SUMIFS('Daily NSE Equity Futures'!$I:$I,'Daily NSE Equity Futures'!$A:$A,$A6)=0,"",SUMIFS('Daily NSE Equity Futures'!$I:$I,'Daily NSE Equity Futures'!$A:$A,$A6)) | F6: =IF(SUMIFS('Daily BSE Equity Futures'!$I:$I,'Daily BSE Equity Futures'!$A:$A,$A6)=0,"",SUMIFS('Daily BSE Equity Futures'!$I:$I,'Daily BSE Equity Futures'!$A:$A,$A6)) | G6: =IF(OR(E6="",F6=""),"",E6+F6) | H6: =IF(G6="","",E6/G6) | I6: =IF(G6="","",F6/G6) | J6: =IFERROR(IF(OR(E6="",INDEX(E:E,MATCH(DATE(YEAR($A6)-1,MONTH($A6),DAY($A6)),$A:$A,0))=""),"",E6/INDEX(E:E,MATCH(DATE(YEAR($A6)-1,MONTH($A6),DAY($A6)),$A:$A,0))-1),"") | K6: =IFERROR(IF(OR(F6="",INDEX(F:F,MATCH(DATE(YEAR($A6)-1,MONTH($A6),DAY($A6)),$A:$A,0))=""),"",F6/INDEX(F:F,MATCH(DATE(YEAR($A6)-1,MONTH($A6),DAY($A6)),$A:$A,0))-1),"") | L6: =IFERROR(IF(OR(G6="",INDEX(G:G,MATCH(DATE(YEAR($A6)-1,MONTH($A6),DAY($A6)),$A:$A,0))=""),"",G6/INDEX(G:G,MATCH(DATE(YEAR($A6)-1,MONTH($A6),DAY($A6)),$A:$A,0))-1),"") | M6: =IF(OR(E6="",E5=""),"",E6/E5-1) | N6: =IF(OR(F6="",F5=""),"",F6/F5-1) | O6: =IF(OR(G6="",G5=""),"",G6/G5-1) | P6: =IF(SUMIFS('Daily NSE Equity Futures'!$J:$J,'Daily NSE Equity Futures'!$A:$A,$A6)=0,"",SUMIFS('Daily NSE Equity Futures'!$J:$J,'Daily NSE Equity Futures'!$A:$A,$A6)) | Q6: =IF(SUMIFS('Daily BSE Equity Futures'!$J:$J,'Daily BSE Equity Futures'!$A:$A,$A6)=0,"",SUMIFS('Daily BSE Equity Futures'!$J:$J,'Daily BSE Equity Futures'!$A:$A,$A6)) | R6: =IF(OR(P6="",Q6=""),"",P6+Q6) | S6: =IF(R6="","",P6/R6) | T6: =IF(R6="","",Q6/R6)
A7: 43934 | B7: Monday | C7: 43922 | D7: Q1FY21 | E7: =IF(SUMIFS('Daily NSE Equity Futures'!$I:$I,'Daily NSE Equity Futures'!$A:$A,$A7)=0,"",SUMIFS('Daily NSE Equity Futures'!$I:$I,'Daily NSE Equity Futures'!$A:$A,$A7)) | F7: =IF(SUMIFS('Daily BSE Equity Futures'!$I:$I,'Daily BSE Equity Futures'!$A:$A,$A7)=0,"",SUMIFS('Daily BSE Equity Futures'!$I:$I,'Daily BSE Equity Futures'!$A:$A,$A7)) | G7: =IF(OR(E7="",F7=""),"",E7+F7) | H7: =IF(G7="","",E7/G7) | I7: =IF(G7="","",F7/G7) | J7: =IFERROR(IF(OR(E7="",INDEX(E:E,MATCH(DATE(YEAR($A7)-1,MONTH($A7),DAY($A7)),$A:$A,0))=""),"",E7/INDEX(E:E,MATCH(DATE(YEAR($A7)-1,MONTH($A7),DAY($A7)),$A:$A,0))-1),"") | K7: =IFERROR(IF(OR(F7="",INDEX(F:F,MATCH(DATE(YEAR($A7)-1,MONTH($A7),DAY($A7)),$A:$A,0))=""),"",F7/INDEX(F:F,MATCH(DATE(YEAR($A7)-1,MONTH($A7),DAY($A7)),$A:$A,0))-1),"") | L7: =IFERROR(IF(OR(G7="",INDEX(G:G,MATCH(DATE(YEAR($A7)-1,MONTH($A7),DAY($A7)),$A:$A,0))=""),"",G7/INDEX(G:G,MATCH(DATE(YEAR($A7)-1,MONTH($A7),DAY($A7)),$A:$A,0))-1),"") | M7: =IF(OR(E7="",E6=""),"",E7/E6-1) | N7: =IF(OR(F7="",F6=""),"",F7/F6-1) | O7: =IF(OR(G7="",G6=""),"",G7/G6-1) | P7: =IF(SUMIFS('Daily NSE Equity Futures'!$J:$J,'Daily NSE Equity Futures'!$A:$A,$A7)=0,"",SUMIFS('Daily NSE Equity Futures'!$J:$J,'Daily NSE Equity Futures'!$A:$A,$A7)) | Q7: =IF(SUMIFS('Daily BSE Equity Futures'!$J:$J,'Daily BSE Equity Futures'!$A:$A,$A7)=0,"",SUMIFS('Daily BSE Equity Futures'!$J:$J,'Daily BSE Equity Futures'!$A:$A,$A7)) | R7: =IF(OR(P7="",Q7=""),"",P7+Q7) | S7: =IF(R7="","",P7/R7) | T7: =IF(R7="","",Q7/R7)
A8: 43936 | B8: Wednesday | C8: 43922 | D8: Q1FY21 | E8: =IF(SUMIFS('Daily NSE Equity Futures'!$I:$I,'Daily NSE Equity Futures'!$A:$A,$A8)=0,"",SUMIFS('Daily NSE Equity Futures'!$I:$I,'Daily NSE Equity Futures'!$A:$A,$A8)) | F8: =IF(SUMIFS('Daily BSE Equity Futures'!$I:$I,'Daily BSE Equity Futures'!$A:$A,$A8)=0,"",SUMIFS('Daily BSE Equity Futures'!$I:$I,'Daily BSE Equity Futures'!$A:$A,$A8)) | G8: =IF(OR(E8="",F8=""),"",E8+F8) | H8: =IF(G8="","",E8/G8) | I8: =IF(G8="","",F8/G8) | J8: =IFERROR(IF(OR(E8="",INDEX(E:E,MATCH(DATE(YEAR($A8)-1,MONTH($A8),DAY($A8)),$A:$A,0))=""),"",E8/INDEX(E:E,MATCH(DATE(YEAR($A8)-1,MONTH($A8),DAY($A8)),$A:$A,0))-1),"") | K8: =IFERROR(IF(OR(F8="",INDEX(F:F,MATCH(DATE(YEAR($A8)-1,MONTH($A8),DAY($A8)),$A:$A,0))=""),"",F8/INDEX(F:F,MATCH(DATE(YEAR($A8)-1,MONTH($A8),DAY($A8)),$A:$A,0))-1),"") | L8: =IFERROR(IF(OR(G8="",INDEX(G:G,MATCH(DATE(YEAR($A8)-1,MONTH($A8),DAY($A8)),$A:$A,0))=""),"",G8/INDEX(G:G,MATCH(DATE(YEAR($A8)-1,MONTH($A8),DAY($A8)),$A:$A,0))-1),"") | M8: =IF(OR(E8="",E7=""),"",E8/E7-1) | N8: =IF(OR(F8="",F7=""),"",F8/F7-1) | O8: =IF(OR(G8="",G7=""),"",G8/G7-1) | P8: =IF(SUMIFS('Daily NSE Equity Futures'!$J:$J,'Daily NSE Equity Futures'!$A:$A,$A8)=0,"",SUMIFS('Daily NSE Equity Futures'!$J:$J,'Daily NSE Equity Futures'!$A:$A,$A8)) | Q8: =IF(SUMIFS('Daily BSE Equity Futures'!$J:$J,'Daily BSE Equity Futures'!$A:$A,$A8)=0,"",SUMIFS('Daily BSE Equity Futures'!$J:$J,'Daily BSE Equity Futures'!$A:$A,$A8)) | R8: =IF(OR(P8="",Q8=""),"",P8+Q8) | S8: =IF(R8="","",P8/R8) | T8: =IF(R8="","",Q8/R8)
A9: 43937 | B9: Thursday | C9: 43922 | D9: Q1FY21 | E9: =IF(SUMIFS('Daily NSE Equity Futures'!$I:$I,'Daily NSE Equity Futures'!$A:$A,$A9)=0,"",SUMIFS('Daily NSE Equity Futures'!$I:$I,'Daily NSE Equity Futures'!$A:$A,$A9)) | F9: =IF(SUMIFS('Daily BSE Equity Futures'!$I:$I,'Daily BSE Equity Futures'!$A:$A,$A9)=0,"",SUMIFS('Daily BSE Equity Futures'!$I:$I,'Daily BSE Equity Futures'!$A:$A,$A9)) | G9: =IF(OR(E9="",F9=""),"",E9+F9) | H9: =IF(G9="","",E9/G9) | I9: =IF(G9="","",F9/G9) | J9: =IFERROR(IF(OR(E9="",INDEX(E:E,MATCH(DATE(YEAR($A9)-1,MONTH($A9),DAY($A9)),$A:$A,0))=""),"",E9/INDEX(E:E,MATCH(DATE(YEAR($A9)-1,MONTH($A9),DAY($A9)),$A:$A,0))-1),"") | K9: =IFERROR(IF(OR(F9="",INDEX(F:F,MATCH(DATE(YEAR($A9)-1,MONTH($A9),DAY($A9)),$A:$A,0))=""),"",F9/INDEX(F:F,MATCH(DATE(YEAR($A9)-1,MONTH($A9),DAY($A9)),$A:$A,0))-1),"") | L9: =IFERROR(IF(OR(G9="",INDEX(G:G,MATCH(DATE(YEAR($A9)-1,MONTH($A9),DAY($A9)),$A:$A,0))=""),"",G9/INDEX(G:G,MATCH(DATE(YEAR($A9)-1,MONTH($A9),DAY($A9)),$A:$A,0))-1),"") | M9: =IF(OR(E9="",E8=""),"",E9/E8-1) | N9: =IF(OR(F9="",F8=""),"",F9/F8-1) | O9: =IF(OR(G9="",G8=""),"",G9/G8-1) | P9: =IF(SUMIFS('Daily NSE Equity Futures'!$J:$J,'Daily NSE Equity Futures'!$A:$A,$A9)=0,"",SUMIFS('Daily NSE Equity Futures'!$J:$J,'Daily NSE Equity Futures'!$A:$A,$A9)) | Q9: =IF(SUMIFS('Daily BSE Equity Futures'!$J:$J,'Daily BSE Equity Futures'!$A:$A,$A9)=0,"",SUMIFS('Daily BSE Equity Futures'!$J:$J,'Daily BSE Equity Futures'!$A:$A,$A9)) | R9: =IF(OR(P9="",Q9=""),"",P9+Q9) | S9: =IF(R9="","",P9/R9) | T9: =IF(R9="","",Q9/R9)
A10: 43938 | B10: Friday | C10: 43922 | D10: Q1FY21 | E10: =IF(SUMIFS('Daily NSE Equity Futures'!$I:$I,'Daily NSE Equity Futures'!$A:$A,$A10)=0,"",SUMIFS('Daily NSE Equity Futures'!$I:$I,'Daily NSE Equity Futures'!$A:$A,$A10)) | F10: =IF(SUMIFS('Daily BSE Equity Futures'!$I:$I,'Daily BSE Equity Futures'!$A:$A,$A10)=0,"",SUMIFS('Daily BSE Equity Futures'!$I:$I,'Daily BSE Equity Futures'!$A:$A,$A10)) | G10: =IF(OR(E10="",F10=""),"",E10+F10) | H10: =IF(G10="","",E10/G10) | I10: =IF(G10="","",F10/G10) | J10: =IFERROR(IF(OR(E10="",INDEX(E:E,MATCH(DATE(YEAR($A10)-1,MONTH($A10),DAY($A10)),$A:$A,0))=""),"",E10/INDEX(E:E,MATCH(DATE(YEAR($A10)-1,MONTH($A10),DAY($A10)),$A:$A,0))-1),"") | K10: =IFERROR(IF(OR(F10="",INDEX(F:F,MATCH(DATE(YEAR($A10)-1,MONTH($A10),DAY($A10)),$A:$A,0))=""),"",F10/INDEX(F:F,MATCH(DATE(YEAR($A10)-1,MONTH($A10),DAY($A10)),$A:$A,0))-1),"") | L10: =IFERROR(IF(OR(G10="",INDEX(G:G,MATCH(DATE(YEAR($A10)-1,MONTH($A10),DAY($A10)),$A:$A,0))=""),"",G10/INDEX(G:G,MATCH(DATE(YEAR($A10)-1,MONTH($A10),DAY($A10)),$A:$A,0))-1),"") | M10: =IF(OR(E10="",E9=""),"",E10/E9-1) | N10: =IF(OR(F10="",F9=""),"",F10/F9-1) | O10: =IF(OR(G10="",G9=""),"",G10/G9-1) | P10: =IF(SUMIFS('Daily NSE Equity Futures'!$J:$J,'Daily NSE Equity Futures'!$A:$A,$A10)=0,"",SUMIFS('Daily NSE Equity Futures'!$J:$J,'Daily NSE Equity Futures'!$A:$A,$A10)) | Q10: =IF(SUMIFS('Daily BSE Equity Futures'!$J:$J,'Daily BSE Equity Futures'!$A:$A,$A10)=0,"",SUMIFS('Daily BSE Equity Futures'!$J:$J,'Daily BSE Equity Futures'!$A:$A,$A10)) | R10: =IF(OR(P10="",Q10=""),"",P10+Q10) | S10: =IF(R10="","",P10/R10) | T10: =IF(R10="","",Q10/R10)
A11: 43941 | B11: Monday | C11: 43922 | D11: Q1FY21 | E11: =IF(SUMIFS('Daily NSE Equity Futures'!$I:$I,'Daily NSE Equity Futures'!$A:$A,$A11)=0,"",SUMIFS('Daily NSE Equity Futures'!$I:$I,'Daily NSE Equity Futures'!$A:$A,$A11)) | F11: =IF(SUMIFS('Daily BSE Equity Futures'!$I:$I,'Daily BSE Equity Futures'!$A:$A,$A11)=0,"",SUMIFS('Daily BSE Equity Futures'!$I:$I,'Daily BSE Equity Futures'!$A:$A,$A11)) | G11: =IF(OR(E11="",F11=""),"",E11+F11) | H11: =IF(G11="","",E11/G11) | I11: =IF(G11="","",F11/G11) | J11: =IFERROR(IF(OR(E11="",INDEX(E:E,MATCH(DATE(YEAR($A11)-1,MONTH($A11),DAY($A11)),$A:$A,0))=""),"",E11/INDEX(E:E,MATCH(DATE(YEAR($A11)-1,MONTH($A11),DAY($A11)),$A:$A,0))-1),"") | K11: =IFERROR(IF(OR(F11="",INDEX(F:F,MATCH(DATE(YEAR($A11)-1,MONTH($A11),DAY($A11)),$A:$A,0))=""),"",F11/INDEX(F:F,MATCH(DATE(YEAR($A11)-1,MONTH($A11),DAY($A11)),$A:$A,0))-1),"") | L11: =IFERROR(IF(OR(G11="",INDEX(G:G,MATCH(DATE(YEAR($A11)-1,MONTH($A11),DAY($A11)),$A:$A,0))=""),"",G11/INDEX(G:G,MATCH(DATE(YEAR($A11)-1,MONTH($A11),DAY($A11)),$A:$A,0))-1),"") | M11: =IF(OR(E11="",E10=""),"",E11/E10-1) | N11: =IF(OR(F11="",F10=""),"",F11/F10-1) | O11: =IF(OR(G11="",G10=""),"",G11/G10-1) | P11: =IF(SUMIFS('Daily NSE Equity Futures'!$J:$J,'Daily NSE Equity Futures'!$A:$A,$A11)=0,"",SUMIFS('Daily NSE Equity Futures'!$J:$J,'Daily NSE Equity Futures'!$A:$A,$A11)) | Q11: =IF(SUMIFS('Daily BSE Equity Futures'!$J:$J,'Daily BSE Equity Futures'!$A:$A,$A11)=0,"",SUMIFS('Daily BSE Equity Futures'!$J:$J,'Daily BSE Equity Futures'!$A:$A,$A11)) | R11: =IF(OR(P11="",Q11=""),"",P11+Q11) | S11: =IF(R11="","",P11/R11) | T11: =IF(R11="","",Q11/R11)
A12: 43942 | B12: Tuesday | C12: 43922 | D12: Q1FY21 | E12: =IF(SUMIFS('Daily NSE Equity Futures'!$I:$I,'Daily NSE Equity Futures'!$A:$A,$A12)=0,"",SUMIFS('Daily NSE Equity Futures'!$I:$I,'Daily NSE Equity Futures'!$A:$A,$A12)) | F12: =IF(SUMIFS('Daily BSE Equity Futures'!$I:$I,'Daily BSE Equity Futures'!$A:$A,$A12)=0,"",SUMIFS('Daily BSE Equity Futures'!$I:$I,'Daily BSE Equity Futures'!$A:$A,$A12)) | G12: =IF(OR(E12="",F12=""),"",E12+F12) | H12: =IF(G12="","",E12/G12) | I12: =IF(G12="","",F12/G12) | J12: =IFERROR(IF(OR(E12="",INDEX(E:E,MATCH(DATE(YEAR($A12)-1,MONTH($A12),DAY($A12)),$A:$A,0))=""),"",E12/INDEX(E:E,MATCH(DATE(YEAR($A12)-1,MONTH($A12),DAY($A12)),$A:$A,0))-1),"") | K12: =IFERROR(IF(OR(F12="",INDEX(F:F,MATCH(DATE(YEAR($A12)-1,MONTH($A12),DAY($A12)),$A:$A,0))=""),"",F12/INDEX(F:F,MATCH(DATE(YEAR($A12)-1,MONTH($A12),DAY($A12)),$A:$A,0))-1),"") | L12: =IFERROR(IF(OR(G12="",INDEX(G:G,MATCH(DATE(YEAR($A12)-1,MONTH($A12),DAY($A12)),$A:$A,0))=""),"",G12/INDEX(G:G,MATCH(DATE(YEAR($A12)-1,MONTH($A12),DAY($A12)),$A:$A,0))-1),"") | M12: =IF(OR(E12="",E11=""),"",E12/E11-1) | N12: =IF(OR(F12="",F11=""),"",F12/F11-1) | O12: =IF(OR(G12="",G11=""),"",G12/G11-1) | P12: =IF(SUMIFS('Daily NSE Equity Futures'!$J:$J,'Daily NSE Equity Futures'!$A:$A,$A12)=0,"",SUMIFS('Daily NSE Equity Futures'!$J:$J,'Daily NSE Equity Futures'!$A:$A,$A12)) | Q12: =IF(SUMIFS('Daily BSE Equity Futures'!$J:$J,'Daily BSE Equity Futures'!$A:$A,$A12)=0,"",SUMIFS('Daily BSE Equity Futures'!$J:$J,'Daily BSE Equity Futures'!$A:$A,$A12)) | R12: =IF(OR(P12="",Q12=""),"",P12+Q12) | S12: =IF(R12="","",P12/R12) | T12: =IF(R12="","",Q12/R12)
A13: 43943 | B13: Wednesday | C13: 43922 | D13: Q1FY21 | E13: =IF(SUMIFS('Daily NSE Equity Futures'!$I:$I,'Daily NSE Equity Futures'!$A:$A,$A13)=0,"",SUMIFS('Daily NSE Equity Futures'!$I:$I,'Daily NSE Equity Futures'!$A:$A,$A13)) | F13: =IF(SUMIFS('Daily BSE Equity Futures'!$I:$I,'Daily BSE Equity Futures'!$A:$A,$A13)=0,"",SUMIFS('Daily BSE Equity Futures'!$I:$I,'Daily BSE Equity Futures'!$A:$A,$A13)) | G13: =IF(OR(E13="",F13=""),"",E13+F13) | H13: =IF(G13="","",E13/G13) | I13: =IF(G13="","",F13/G13) | J13: =IFERROR(IF(OR(E13="",INDEX(E:E,MATCH(DATE(YEAR($A13)-1,MONTH($A13),DAY($A13)),$A:$A,0))=""),"",E13/INDEX(E:E,MATCH(DATE(YEAR($A13)-1,MONTH($A13),DAY($A13)),$A:$A,0))-1),"") | K13: =IFERROR(IF(OR(F13="",INDEX(F:F,MATCH(DATE(YEAR($A13)-1,MONTH($A13),DAY($A13)),$A:$A,0))=""),"",F13/INDEX(F:F,MATCH(DATE(YEAR($A13)-1,MONTH($A13),DAY($A13)),$A:$A,0))-1),"") | L13: =IFERROR(IF(OR(G13="",INDEX(G:G,MATCH(DATE(YEAR($A13)-1,MONTH($A13),DAY($A13)),$A:$A,0))=""),"",G13/INDEX(G:G,MATCH(DATE(YEAR($A13)-1,MONTH($A13),DAY($A13)),$A:$A,0))-1),"") | M13: =IF(OR(E13="",E12=""),"",E13/E12-1) | N13: =IF(OR(F13="",F12=""),"",F13/F12-1) | O13: =IF(OR(G13="",G12=""),"",G13/G12-1) | P13: =IF(SUMIFS('Daily NSE Equity Futures'!$J:$J,'Daily NSE Equity Futures'!$A:$A,$A13)=0,"",SUMIFS('Daily NSE Equity Futures'!$J:$J,'Daily NSE Equity Futures'!$A:$A,$A13)) | Q13: =IF(SUMIFS('Daily BSE Equity Futures'!$J:$J,'Daily BSE Equity Futures'!$A:$A,$A13)=0,"",SUMIFS('Daily BSE Equity Futures'!$J:$J,'Daily BSE Equity Futures'!$A:$A,$A13)) | R13: =IF(OR(P13="",Q13=""),"",P13+Q13) | S13: =IF(R13="","",P13/R13) | T13: =IF(R13="","",Q13/R13)
A14: 43944 | B14: Thursday | C14: 43922 | D14: Q1FY21 | E14: =IF(SUMIFS('Daily NSE Equity Futures'!$I:$I,'Daily NSE Equity Futures'!$A:$A,$A14)=0,"",SUMIFS('Daily NSE Equity Futures'!$I:$I,'Daily NSE Equity Futures'!$A:$A,$A14)) | F14: =IF(SUMIFS('Daily BSE Equity Futures'!$I:$I,'Daily BSE Equity Futures'!$A:$A,$A14)=0,"",SUMIFS('Daily BSE Equity Futures'!$I:$I,'Daily BSE Equity Futures'!$A:$A,$A14)) | G14: =IF(OR(E14="",F14=""),"",E14+F14) | H14: =IF(G14="","",E14/G14) | I14: =IF(G14="","",F14/G14) | J14: =IFERROR(IF(OR(E14="",INDEX(E:E,MATCH(DATE(YEAR($A14)-1,MONTH($A14),DAY($A14)),$A:$A,0))=""),"",E14/INDEX(E:E,MATCH(DATE(YEAR($A14)-1,MONTH($A14),DAY($A14)),$A:$A,0))-1),"") | K14: =IFERROR(IF(OR(F14="",INDEX(F:F,MATCH(DATE(YEAR($A14)-1,MONTH($A14),DAY($A14)),$A:$A,0))=""),"",F14/INDEX(F:F,MATCH(DATE(YEAR($A14)-1,MONTH($A14),DAY($A14)),$A:$A,0))-1),"") | L14: =IFERROR(IF(OR(G14="",INDEX(G:G,MATCH(DATE(YEAR($A14)-1,MONTH($A14),DAY($A14)),$A:$A,0))=""),"",G14/INDEX(G:G,MATCH(DATE(YEAR($A14)-1,MONTH($A14),DAY($A14)),$A:$A,0))-1),"") | M14: =IF(OR(E14="",E13=""),"",E14/E13-1) | N14: =IF(OR(F14="",F13=""),"",F14/F13-1) | O14: =IF(OR(G14="",G13=""),"",G14/G13-1) | P14: =IF(SUMIFS('Daily NSE Equity Futures'!$J:$J,'Daily NSE Equity Futures'!$A:$A,$A14)=0,"",SUMIFS('Daily NSE Equity Futures'!$J:$J,'Daily NSE Equity Futures'!$A:$A,$A14)) | Q14: =IF(SUMIFS('Daily BSE Equity Futures'!$J:$J,'Daily BSE Equity Futures'!$A:$A,$A14)=0,"",SUMIFS('Daily BSE Equity Futures'!$J:$J,'Daily BSE Equity Futures'!$A:$A,$A14)) | R14: =IF(OR(P14="",Q14=""),"",P14+Q14) | S14: =IF(R14="","",P14/R14) | T14: =IF(R14="","",Q14/R14)
... A1601: 46275 | B1601: Thursday | C1601: 46266 | D1601: Q2FY27 | E1601: =IF(SUMIFS('Daily NSE Equity Futures'!$I:$I,'Daily NSE Equity Futures'!$A:$A,$A1601)=0,"",SUMIFS('Daily NSE Equity Futures'!$I:$I,'Daily NSE Equity Futures'!$A:$A,$A1601)) | F1601: =IF(SUMIFS('Daily BSE Equity Futures'!$I:$I,'Daily BSE Equity Futures'!$A:$A,$A1601)=0,"",SUMIFS('Daily BSE Equity Futures'!$I:$I,'Daily BSE Equity Futures'!$A:$A,$A1601)) | G1601: =IF(OR(E1601="",F1601=""),"",E1601+F1601) | H1601: =IF(G1601="","",E1601/G1601) | I1601: =IF(G1601="","",F1601/G1601) | J1601: =IFERROR(IF(OR(E1601="",INDEX(E:E,MATCH(DATE(YEAR($A1601)-1,MONTH($A1601),DAY($A1601)),$A:$A,0))=""),"",E1601/INDEX(E:E,MATCH(DATE(YEAR($A1601)-1,MONTH($A1601),DAY($A1601)),$A:$A,0))-1),"") | K1601: =IFERROR(IF(OR(F1601="",INDEX(F:F,MATCH(DATE(YEAR($A1601)-1,MONTH($A1601),DAY($A1601)),$A:$A,0))=""),"",F1601/INDEX(F:F,MATCH(DATE(YEAR($A1601)-1,MONTH($A1601),DAY($A1601)),$A:$A,0))-1),"") | L1601: =IFERROR(IF(OR(G1601="",INDEX(G:G,MATCH(DATE(YEAR($A1601)-1,MONTH($A1601),DAY($A1601)),$A:$A,0))=""),"",G1601/INDEX(G:G,MATCH(DATE(YEAR($A1601)-1,MONTH($A1601),DAY($A1601)),$A:$A,0))-1),"") | M1601: =IF(OR(E1601="",E1600=""),"",E1601/E1600-1) | N1601: =IF(OR(F1601="",F1600=""),"",F1601/F1600-1) | O1601: =IF(OR(G1601="",G1600=""),"",G1601/G1600-1) | P1601: =IF(SUMIFS('Daily NSE Equity Futures'!$J:$J,'Daily NSE Equity Futures'!$A:$A,$A1601)=0,"",SUMIFS('Daily NSE Equity Futures'!$J:$J,'Daily NSE Equity Futures'!$A:$A,$A1601)) | Q1601: =IF(SUMIFS('Daily BSE Equity Futures'!$J:$J,'Daily BSE Equity Futures'!$A:$A,$A1601)=0,"",SUMIFS('Daily BSE Equity Futures'!$J:$J,'Daily BSE Equity Futures'!$A:$A,$A1601)) | R1601: =IF(OR(P1601="",Q1601=""),"",P1601+Q1601) | S1601: =IF(R1601="","",P1601/R1601) | T1601: =IF(R1601="","",Q1601/R1601)
A1603: YTD Comparison - FY2026-2027 YTD vs FY2025-2026 YTD (same number of trading days)
A1604: Trading days elapsed in FY2026-2027 (per NSE daily) | B1604: =COUNTIF('Daily NSE Equity Futures'!$A:$A,">="&DATE(2026,4,1))
A1605: Matched FY2025-2026 window | B1605: =DATE(2025,4,1) | C1605: =INDEX('Daily NSE Equity Futures'!$A:$A,COUNTIF('Daily NSE Equity Futures'!$A:$A,"<"&DATE(2025,4,1))+1+$B1604)
E1606: NSE Turnover (INR Bn) | F1606: BSE Turnover (INR Bn) | G1606: Total Turnover (INR Bn) | H1606: NSE Turnover Market Share | I1606: BSE Turnover Market Share | P1606: NSE No. of Contracts | Q1606: BSE No. of Contracts | R1606: Total No. of Contracts | S1606: NSE Contracts Market Share | T1606: BSE Contracts Market Share
A1607: FY2025-2026 YTD (first N trading days) | E1607: =SUMIFS('Daily NSE Equity Futures'!$I:$I,'Daily NSE Equity Futures'!$A:$A,">="&$B$1605,'Daily NSE Equity Futures'!$A:$A,"<="&$C$1605) | F1607: =SUMIFS('Daily BSE Equity Futures'!$I:$I,'Daily BSE Equity Futures'!$A:$A,">="&$B$1605,'Daily BSE Equity Futures'!$A:$A,"<="&$C$1605) | G1607: =E1607+F1607 | H1607: =IF(G1607=0,"",E1607/G1607) | I1607: =IF(G1607=0,"",F1607/G1607) | P1607: =SUMIFS('Daily NSE Equity Futures'!$J:$J,'Daily NSE Equity Futures'!$A:$A,">="&$B$1605,'Daily NSE Equity Futures'!$A:$A,"<="&$C$1605) | Q1607: =SUMIFS('Daily BSE Equity Futures'!$J:$J,'Daily BSE Equity Futures'!$A:$A,">="&$B$1605,'Daily BSE Equity Futures'!$A:$A,"<="&$C$1605) | R1607: =P1607+Q1607 | S1607: =IF(R1607=0,"",P1607/R1607) | T1607: =IF(R1607=0,"",Q1607/R1607)
A1608: FY2026-2027 YTD | E1608: =SUMIFS('Daily NSE Equity Futures'!$I:$I,'Daily NSE Equity Futures'!$A:$A,">="&DATE(2026,4,1)) | F1608: =SUMIFS('Daily BSE Equity Futures'!$I:$I,'Daily BSE Equity Futures'!$A:$A,">="&DATE(2026,4,1)) | G1608: =E1608+F1608 | H1608: =IF(G1608=0,"",E1608/G1608) | I1608: =IF(G1608=0,"",F1608/G1608) | P1608: =SUMIFS('Daily NSE Equity Futures'!$J:$J,'Daily NSE Equity Futures'!$A:$A,">="&DATE(2026,4,1)) | Q1608: =SUMIFS('Daily BSE Equity Futures'!$J:$J,'Daily BSE Equity Futures'!$A:$A,">="&DATE(2026,4,1)) | R1608: =P1608+Q1608 | S1608: =IF(R1608=0,"",P1608/R1608) | T1608: =IF(R1608=0,"",Q1608/R1608)
A1609: YTD Growth (FY2026-2027 vs FY2025-2026) | E1609: =IF(OR(E1607=0,E1607=""),"",E1608/E1607-1) | F1609: =IF(OR(F1607=0,F1607=""),"",F1608/F1607-1) | G1609: =IF(OR(G1607=0,G1607=""),"",G1608/G1607-1) | P1609: =IF(OR(P1607=0,P1607=""),"",P1608/P1607-1) | Q1609: =IF(OR(Q1607=0,Q1607=""),"",Q1608/Q1607-1) | R1609: =IF(OR(R1607=0,R1607=""),"",R1608/R1607-1)

Sheet Year NSE Equity Futures
A1: Fiscal Year | B1: Index Futures Turnover (INR Bn) | C1: Index Futures No. of Contracts | D1: Stock/Equity Futures Turnover (INR Bn) | E1: Stock/Equity Futures No. of Contracts | F1: Total Futures Turnover (INR Bn) | G1: Total Futures No. of Contracts | H1: No. of Trading Days
A2: 2015-2016 | B2: 45571.136 | C2: 140538674 | D2: 78286.06 | E2: 234243967 | F2: 123857.2 | G2: 374782641 | H2: 247
A3: 2016-2017 | B3: 43359.408 | C3: 66535070 | D3: 111295.87 | E3: 173860130 | F3: 154655.28 | G3: 240395200 | H3: 248
A4: 2017-2018 | B4: 48104.543 | C4: 57674584 | D4: 155975.2 | E4: 214758366 | F4: 204079.74 | G4: 272432950 | H4: 246
A5: 2018-2019 | B5: 55689.145 | C5: 69824522 | D5: 161470.11 | E5: 255533869 | F5: 217159.25 | G5: 325358391 | H5: 248
A6: 2019-2020 | B6: 66773.12 | C6: 94472538 | D6: 148747.29 | E6: 256643910 | F6: 215520.41 | G6: 351116448 | H6: 247
A7: 2020-2021 | B7: 90476.457 | C7: 127599626 | D7: 180983.65 | E7: 252830922 | F7: 271460.11 | G7: 380430548 | H7: 249
A8: 2021-2022 | B8: 84293.783 | C8: 93662982 | D8: 210389.38 | E8: 265609687 | F8: 294683.16 | G8: 359272669 | H8: 248
A9: 2022-2023 | B9: 95206.847 | C9: 104737382 | D9: 190723.04 | E9: 284126341 | F9: 285929.89 | G9: 388863723 | H9: 249
A10: 2023-2024 | B10: 74171.172 | C10: 85826189 | D10: 255469.67 | E10: 325400128 | F10: 329640.84 | G10: 411226317
A11: 2024-2025 | B11: 87520.892 | C11: 117228003 | D11: 375373.7 | E11: 518840763 | F11: 462894.59 | G11: 636068766
A12: 2025-2026 | B12: 73462.327 | C12: 41056558 | D12: 320362.41 | E12: 482481566 | F12: 393824.74 | G12: 523538124 | H12: 247
A13: 2026-2027 | B13: 22070.435 | C13: 13800229 | D13: 131480.44 | E13: 198858444 | F13: 153550.88 | G13: 212658673 | H13: 112

Sheet Monthly NSE Equity Futures
A1: Month | B1: Fiscal Year | C1: Qrtr - Year | D1: Index Futures Turnover (INR Bn) | E1: Index Futures No. of Contracts | F1: Stock/Equity Futures Turnover (INR Bn) | G1: Stock/Equity Futures No. of Contracts | H1: Total Futures Turnover (INR Bn) | I1: Total Futures No. of Contracts | J1: No. of Trading Days
A2: 39904 | B2: 2009-2010 | C2: Q1FY10 | D2: 3017.6408 | E2: 18662382 | F2: 3563.8312 | G2: 9858642 | H2: 6581.472 | I2: 28521024 | J2: 17
A3: 39934 | B3: 2009-2010 | C3: Q1FY10 | D3: 3174.1515 | E3: 16617516 | F3: 4481.5475 | G3: 9528178 | H3: 7655.699 | I3: 26145694 | J3: 20
A4: 39965 | B4: 2009-2010 | C4: Q1FY10 | D4: 3469.3414 | E4: 16207959 | F4: 5896.5748 | G4: 11127649 | H4: 9365.9162 | I4: 27335608 | J4: 22
A5: 39995 | B5: 2009-2010 | C5: Q2FY10 | D5: 3829.2367 | E5: 18271805 | F5: 4506.3176 | G5: 15500535 | H5: 8335.5543 | I5: 33772340 | J5: 23
A6: 40026 | B6: 2009-2010 | C6: Q2FY10 | D6: 3663.1197 | E6: 16892217 | F6: 4123.625 | G6: 13113118 | H6: 7786.7447 | I6: 30005335 | J6: 21
A7: 40057 | B7: 2009-2010 | C7: Q2FY10 | D7: 3024.2494 | E7: 13032242 | F7: 4341.1928 | G7: 13157621 | H7: 7365.4422 | I7: 26189863 | J7: 20
A8: 40087 | B8: 2009-2010 | C8: Q3FY10 | D8: 3296.097 | E8: 13615447 | F8: 4658.2932 | G8: 14044526 | H8: 7954.3902 | I8: 27659973 | J8: 20
A9: 40118 | B9: 2009-2010 | C9: Q3FY10 | D9: 3635.2278 | E9: 15178552 | F9: 4382.1982 | G9: 13260546 | H9: 8017.426 | I9: 28439098 | J9: 20
A10: 40148 | B10: 2009-2010 | C10: Q3FY10 | D10: 3294.9616 | E10: 13337833 | F10: 3959.5376 | G10: 11307332 | H10: 7254.4992 | I10: 24645165 | J10: 21
A11: 40179 | B11: 2009-2010 | C11: Q4FY10 | D11: 2988.4916 | E11: 12056359 | F11: 4441.3383 | G11: 12546679 | H11: 7429.8299 | I11: 24603038 | J11: 19
A12: 40210 | B12: 2009-2010 | C12: Q4FY10 | D12: 3268.7078 | E12: 13891843 | F12: 3544.8461 | G12: 10725789 | H12: 6813.5539 | I12: 24617632 | J12: 20
A13: 40238 | B13: 2009-2010 | C13: Q4FY10 | D13: 2682.6614 | E13: 10542734 | F13: 4053.1641 | G13: 11420625 | H13: 6735.8255 | I13: 21963359 | J13: 21
... A176: 45200 | B176: 2023-2024 | C176: Q3FY24 | D176: 5042.6516 | E176: 6291425 | F176: 18940.176 | G176: 24145318 | H176: 23982.827 | I176: 30436743 | J176: 20
A177: 45231 | B177: 2023-2024 | C177: Q3FY24 | D177: 4775.9268 | E177: 5995898 | F177: 19271.213 | G177: 26329372 | H177: 24047.14 | I177: 32325270
A178: 45261 | B178: 2023-2024 | C178: Q3FY24 | D178: 6645.2387 | E178: 7559117 | F178: 25241.07 | G178: 31767139 | H178: 31886.308 | I178: 39326256 | J178: 20
A179: 45292 | B179: 2023-2024 | C179: Q4FY24 | D179: 8486.2882 | E179: 9753552 | F179: 29412.306 | G179: 35976743 | H179: 37898.594 | I179: 45730295 | J179: 22
A180: 45323 | B180: 2023-2024 | C180: Q4FY24 | D180: 8393.6105 | E180: 9709411 | F180: 29699.094 | G180: 34519312 | H180: 38092.704 | I180: 44228723 | J180: 21
A181: 45352 | B181: 2023-2024 | C181: Q4FY24 | D181: 7257.1652 | E181: 8168692 | F181: 26453.645 | G181: 30910081 | H181: 33710.81 | I181: 39078773 | J181: 19
A182: 45383 | B182: 2024-2025 | C182: Q1FY25 | D182: 6930.6384 | E182: 7887086 | F182: 31589.15 | G182: 36869594 | H182: 38519.789 | I182: 44756680 | J182: 20
A183: 45413 | B183: 2024-2025 | C183: Q1FY25 | D183: 8066.5231 | E183: 12867642 | F183: 34644.299 | G183: 44730139 | H183: 42710.822 | I183: 57597781 | J183: 22
A184: 45444 | B184: 2024-2025 | C184: Q1FY25 | D184: 9833.4445 | E184: 15202595 | F184: 36625.284 | G184: 46464820 | H184: 46458.729 | I184: 61667415
A185: 45474 | B185: 2024-2025 | C185: Q2FY25 | D185: 8251.0439 | E185: 12229978 | F185: 38317.301 | G185: 48460564 | H185: 46568.345 | I185: 60690542 | J185: 22
A186: 45505 | B186: 2024-2025 | C186: Q2FY25 | D186: 7528.8313 | E186: 11319796 | F186: 33662.291 | G186: 42081269 | H186: 41191.122 | I186: 53401065 | J186: 21
A187: 45536 | B187: 2024-2025 | C187: Q2FY25 | D187: 7126.5923 | E187: 10390629 | F187: 34147.792 | G187: 41850671 | H187: 41274.384 | I187: 52241300 | J187: 21
A188: 45566 | B188: 2024-2025 | C188: Q3FY25 | D188: 7612.1763 | E188: 11266376 | F188: 33431.532 | G188: 42664639 | H188: 41043.708 | I188: 53931015 | J188: 22
A189: 45597 | B189: 2024-2025 | C189: Q3FY25 | D189: 6343.68 | E189: 9684443 | F189: 26164.07 | G189: 39824467 | H189: 32507.75 | I189: 49508910 | J189: 19
A190: 45627 | B190: 2024-2025 | C190: Q3FY25 | D190: 6334.4388 | E190: 9342927 | F190: 26645.687 | G190: 40853904 | H190: 32980.126 | I190: 50196831 | J190: 21
A191: 45658 | B191: 2024-2025 | C191: Q4FY25 | D191: 7146.2808 | E191: 9440628 | F191: 30798.451 | G191: 50459408 | H191: 37944.732 | I191: 59900036 | J191: 23
A192: 45689 | B192: 2024-2025 | C192: Q4FY25 | D192: 6485.0597 | E192: 4000954 | F192: 25441.968 | G192: 43462180 | H192: 31927.028 | I192: 47463134 | J192: 20
A193: 45717 | B193: 2024-2025 | C193: Q4FY25 | D193: 5862.1832 | E193: 3594949 | F193: 23905.87 | G193: 41119108 | H193: 29768.053 | I193: 44714057 | J193: 19
A194: 45748 | B194: 2025-2026 | C194: Q1FY26 | D194: 7168.6011 | E194: 4246508 | F194: 26600.148 | G194: 44175607 | H194: 33768.749 | I194: 48422115 | J194: 19
A195: 45778 | B195: 2025-2026 | C195: Q1FY26 | D195: 8022.0959 | E195: 4497562 | F195: 27315.53 | G195: 43512577 | H195: 35337.626 | I195: 48010139 | J195: 21
A196: 45809 | B196: 2025-2026 | C196: Q1FY26 | D196: 6627.5558 | E196: 3606028 | F196: 27008.148 | G196: 40816778 | H196: 33635.704 | I196: 44422806 | J196: 21
... A211: 46266 | B211: 2026-2027 | C211: Q2FY27 | D211: 858.879 | E211: 536266 | F211: 4137.8569 | G211: 5987102 | H211: 4996.7359 | I211: 6523368 | J211: 8

Sheet Daily NSE Equity Futures
A1: Trade Date | B1: Trade Day | C1: Trade Month - Year | D1: Qrtr - Year | E1: Index Futures Turnover (INR Bn) | F1: Index Futures No. of Contracts | G1: Stock/Equity Futures Turnover (INR Bn) | H1: Stock/Equity Futures No. of Contracts | I1: Total Futures Turnover (INR Bn) | J1: Total Futures No. of Contracts
A2: 43922 | B2: Wednesday | C2: 43922 | D2: Q1FY21 | E2: 262.8925 | F2: 525335 | G2: 284.9266 | H2: 657946 | I2: 547.8191 | J2: 1183281
A3: 43924 | B3: Friday | C3: 43922 | D3: Q1FY21 | E3: 251.3989 | F3: 523259 | G3: 331.2808 | H3: 755207 | I3: 582.6797 | J3: 1278466
A4: 43928 | B4: Tuesday | C4: 43922 | D4: Q1FY21 | E4: 351.8695 | F4: 691897 | G4: 419.7571 | H4: 920883 | I4: 771.6266 | J4: 1612780
A5: 43929 | B5: Wednesday | C5: 43922 | D5: Q1FY21 | E5: 461.4418 | F5: 898794 | G5: 475.2337 | H5: 1008475 | I5: 936.6755 | J5: 1907269
A6: 43930 | B6: Thursday | C6: 43922 | D6: Q1FY21 | E6: 353.0146 | F6: 672188 | G6: 422.5774 | H6: 861732 | I6: 775.592 | J6: 1533920
A7: 43934 | B7: Monday | C7: 43922 | D7: Q1FY21 | E7: 276.0083 | F7: 527395 | G7: 386.4162 | H7: 791706 | I7: 662.4245 | J7: 1319101
A8: 43936 | B8: Wednesday | C8: 43922 | D8: Q1FY21 | E8: 365.5776 | F8: 691934 | G8: 530.9956 | H8: 1059413 | I8: 896.5732 | J8: 1751347
A9: 43937 | B9: Thursday | C9: 43922 | D9: Q1FY21 | E9: 337.4859 | F9: 656158 | G9: 427.0654 | H9: 874340 | I9: 764.5513 | J9: 1530498
A10: 43938 | B10: Friday | C10: 43922 | D10: Q1FY21 | E10: 401.2766 | F10: 768757 | G10: 497.7086 | H10: 1020990 | I10: 898.9852 | J10: 1789747
A11: 43941 | B11: Monday | C11: 43922 | D11: Q1FY21 | E11: 330.3262 | F11: 615526 | G11: 466.0925 | H11: 933396 | I11: 796.4187 | J11: 1548922
A12: 43942 | B12: Tuesday | C12: 43922 | D12: Q1FY21 | E12: 292.9734 | F12: 567234 | G12: 463.4744 | H12: 937450 | I12: 756.4478 | J12: 1504684
A13: 43943 | B13: Wednesday | C13: 43922 | D13: Q1FY21 | E13: 342.3834 | F13: 669527 | G13: 528.0216 | H13: 1046251 | I13: 870.405 | J13: 1715778
... A1601: 46275 | B1601: Thursday | C1601: 46266 | D1601: Q2FY27 | E1601: 77.2657 | F1601: 48966 | G1601: 424.4673 | H1601: 618031 | I1601: 501.733 | J1601: 666997

Sheet Year BSE Equity Futures
A1: Fiscal Year | B1: Index Futures Turnover (INR Bn) | C1: Index Futures No. of Contracts | D1: Stock/Equity Futures Turnover (INR Bn) | E1: Stock/Equity Futures No. of Contracts | F1: Total Futures Turnover (INR Bn) | G1: Total Futures No. of Contracts | H1: No. of Trading Days
A2: 2003-2004 | B2: 30.8263 | C2: 103777 | D2: 16.8034 | E2: 33437 | F2: 47.6297 | G2: 137214 | H2: 254
A3: 2004-2005 | B3: 135.9966 | C3: 449630 | D3: 2.1285 | E3: 6725 | F3: 138.1251 | G3: 456355 | H3: 253
A4: 2005-2006 | B4: 0.05 | C4: 89 | D4: 0.0049 | E4: 12 | F4: 0.0549 | G4: 101 | H4: 251
A5: 2006-2007 | B5: 554.9086 | C5: 1638779 | D5: 35.155 | E5: 142433 | F5: 590.0636 | G5: 1781212 | H5: 249
A6: 2007-2008 | B6: 2346.6016 | C6: 7157078 | D6: 76.0924 | E6: 295117 | F6: 2422.694 | G6: 7452195 | H6: 251
A7: 2008-2009 | B7: 117.5722 | C7: 495830 | D7: 0.0849 | E7: 299 | F7: 117.6571 | G7: 496129 | H7: 243
A8: 2009-2010 | B8: 0.96 | C8: 3744 | D8: 0.003 | E8: 8 | F8: 0.963 | G8: 3752 | H8: 244
A9: 2010-2011 | B9: 1.5408 | C9: 5613 | D9: 0 | E9: 0 | F9: 1.5408 | G9: 5613 | H9: 255
A10: 2011-2012 | B10: 1784.4883 | C10: 7073334 | D10: 102.157 | E10: 326342 | F10: 1886.6453 | G10: 7399676 | H10: 249
A11: 2012-2013 | B11: 1224.2978 | C11: 4701927 | D11: 34.2007 | E11: 116933 | F11: 1258.4985 | G11: 4818860 | H11: 250
A12: 2013-2014 | B12: 634.9384 | C12: 2136269 | D12: 545.9942 | E12: 1901877 | F12: 1180.9326 | G12: 4038146 | H12: 251
A13: 2014-2015 | B13: 486.3235 | C13: 1227926 | D13: 97.9426 | E13: 305714 | F13: 584.2661 | G13: 1533640 | H13: 243
... A18: 2019-2020 | B18: 149.3369 | C18: 150212 | D18: 1.63 | E18: 2983 | F18: 150.9669 | G18: 153195 | H18: 247
A19: 2020-2021 | B19: 50.1027 | C19: 53629 | F19: 50.1027 | G19: 53629 | H19: 248
A20: 2021-2022 | B20: 4.9352 | C20: 4454 | D20: 0 | E20: 0 | F20: 4.9352 | G20: 4454 | H20: 248
A21: 2022-2023 | B21: 0.5865 | C21: 651 | D21: 0 | E21: 0 | F21: 0.5865 | G21: 651 | H21: 249
A22: 2023-2024 | B22: 202.4713 | C22: 281532 | D22: 0.0009 | E22: 1 | F22: 202.4722 | G22: 281533 | H22: 231
A23: 2024-2025 | B23: 508.3423 | C23: 554035 | D23: 7.44 | E23: 10289 | F23: 515.7823 | G23: 564324 | H23: 249
A24: 2025-2026 | B24: 836.5171 | C24: 515747 | D24: 8.7321 | E24: 13312 | F24: 845.2492 | G24: 529059 | H24: 247
A25: 2026-2027 | B25: 372.6139 | C25: 242627 | D25: 0.4888 | E25: 751 | F25: 373.1027 | G25: 243378 | H25: 112

Sheet Monthly BSE Equity Futures
A1: Month | B1: Fiscal Year | C1: Qrtr - Year | D1: Index Futures Turnover (INR Bn) | E1: Index Futures No. of Contracts | F1: Stock/Equity Futures Turnover (INR Bn) | G1: Stock/Equity Futures No. of Contracts | H1: Total Futures Turnover (INR Bn) | I1: Total Futures No. of Contracts | J1: No. of Trading Days
A2: 37987 | B2: 2003-2004 | C2: Q4FY04 | D2: 22.1319 | E2: 73551 | F2: 14.9844 | G2: 28374 | H2: 37.1163 | I2: 101925 | J2: 21
A3: 38018 | B3: 2003-2004 | C3: Q4FY04 | D3: 5.5506 | E3: 19086 | F3: 0.7865 | G3: 1647 | H3: 6.3371 | I3: 20733 | J3: 19
A4: 38047 | B4: 2003-2004 | C4: Q4FY04 | D4: 3.1438 | E4: 11140 | F4: 1.0325 | G4: 3416 | H4: 4.1763 | I4: 14556 | J4: 22
A5: 38078 | B5: 2004-2005 | C5: Q1FY05 | D5: 0.7601 | E5: 2633 | F5: 0.0878 | G5: 259 | H5: 0.8479 | I5: 2892 | J5: 20
A6: 38108 | B6: 2004-2005 | C6: Q1FY05 | D6: 0 | E6: 0 | F6: 0.3877 | G6: 1146 | H6: 0.3877 | I6: 1146 | J6: 21
A7: 38139 | B7: 2004-2005 | C7: Q1FY05 | D7: 0 | E7: 0 | F7: 0 | G7: 0 | H7: 0 | I7: 0 | J7: 22
A8: 38169 | B8: 2004-2005 | C8: Q2FY05 | D8: 0 | E8: 0 | F8: 0.0032 | G8: 10 | H8: 0.0032 | I8: 10 | J8: 22
A9: 38200 | B9: 2004-2005 | C9: Q2FY05 | D9: 0 | E9: 0 | F9: 0 | G9: 0 | H9: 0 | I9: 0 | J9: 22
A10: 38231 | B10: 2004-2005 | C10: Q2FY05 | D10: 8.3371 | E10: 30234 | F10: 0.3246 | G10: 1308 | H10: 8.6617 | I10: 31542 | J10: 22
A11: 38261 | B11: 2004-2005 | C11: Q3FY05 | D11: 27.7533 | E11: 97381 | F11: 0.0089 | G11: 24 | H11: 27.7622 | I11: 97405 | J11: 20
A12: 38292 | B12: 2004-2005 | C12: Q3FY05 | D12: 41.9285 | E12: 140680 | F12: 0.2016 | G12: 621 | H12: 42.1301 | I12: 141301 | J12: 20
A13: 38322 | B13: 2004-2005 | C13: Q3FY05 | D13: 44.5443 | E13: 139550 | F13: 0.5037 | G13: 1583 | H13: 45.048 | I13: 141133 | J13: 23
... A150: 42491 | B150: 2016-2017 | C150: Q1FY17 | D150: 0.0093 | E150: 18 | F150: 0.147 | G150: 252 | H150: 0.1563 | I150: 270 | J150: 22
A151: 42522 | B151: 2016-2017 | C151: Q1FY17 | F151: 0.2626 | G151: 452 | H151: 0.2626 | I151: 452 | J151: 22
A152: 42552 | B152: 2016-2017 | C152: Q2FY17 | D152: 2.9483 | E152: 4220 | F152: 0.2317 | G152: 340 | H152: 3.18 | I152: 4560 | J152: 20
A153: 42583 | B153: 2016-2017 | C153: Q2FY17 | D153: 11.8558 | E153: 16884 | F153: 0.3908 | G153: 547 | H153: 12.2466 | I153: 17431 | J153: 22
A154: 42614 | B154: 2016-2017 | C154: Q2FY17 | D154: 4.4743 | E154: 6243 | F154: 0.2657 | G154: 353 | H154: 4.74 | I154: 6596 | J154: 20
A155: 42644 | B155: 2016-2017 | C155: Q3FY17 | D155: 0.5458 | E155: 778 | F155: 0.15 | G155: 189 | H155: 0.6958 | I155: 967 | J155: 19
A156: 42675 | B156: 2016-2017 | C156: Q3FY17 | D156: 0.3789 | E156: 554 | F156: 0.1492 | G156: 194 | H156: 0.5281 | I156: 748 | J156: 21
A157: 42705 | B157: 2016-2017 | C157: Q3FY17 | D157: 0.0013 | E157: 2 | F157: 0.0885 | G157: 115 | H157: 0.0898 | I157: 117 | J157: 22
A158: 42736 | B158: 2016-2017 | C158: Q4FY17 | F158: 0.0746 | G158: 97 | H158: 0.0746 | I158: 97 | J158: 21
A159: 42767 | B159: 2016-2017 | C159: Q4FY17 | F159: 0.0838 | G159: 99 | H159: 0.0838 | I159: 99 | J159: 19
A160: 42795 | B160: 2016-2017 | C160: Q4FY17 | D160: 2.2338 | E160: 3156 | F160: 0.1029 | G160: 116 | H160: 2.3367 | I160: 3272 | J160: 22
A161: 42826 | B161: 2017-2018 | C161: Q1FY18 | D161: 13.3015 | E161: 18597 | F161: 0.0433 | G161: 51 | H161: 13.3448 | I161: 18648 | J161: 18
A162: 42856 | B162: 2017-2018 | C162: Q1FY18 | D162: 10.8057 | E162: 14812 | F162: 0.0538 | G162: 69 | H162: 10.8595 | I162: 14881 | J162: 22
A163: 42887 | B163: 2017-2018 | C163: Q1FY18 | D163: 4.6802 | E163: 6267 | F163: 0.0343 | G163: 43 | H163: 4.7145 | I163: 6310 | J163: 21
A164: 42917 | B164: 2017-2018 | C164: Q2FY18 | D164: 3.173 | E164: 4165 | F164: 0.0435 | G164: 59 | H164: 3.2165 | I164: 4224 | J164: 21
A165: 42948 | B165: 2017-2018 | C165: Q2FY18 | D165: 0.1918 | E165: 248 | F165: 0.0233 | G165: 28 | H165: 0.2151 | I165: 276 | J165: 21
A166: 42979 | B166: 2017-2018 | C166: Q2FY18 | D166: 0.0088 | E166: 11 | F166: 0.0228 | G166: 21 | H166: 0.0316 | I166: 32 | J166: 21
A167: 43009 | B167: 2017-2018 | C167: Q3FY18 | D167: 0.0008 | E167: 1 | F167: 0.0266 | G167: 21 | H167: 0.0274 | I167: 22 | J167: 20
A168: 43040 | B168: 2017-2018 | C168: Q3FY18 | F168: 0.0175 | G168: 24 | H168: 0.0175 | I168: 24 | J168: 22
A169: 43070 | B169: 2017-2018 | C169: Q3FY18 | F169: 0.0137 | G169: 19 | H169: 0.0137 | I169: 19 | J169: 20
A170: 43101 | B170: 2017-2018 | C170: Q4FY18 | F170: 0.0431 | G170: 62 | H170: 0.0431 | I170: 62 | J170: 22
A171: 43132 | B171: 2017-2018 | C171: Q4FY18 | F171: 0.0282 | G171: 40 | H171: 0.0282 | I171: 40 | J171: 19
A172: 43160 | B172: 2017-2018 | C172: Q4FY18 | D172: 0.0133 | E172: 16 | F172: 0.0175 | G172: 30 | H172: 0.0308 | I172: 46 | J172: 19
A173: 43191 | B173: 2018-2019 | C173: Q1FY19 | D173: 0.0169 | E173: 20 | F173: 0.0253 | G173: 39 | H173: 0.0422 | I173: 59 | J173: 21
A174: 43221 | B174: 2018-2019 | C174: Q1FY19 | D174: 0.0053 | E174: 6 | F174: 0.0199 | G174: 33 | H174: 0.0252 | I174: 39 | J174: 22
A175: 43252 | B175: 2018-2019 | C175: Q1FY19 | D175: 0.2931 | E175: 331 | F175: 0.0125 | G175: 21 | H175: 0.3056 | I175: 352 | J175: 21
A176: 43282 | B176: 2018-2019 | C176: Q2FY19 | D176: 0.0184 | E176: 20 | F176: 0.0134 | G176: 22 | H176: 0.0318 | I176: 42 | J176: 22
A177: 43313 | B177: 2018-2019 | C177: Q2FY19 | F177: 0.01 | G177: 16 | H177: 0.01 | I177: 16 | J177: 20
A178: 43344 | B178: 2018-2019 | C178: Q2FY19 | F178: 0.0093 | G178: 14 | H178: 0.0093 | I178: 14 | J178: 18
A179: 43374 | B179: 2018-2019 | C179: Q3FY19 | F179: 0.0029 | G179: 5 | H179: 0.0029 | I179: 5 | J179: 21
A180: 43405 | B180: 2018-2019 | C180: Q3FY19 | F180: 0.0025 | G180: 4 | H180: 0.0025 | I180: 4 | J180: 20
A181: 43435 | B181: 2018-2019 | C181: Q3FY19 | F181: 0.0056 | G181: 9 | H181: 0.0056 | I181: 9 | J181: 20
A182: 43466 | B182: 2018-2019 | C182: Q4FY19 | D182: 0.0018 | E182: 2 | F182: 0.0029 | G182: 5 | H182: 0.0047 | I182: 7 | J182: 23
A183: 43497 | B183: 2018-2019 | C183: Q4FY19 | F183: 0.0079 | G183: 11 | H183: 0.0079 | I183: 11 | J183: 20
A184: 43525 | B184: 2018-2019 | C184: Q4FY19 | D184: 0.0558 | E184: 59 | F184: 0.0655 | G184: 92 | H184: 0.1213 | I184: 151 | J184: 19
A185: 43556 | B185: 2019-2020 | C185: Q1FY20 | D185: 0.007 | E185: 7 | F185: 0.0353 | G185: 51 | H185: 0.0423 | I185: 58 | J185: 19
A186: 43586 | B186: 2019-2020 | C186: Q1FY20 | D186: 0.0114 | E186: 12 | F186: 0.0232 | G186: 28 | H186: 0.0346 | I186: 40 | J186: 22
A187: 43617 | B187: 2019-2020 | C187: Q1FY20 | D187: 0.004 | E187: 4 | F187: 0.0133 | G187: 16 | H187: 0.0173 | I187: 20 | J187: 19
A188: 43647 | B188: 2019-2020 | C188: Q2FY20 | D188: 0.002 | E188: 2 | F188: 0.0069 | G188: 9 | H188: 0.0089 | I188: 11 | J188: 23
A189: 43678 | B189: 2019-2020 | C189: Q2FY20 | D189: 0.0084 | E189: 9 | F189: 0.188 | G189: 357 | H189: 0.1964 | I189: 366 | J189: 20
A190: 43709 | B190: 2019-2020 | C190: Q2FY20 | D190: 2.7154 | E190: 2883 | F190: 0.4302 | G190: 921 | H190: 3.1456 | I190: 3804 | J190: 19
A191: 43739 | B191: 2019-2020 | C191: Q3FY20 | D191: 14.105 | E191: 14434 | F191: 0.2367 | G191: 443 | H191: 14.3417 | I191: 14877 | J191: 20
A192: 43770 | B192: 2019-2020 | C192: Q3FY20 | D192: 28.4152 | E192: 27957 | F192: 0.4404 | G192: 762 | H192: 28.8556 | I192: 28719 | J192: 20
A193: 43800 | B193: 2019-2020 | C193: Q3FY20 | D193: 38.3579 | E193: 37326 | F193: 0.1327 | G193: 216 | H193: 38.4906 | I193: 37542 | J193: 21
A194: 43831 | B194: 2019-2020 | C194: Q4FY20 | D194: 24.9362 | E194: 24081 | F194: 0.0634 | G194: 88 | H194: 24.9996 | I194: 24169 | J194: 23
A195: 43862 | B195: 2019-2020 | C195: Q4FY20 | D195: 22.8772 | E195: 22518 | F195: 0.0578 | G195: 88 | H195: 22.935 | I195: 22606 | J195: 20
A196: 43891 | B196: 2019-2020 | C196: Q4FY20 | D196: 17.8972 | E196: 20979 | F196: 0.0021 | G196: 4 | H196: 17.8993 | I196: 20983 | J196: 21
A197: 43922 | B197: 2020-2021 | C197: Q1FY21 | D197: 0.7775 | E197: 962 | H197: 0.7775 | I197: 962 | J197: 18
A198: 43952 | B198: 2020-2021 | C198: Q1FY21 | D198: 3.2639 | E198: 4144 | H198: 3.2639 | I198: 4144 | J198: 19
A199: 43983 | B199: 2020-2021 | C199: Q1FY21 | D199: 1.4586 | E199: 1747 | H199: 1.4586 | I199: 1747 | J199: 21
A200: 44013 | B200: 2020-2021 | C200: Q2FY21 | D200: 6.639 | E200: 7735 | H200: 6.639 | I200: 7735 | J200: 23
A201: 44044 | B201: 2020-2021 | C201: Q2FY21 | D201: 5.3652 | E201: 6025 | H201: 5.3652 | I201: 6025 | J201: 21
A202: 44075 | B202: 2020-2021 | C202: Q2FY21 | D202: 7.8664 | E202: 8832 | H202: 7.8664 | I202: 8832 | J202: 22
A203: 44105 | B203: 2020-2021 | C203: Q3FY21 | D203: 6.9962 | E203: 7543 | H203: 6.9962 | I203: 7543 | J203: 21
A204: 44136 | B204: 2020-2021 | C204: Q3FY21 | D204: 5.6525 | E204: 5748 | H204: 5.6525 | I204: 5748 | J204: 20
A205: 44166 | B205: 2020-2021 | C205: Q3FY21 | D205: 4.8384 | E205: 4575 | H205: 4.8384 | I205: 4575 | J205: 22
A206: 44197 | B206: 2020-2021 | C206: Q4FY21 | D206: 3.4723 | E206: 3087 | H206: 3.4723 | I206: 3087 | J206: 20
A207: 44228 | B207: 2020-2021 | C207: Q4FY21 | D207: 1.8511 | E207: 1584 | H207: 1.8511 | I207: 1584 | J207: 20
A208: 44256 | B208: 2020-2021 | C208: Q4FY21 | D208: 1.9216 | E208: 1647 | H208: 1.9216 | I208: 1647 | J208: 21
... A214: 44440 | B214: 2021-2022 | C214: Q2FY22 | D214: 0.0045 | E214: 5 | H214: 0.0045 | I214: 5 | J214: 21
A215: 44470 | B215: 2021-2022 | C215: Q3FY22 | D215: 0.0228 | E215: 24 | F215: 0 | G215: 0 | H215: 0.0228 | I215: 24 | J215: 20
A216: 44501 | B216: 2021-2022 | C216: Q3FY22 | D216: 0.0441 | E216: 48 | F216: 0 | G216: 0 | H216: 0.0441 | I216: 48 | J216: 20
A217: 44531 | B217: 2021-2022 | C217: Q3FY22 | D217: 0.0485 | E217: 54 | F217: 0 | G217: 0 | H217: 0.0485 | I217: 54 | J217: 23
A218: 44562 | B218: 2021-2022 | C218: Q4FY22 | D218: 0.0594 | E218: 64 | F218: 0 | G218: 0 | H218: 0.0594 | I218: 64 | J218: 20
A219: 44593 | B219: 2021-2022 | C219: Q4FY22 | D219: 0.0531 | E219: 59 | F219: 0 | G219: 0 | H219: 0.0531 | I219: 59 | J219: 20
A220: 44621 | B220: 2021-2022 | C220: Q4FY22 | D220: 0.041 | E220: 47 | F220: 0 | G220: 0 | H220: 0.041 | I220: 47 | J220: 21
A221: 44652 | B221: 2022-2023 | C221: Q1FY23 | D221: 0.0291 | E221: 32 | F221: 0 | G221: 0 | H221: 0.0291 | I221: 32 | J221: 19
A222: 44682 | B222: 2022-2023 | C222: Q1FY23 | D222: 0.0737 | E222: 87 | F222: 0 | G222: 0 | H222: 0.0737 | I222: 87 | J222: 21
A223: 44713 | B223: 2022-2023 | C223: Q1FY23 | D223: 0.0756 | E223: 90 | F223: 0 | G223: 0 | H223: 0.0756 | I223: 90 | J223: 22
A224: 44743 | B224: 2022-2023 | C224: Q2FY23 | D224: 0.054 | E224: 63 | F224: 0 | G224: 0 | H224: 0.054 | I224: 63 | J224: 21
A225: 44774 | B225: 2022-2023 | C225: Q2FY23 | D225: 0.0322 | E225: 35 | F225: 0 | G225: 0 | H225: 0.0322 | I225: 35 | J225: 20
A226: 44805 | B226: 2022-2023 | C226: Q2FY23 | D226: 0.0719 | E226: 78 | F226: 0 | G226: 0 | H226: 0.0719 | I226: 78 | J226: 22
... A274: 46266 | B274: 2026-2027 | C274: Q2FY27 | D274: 16.4852 | E274: 10766 | F274: 0.0248 | G274: 33 | H274: 16.51 | I274: 10799 | J274: 8

Sheet Daily BSE Equity Futures
A1: Trade Date | B1: Trade Day | C1: Trade Month - Year | D1: Qrtr - Year | E1: Index Futures Turnover (INR Bn) | F1: Index Futures No. of Contracts | G1: Stock/Equity Futures Turnover (INR Bn) | H1: Stock/Equity Futures No. of Contracts | I1: Total Futures Turnover (INR Bn) | J1: Total Futures No. of Contracts
A2: 43922 | B2: Wednesday | C2: 43922 | D2: Q1FY21 | E2: 0.016 | F2: 22 | G2: 0 | H2: 0 | I2: 0.016 | J2: 22
A3: 43924 | B3: Friday | C3: 43922 | D3: Q1FY21 | E3: 0.0167 | F3: 24 | G3: 0 | H3: 0 | I3: 0.0167 | J3: 24
A4: 43928 | B4: Tuesday | C4: 43922 | D4: Q1FY21 | E4: 0.0166 | F4: 23 | G4: 0 | H4: 0 | I4: 0.0166 | J4: 23
A5: 43929 | B5: Wednesday | C5: 43922 | D5: Q1FY21 | E5: 0.018 | F5: 24 | G5: 0 | H5: 0 | I5: 0.018 | J5: 24
A6: 43930 | B6: Thursday | C6: 43922 | D6: Q1FY21 | E6: 0.0207 | F6: 27 | G6: 0 | H6: 0 | I6: 0.0207 | J6: 27
A7: 43934 | B7: Monday | C7: 43922 | D7: Q1FY21 | E7: 0.0184 | F7: 24 | G7: 0 | H7: 0 | I7: 0.0184 | J7: 24
A8: 43936 | B8: Wednesday | C8: 43922 | D8: Q1FY21 | E8: 0.0218 | F8: 28 | G8: 0 | H8: 0 | I8: 0.0218 | J8: 28
A9: 43937 | B9: Thursday | C9: 43922 | D9: Q1FY21 | E9: 0.0181 | F9: 24 | G9: 0 | H9: 0 | I9: 0.0181 | J9: 24
A10: 43938 | B10: Friday | C10: 43922 | D10: Q1FY21 | E10: 0.019 | F10: 24 | G10: 0 | H10: 0 | I10: 0.019 | J10: 24
A11: 43941 | B11: Monday | C11: 43922 | D11: Q1FY21 | E11: 0.0366 | F11: 46 | G11: 0 | H11: 0 | I11: 0.0366 | J11: 46
A12: 43942 | B12: Tuesday | C12: 43922 | D12: Q1FY21 | E12: 0.0238 | F12: 31 | G12: 0 | H12: 0 | I12: 0.0238 | J12: 31
A13: 43943 | B13: Wednesday | C13: 43922 | D13: Q1FY21 | E13: 0.0224 | F13: 29 | G13: 0 | H13: 0 | I13: 0.0224 | J13: 29
... A1557: 46275 | B1557: Thursday | C1557: 46266 | D1557: Q2FY27 | E1557: 2.8399 | F1557: 1881 | G1557: 0.002 | H1557: 3 | I1557: 2.8419 | J1557: 1884
