Workbook

Sheet Quality Check
A1: Exchange | B1: Sheet | C1: Data From | D1: Data To | E1: Data Rows | F1: Total Options Premium Total (INR Bn) | G1: Total Options Notional Total (INR Bn) | H1: Total Options Contracts Total
A2: NSE | B2: Year NSE Equity Options | C2: ='Year NSE Equity Options'!A2 | D2: =LOOKUP(2,1/('Year NSE Equity Options'!$A$2:$A$100000<>""),'Year NSE Equity Options'!$A$2:$A$100000) | E2: =COUNTA('Year NSE Equity Options'!$A:$A)-1 | F2: =SUM('Year NSE Equity Options'!$H:$H) | G2: =SUM('Year NSE Equity Options'!$I:$I) | H2: =SUM('Year NSE Equity Options'!$J:$J)
A3: NSE | B3: Monthly NSE Equity Options | C3: ='Monthly NSE Equity Options'!A2 | D3: =LOOKUP(2,1/('Monthly NSE Equity Options'!$A$2:$A$100000<>""),'Monthly NSE Equity Options'!$A$2:$A$100000) | E3: =COUNTA('Monthly NSE Equity Options'!$A:$A)-1 | F3: =SUM('Monthly NSE Equity Options'!$J:$J) | G3: =SUM('Monthly NSE Equity Options'!$K:$K) | H3: =SUM('Monthly NSE Equity Options'!$L:$L)
A4: NSE | B4: Daily NSE Equity Options | C4: ='Daily NSE Equity Options'!A2 | D4: =LOOKUP(2,1/('Daily NSE Equity Options'!$A$2:$A$100000<>""),'Daily NSE Equity Options'!$A$2:$A$100000) | E4: =COUNTA('Daily NSE Equity Options'!$A:$A)-1 | F4: =SUM('Daily NSE Equity Options'!$K:$K) | G4: =SUM('Daily NSE Equity Options'!$L:$L) | H4: =SUM('Daily NSE Equity Options'!$M:$M)
A5: BSE | B5: Year BSE Equity Options | C5: ='Year BSE Equity Options'!A2 | D5: =LOOKUP(2,1/('Year BSE Equity Options'!$A$2:$A$100000<>""),'Year BSE Equity Options'!$A$2:$A$100000) | E5: =COUNTA('Year BSE Equity Options'!$A:$A)-1 | F5: =SUM('Year BSE Equity Options'!$H:$H) | G5: =SUM('Year BSE Equity Options'!$I:$I) | H5: =SUM('Year BSE Equity Options'!$J:$J)
A6: BSE | B6: Monthly BSE Equity Options | C6: ='Monthly BSE Equity Options'!A2 | D6: =LOOKUP(2,1/('Monthly BSE Equity Options'!$A$2:$A$100000<>""),'Monthly BSE Equity Options'!$A$2:$A$100000) | E6: =COUNTA('Monthly BSE Equity Options'!$A:$A)-1 | F6: =SUM('Monthly BSE Equity Options'!$J:$J) | G6: =SUM('Monthly BSE Equity Options'!$K:$K) | H6: =SUM('Monthly BSE Equity Options'!$L:$L)
A7: BSE | B7: Daily BSE Equity Options | C7: ='Daily BSE Equity Options'!A2 | D7: =LOOKUP(2,1/('Daily BSE Equity Options'!$A$2:$A$100000<>""),'Daily BSE Equity Options'!$A$2:$A$100000) | E7: =COUNTA('Daily BSE Equity Options'!$A:$A)-1 | F7: =SUM('Daily BSE Equity Options'!$K:$K) | G7: =SUM('Daily BSE Equity Options'!$L:$L) | H7: =SUM('Daily BSE Equity Options'!$M:$M)
A9: NSE & BSE daily end dates aligned? | C9: =IF($D$4=$D$7,"YES","NO")
A11: Reconciliation | B11: Aggregate | C11: Component Sum | D11: Difference | E11: Status | F11: Remarks
A12: NSE: Yearly vs Monthly (from first yearly FY) - Premium | B12: =SUM('Year NSE Equity Options'!$H:$H) | C12: =SUMIFS('Monthly NSE Equity Options'!$J:$J,'Monthly NSE Equity Options'!$A:$A,">="&DATE(LEFT('Year NSE Equity Options'!$A$2,4)+0,4,1)) | D12: =B12-C12 | E12: =IF(ABS(D12)<=0.04,"OK","CHECK") | F12: tolerance 0.04 INR Bn (source rounding)
A13: NSE: Monthly vs Daily (from daily start) - Premium | B13: =SUMIFS('Monthly NSE Equity Options'!$J:$J,'Monthly NSE Equity Options'!$A:$A,">="&DATE(YEAR($C$4),MONTH($C$4),1),'Monthly NSE Equity Options'!$A:$A,"<="&DATE(YEAR($D$4),MONTH($D$4),1)) | C13: =SUM('Daily NSE Equity Options'!$K:$K) | D13: =B13-C13 | E13: =IF(ABS(D13)<=0.04,"OK","CHECK") | F13: tolerance 0.04 INR Bn (source rounding)
A14: BSE: Yearly vs Monthly (full history) - Premium | B14: =SUM('Year BSE Equity Options'!$H:$H) | C14: =SUM('Monthly BSE Equity Options'!$J:$J) | D14: =B14-C14 | E14: =IF(ABS(D14)<=0.04,"OK","CHECK") | F14: tolerance 0.04 INR Bn (source rounding)
A15: BSE: Monthly vs Daily (from daily start) - Premium | B15: =SUMIFS('Monthly BSE Equity Options'!$J:$J,'Monthly BSE Equity Options'!$A:$A,">="&DATE(YEAR($C$7),MONTH($C$7),1),'Monthly BSE Equity Options'!$A:$A,"<="&DATE(YEAR($D$7),MONTH($D$7),1)) | C15: =SUM('Daily BSE Equity Options'!$K:$K) | D15: =B15-C15 | E15: =IF(ABS(D15)<=0.04,"OK","CHECK") | F15: tolerance 0.04 INR Bn (source rounding)
A16: NSE: Yearly vs Monthly (from first yearly FY) - Notional | B16: =SUM('Year NSE Equity Options'!$I:$I) | C16: =SUMIFS('Monthly NSE Equity Options'!$K:$K,'Monthly NSE Equity Options'!$A:$A,">="&DATE(LEFT('Year NSE Equity Options'!$A$2,4)+0,4,1)) | D16: =B16-C16 | E16: =IF(ABS(D16)<=0.04,"OK","CHECK") | F16: tolerance 0.04 INR Bn (source rounding)
A17: NSE: Monthly vs Daily (from daily start) - Notional | B17: =SUMIFS('Monthly NSE Equity Options'!$K:$K,'Monthly NSE Equity Options'!$A:$A,">="&DATE(YEAR($C$4),MONTH($C$4),1),'Monthly NSE Equity Options'!$A:$A,"<="&DATE(YEAR($D$4),MONTH($D$4),1)) | C17: =SUM('Daily NSE Equity Options'!$L:$L) | D17: =B17-C17 | E17: =IF(ABS(D17)<=0.04,"OK","CHECK") | F17: tolerance 0.04 INR Bn (source rounding)
A18: BSE: Yearly vs Monthly (full history) - Notional | B18: =SUM('Year BSE Equity Options'!$I:$I) | C18: =SUM('Monthly BSE Equity Options'!$K:$K) | D18: =B18-C18 | E18: =IF(ABS(D18)<=0.04,"OK","CHECK") | F18: tolerance 0.04 INR Bn (source rounding)
A19: BSE: Monthly vs Daily (from daily start) - Notional | B19: =SUMIFS('Monthly BSE Equity Options'!$K:$K,'Monthly BSE Equity Options'!$A:$A,">="&DATE(YEAR($C$7),MONTH($C$7),1),'Monthly BSE Equity Options'!$A:$A,"<="&DATE(YEAR($D$7),MONTH($D$7),1)) | C19: =SUM('Daily BSE Equity Options'!$L:$L) | D19: =B19-C19 | E19: =IF(ABS(D19)<=0.04,"OK","CHECK") | F19: tolerance 0.04 INR Bn (source rounding)
A20: NSE: Yearly vs Monthly (from first yearly FY) - Contracts | B20: =SUM('Year NSE Equity Options'!$J:$J) | C20: =SUMIFS('Monthly NSE Equity Options'!$L:$L,'Monthly NSE Equity Options'!$A:$A,">="&DATE(LEFT('Year NSE Equity Options'!$A$2,4)+0,4,1)) | D20: =B20-C20 | E20: =IF(ABS(D20)<=0,"OK","CHECK") | F20: counts must match exactly
A21: NSE: Monthly vs Daily (from daily start) - Contracts | B21: =SUMIFS('Monthly NSE Equity Options'!$L:$L,'Monthly NSE Equity Options'!$A:$A,">="&DATE(YEAR($C$4),MONTH($C$4),1),'Monthly NSE Equity Options'!$A:$A,"<="&DATE(YEAR($D$4),MONTH($D$4),1)) | C21: =SUM('Daily NSE Equity Options'!$M:$M) | D21: =B21-C21 | E21: =IF(ABS(D21)<=0,"OK","CHECK") | F21: counts must match exactly
A22: BSE: Yearly vs Monthly (full history) - Contracts | B22: =SUM('Year BSE Equity Options'!$J:$J) | C22: =SUM('Monthly BSE Equity Options'!$L:$L) | D22: =B22-C22 | E22: =IF(ABS(D22)<=0,"OK","CHECK") | F22: counts must match exactly
A23: BSE: Monthly vs Daily (from daily start) - Contracts | B23: =SUMIFS('Monthly BSE Equity Options'!$L:$L,'Monthly BSE Equity Options'!$A:$A,">="&DATE(YEAR($C$7),MONTH($C$7),1),'Monthly BSE Equity Options'!$A:$A,"<="&DATE(YEAR($D$7),MONTH($D$7),1)) | C23: =SUM('Daily BSE Equity Options'!$M:$M) | D23: =B23-C23 | E23: =IF(ABS(D23)<=0,"OK","CHECK") | F23: counts must match exactly
A25: Notes
A26: Data sheets carry Index Options, Stock/Equity Options and Total Options (= Index + Stock/Equity) groups, each ordered Premium | Notional | Contracts; turnover in INR Bn (= the exchanges' published INR Crores / 100), contracts raw counts. Market Share sheets and the reconciliation above are at the Total Options level only (the standalone NSE/BSE workbooks reconcile the Index/Stock split).
A27: Market Share sheets: values are live SUMIFS on the data sheets; one-sided periods (e.g. BSE-only history before Apr-2009, zero-activity BSE months) show the available exchange but a BLANK total/share - never a fake 100%.
A28: NSE yearly figures start only FY2015-16, so the Year Mkt Share sheet fills NSE from the Monthly NSE sheet (MAX of the two) for FY2009-10 onward; NSE monthly starts Apr-2009, BSE history starts FY2003-04; daily sheets per chosen range.
A29: Growth columns are on Premium Turnover (the standard options turnover measure); YoY on in-progress periods compares partial vs full prior period.
A30: Both exchanges publish in-progress month and fiscal-year figures for options, so no daily fallback is needed at monthly/quarterly level (unlike the Equity Cash workbook).
A31: Each Mkt Share sheet also carries a period-to-date Comparison block below the data - Year & Day sheets: current-FY YTD vs the prior FY; Qrtr sheet: running quarter QTD vs the same quarter a year earlier; Mth sheet: running month MTD vs the same month a year earlier - always over the FIRST EQUAL NUMBER of NSE trading days of the prior period (matched window shown in the block, sliding forward with each refresh); live formulas on the daily data sheets, growth on NSE/BSE/Total for all three metrics.
A32: Colour code across all sheets: GOLD = Premium Turnover, BLUE = Notional Turnover, GREEN = No. of Contracts; grey left borders mark group boundaries. On Market Share sheets the share columns show the red-to-green scale instead, and the growth block is gold (premium-based).

Sheet Year Equity Options Mkt Share
A1: Fiscal Year | B1: NSE Premium Turnover (INR Bn) | C1: BSE Premium Turnover (INR Bn) | D1: Total Premium Turnover (INR Bn) | E1: NSE Premium Market Share | F1: BSE Premium Market Share | G1: NSE Premium YoY Growth | H1: BSE Premium YoY Growth | I1: Total Premium YoY Growth | J1: NSE Notional Turnover (INR Bn) | K1: BSE Notional Turnover (INR Bn) | L1: Total Notional Turnover (INR Bn) | M1: NSE Notional Market Share | N1: BSE Notional Market Share | O1: NSE No. of Contracts | P1: BSE No. of Contracts | Q1: Total No. of Contracts | R1: NSE Contracts Market Share | S1: BSE Contracts Market Share
A2: 2003-2004 | B2: =IF(MAX(SUMIFS('Year NSE Equity Options'!$H:$H,'Year NSE Equity Options'!$A:$A,$A2),SUMIFS('Monthly NSE Equity Options'!$J:$J,'Monthly NSE Equity Options'!$B:$B,$A2))=0,"",MAX(SUMIFS('Year NSE Equity Options'!$H:$H,'Year NSE Equity Options'!$A:$A,$A2),SUMIFS('Monthly NSE Equity Options'!$J:$J,'Monthly NSE Equity Options'!$B:$B,$A2))) | C2: =IF(SUMIFS('Year BSE Equity Options'!$H:$H,'Year BSE Equity Options'!$A:$A,$A2)=0,"",SUMIFS('Year BSE Equity Options'!$H:$H,'Year BSE Equity Options'!$A:$A,$A2)) | D2: =IF(OR(B2="",C2=""),"",B2+C2) | E2: =IF(D2="","",B2/D2) | F2: =IF(D2="","",C2/D2) | J2: =IF(MAX(SUMIFS('Year NSE Equity Options'!$I:$I,'Year NSE Equity Options'!$A:$A,$A2),SUMIFS('Monthly NSE Equity Options'!$K:$K,'Monthly NSE Equity Options'!$B:$B,$A2))=0,"",MAX(SUMIFS('Year NSE Equity Options'!$I:$I,'Year NSE Equity Options'!$A:$A,$A2),SUMIFS('Monthly NSE Equity Options'!$K:$K,'Monthly NSE Equity Options'!$B:$B,$A2))) | K2: =IF(SUMIFS('Year BSE Equity Options'!$I:$I,'Year BSE Equity Options'!$A:$A,$A2)=0,"",SUMIFS('Year BSE Equity Options'!$I:$I,'Year BSE Equity Options'!$A:$A,$A2)) | L2: =IF(OR(J2="",K2=""),"",J2+K2) | M2: =IF(L2="","",J2/L2) | N2: =IF(L2="","",K2/L2) | O2: =IF(MAX(SUMIFS('Year NSE Equity Options'!$J:$J,'Year NSE Equity Options'!$A:$A,$A2),SUMIFS('Monthly NSE Equity Options'!$L:$L,'Monthly NSE Equity Options'!$B:$B,$A2))=0,"",MAX(SUMIFS('Year NSE Equity Options'!$J:$J,'Year NSE Equity Options'!$A:$A,$A2),SUMIFS('Monthly NSE Equity Options'!$L:$L,'Monthly NSE Equity Options'!$B:$B,$A2))) | P2: =IF(SUMIFS('Year BSE Equity Options'!$J:$J,'Year BSE Equity Options'!$A:$A,$A2)=0,"",SUMIFS('Year BSE Equity Options'!$J:$J,'Year BSE Equity Options'!$A:$A,$A2)) | Q2: =IF(OR(O2="",P2=""),"",O2+P2) | R2: =IF(Q2="","",O2/Q2) | S2: =IF(Q2="","",P2/Q2)
A3: 2004-2005 | B3: =IF(MAX(SUMIFS('Year NSE Equity Options'!$H:$H,'Year NSE Equity Options'!$A:$A,$A3),SUMIFS('Monthly NSE Equity Options'!$J:$J,'Monthly NSE Equity Options'!$B:$B,$A3))=0,"",MAX(SUMIFS('Year NSE Equity Options'!$H:$H,'Year NSE Equity Options'!$A:$A,$A3),SUMIFS('Monthly NSE Equity Options'!$J:$J,'Monthly NSE Equity Options'!$B:$B,$A3))) | C3: =IF(SUMIFS('Year BSE Equity Options'!$H:$H,'Year BSE Equity Options'!$A:$A,$A3)=0,"",SUMIFS('Year BSE Equity Options'!$H:$H,'Year BSE Equity Options'!$A:$A,$A3)) | D3: =IF(OR(B3="",C3=""),"",B3+C3) | E3: =IF(D3="","",B3/D3) | F3: =IF(D3="","",C3/D3) | G3: =IF(OR(B3="",B2=""),"",B3/B2-1) | H3: =IF(OR(C3="",C2=""),"",C3/C2-1) | I3: =IF(OR(D3="",D2=""),"",D3/D2-1) | J3: =IF(MAX(SUMIFS('Year NSE Equity Options'!$I:$I,'Year NSE Equity Options'!$A:$A,$A3),SUMIFS('Monthly NSE Equity Options'!$K:$K,'Monthly NSE Equity Options'!$B:$B,$A3))=0,"",MAX(SUMIFS('Year NSE Equity Options'!$I:$I,'Year NSE Equity Options'!$A:$A,$A3),SUMIFS('Monthly NSE Equity Options'!$K:$K,'Monthly NSE Equity Options'!$B:$B,$A3))) | K3: =IF(SUMIFS('Year BSE Equity Options'!$I:$I,'Year BSE Equity Options'!$A:$A,$A3)=0,"",SUMIFS('Year BSE Equity Options'!$I:$I,'Year BSE Equity Options'!$A:$A,$A3)) | L3: =IF(OR(J3="",K3=""),"",J3+K3) | M3: =IF(L3="","",J3/L3) | N3: =IF(L3="","",K3/L3) | O3: =IF(MAX(SUMIFS('Year NSE Equity Options'!$J:$J,'Year NSE Equity Options'!$A:$A,$A3),SUMIFS('Monthly NSE Equity Options'!$L:$L,'Monthly NSE Equity Options'!$B:$B,$A3))=0,"",MAX(SUMIFS('Year NSE Equity Options'!$J:$J,'Year NSE Equity Options'!$A:$A,$A3),SUMIFS('Monthly NSE Equity Options'!$L:$L,'Monthly NSE Equity Options'!$B:$B,$A3))) | P3: =IF(SUMIFS('Year BSE Equity Options'!$J:$J,'Year BSE Equity Options'!$A:$A,$A3)=0,"",SUMIFS('Year BSE Equity Options'!$J:$J,'Year BSE Equity Options'!$A:$A,$A3)) | Q3: =IF(OR(O3="",P3=""),"",O3+P3) | R3: =IF(Q3="","",O3/Q3) | S3: =IF(Q3="","",P3/Q3)
A4: 2005-2006 | B4: =IF(MAX(SUMIFS('Year NSE Equity Options'!$H:$H,'Year NSE Equity Options'!$A:$A,$A4),SUMIFS('Monthly NSE Equity Options'!$J:$J,'Monthly NSE Equity Options'!$B:$B,$A4))=0,"",MAX(SUMIFS('Year NSE Equity Options'!$H:$H,'Year NSE Equity Options'!$A:$A,$A4),SUMIFS('Monthly NSE Equity Options'!$J:$J,'Monthly NSE Equity Options'!$B:$B,$A4))) | C4: =IF(SUMIFS('Year BSE Equity Options'!$H:$H,'Year BSE Equity Options'!$A:$A,$A4)=0,"",SUMIFS('Year BSE Equity Options'!$H:$H,'Year BSE Equity Options'!$A:$A,$A4)) | D4: =IF(OR(B4="",C4=""),"",B4+C4) | E4: =IF(D4="","",B4/D4) | F4: =IF(D4="","",C4/D4) | G4: =IF(OR(B4="",B3=""),"",B4/B3-1) | H4: =IF(OR(C4="",C3=""),"",C4/C3-1) | I4: =IF(OR(D4="",D3=""),"",D4/D3-1) | J4: =IF(MAX(SUMIFS('Year NSE Equity Options'!$I:$I,'Year NSE Equity Options'!$A:$A,$A4),SUMIFS('Monthly NSE Equity Options'!$K:$K,'Monthly NSE Equity Options'!$B:$B,$A4))=0,"",MAX(SUMIFS('Year NSE Equity Options'!$I:$I,'Year NSE Equity Options'!$A:$A,$A4),SUMIFS('Monthly NSE Equity Options'!$K:$K,'Monthly NSE Equity Options'!$B:$B,$A4))) | K4: =IF(SUMIFS('Year BSE Equity Options'!$I:$I,'Year BSE Equity Options'!$A:$A,$A4)=0,"",SUMIFS('Year BSE Equity Options'!$I:$I,'Year BSE Equity Options'!$A:$A,$A4)) | L4: =IF(OR(J4="",K4=""),"",J4+K4) | M4: =IF(L4="","",J4/L4) | N4: =IF(L4="","",K4/L4) | O4: =IF(MAX(SUMIFS('Year NSE Equity Options'!$J:$J,'Year NSE Equity Options'!$A:$A,$A4),SUMIFS('Monthly NSE Equity Options'!$L:$L,'Monthly NSE Equity Options'!$B:$B,$A4))=0,"",MAX(SUMIFS('Year NSE Equity Options'!$J:$J,'Year NSE Equity Options'!$A:$A,$A4),SUMIFS('Monthly NSE Equity Options'!$L:$L,'Monthly NSE Equity Options'!$B:$B,$A4))) | P4: =IF(SUMIFS('Year BSE Equity Options'!$J:$J,'Year BSE Equity Options'!$A:$A,$A4)=0,"",SUMIFS('Year BSE Equity Options'!$J:$J,'Year BSE Equity Options'!$A:$A,$A4)) | Q4: =IF(OR(O4="",P4=""),"",O4+P4) | R4: =IF(Q4="","",O4/Q4) | S4: =IF(Q4="","",P4/Q4)
A5: 2006-2007 | B5: =IF(MAX(SUMIFS('Year NSE Equity Options'!$H:$H,'Year NSE Equity Options'!$A:$A,$A5),SUMIFS('Monthly NSE Equity Options'!$J:$J,'Monthly NSE Equity Options'!$B:$B,$A5))=0,"",MAX(SUMIFS('Year NSE Equity Options'!$H:$H,'Year NSE Equity Options'!$A:$A,$A5),SUMIFS('Monthly NSE Equity Options'!$J:$J,'Monthly NSE Equity Options'!$B:$B,$A5))) | C5: =IF(SUMIFS('Year BSE Equity Options'!$H:$H,'Year BSE Equity Options'!$A:$A,$A5)=0,"",SUMIFS('Year BSE Equity Options'!$H:$H,'Year BSE Equity Options'!$A:$A,$A5)) | D5: =IF(OR(B5="",C5=""),"",B5+C5) | E5: =IF(D5="","",B5/D5) | F5: =IF(D5="","",C5/D5) | G5: =IF(OR(B5="",B4=""),"",B5/B4-1) | H5: =IF(OR(C5="",C4=""),"",C5/C4-1) | I5: =IF(OR(D5="",D4=""),"",D5/D4-1) | J5: =IF(MAX(SUMIFS('Year NSE Equity Options'!$I:$I,'Year NSE Equity Options'!$A:$A,$A5),SUMIFS('Monthly NSE Equity Options'!$K:$K,'Monthly NSE Equity Options'!$B:$B,$A5))=0,"",MAX(SUMIFS('Year NSE Equity Options'!$I:$I,'Year NSE Equity Options'!$A:$A,$A5),SUMIFS('Monthly NSE Equity Options'!$K:$K,'Monthly NSE Equity Options'!$B:$B,$A5))) | K5: =IF(SUMIFS('Year BSE Equity Options'!$I:$I,'Year BSE Equity Options'!$A:$A,$A5)=0,"",SUMIFS('Year BSE Equity Options'!$I:$I,'Year BSE Equity Options'!$A:$A,$A5)) | L5: =IF(OR(J5="",K5=""),"",J5+K5) | M5: =IF(L5="","",J5/L5) | N5: =IF(L5="","",K5/L5) | O5: =IF(MAX(SUMIFS('Year NSE Equity Options'!$J:$J,'Year NSE Equity Options'!$A:$A,$A5),SUMIFS('Monthly NSE Equity Options'!$L:$L,'Monthly NSE Equity Options'!$B:$B,$A5))=0,"",MAX(SUMIFS('Year NSE Equity Options'!$J:$J,'Year NSE Equity Options'!$A:$A,$A5),SUMIFS('Monthly NSE Equity Options'!$L:$L,'Monthly NSE Equity Options'!$B:$B,$A5))) | P5: =IF(SUMIFS('Year BSE Equity Options'!$J:$J,'Year BSE Equity Options'!$A:$A,$A5)=0,"",SUMIFS('Year BSE Equity Options'!$J:$J,'Year BSE Equity Options'!$A:$A,$A5)) | Q5: =IF(OR(O5="",P5=""),"",O5+P5) | R5: =IF(Q5="","",O5/Q5) | S5: =IF(Q5="","",P5/Q5)
A6: 2007-2008 | B6: =IF(MAX(SUMIFS('Year NSE Equity Options'!$H:$H,'Year NSE Equity Options'!$A:$A,$A6),SUMIFS('Monthly NSE Equity Options'!$J:$J,'Monthly NSE Equity Options'!$B:$B,$A6))=0,"",MAX(SUMIFS('Year NSE Equity Options'!$H:$H,'Year NSE Equity Options'!$A:$A,$A6),SUMIFS('Monthly NSE Equity Options'!$J:$J,'Monthly NSE Equity Options'!$B:$B,$A6))) | C6: =IF(SUMIFS('Year BSE Equity Options'!$H:$H,'Year BSE Equity Options'!$A:$A,$A6)=0,"",SUMIFS('Year BSE Equity Options'!$H:$H,'Year BSE Equity Options'!$A:$A,$A6)) | D6: =IF(OR(B6="",C6=""),"",B6+C6) | E6: =IF(D6="","",B6/D6) | F6: =IF(D6="","",C6/D6) | G6: =IF(OR(B6="",B5=""),"",B6/B5-1) | H6: =IF(OR(C6="",C5=""),"",C6/C5-1) | I6: =IF(OR(D6="",D5=""),"",D6/D5-1) | J6: =IF(MAX(SUMIFS('Year NSE Equity Options'!$I:$I,'Year NSE Equity Options'!$A:$A,$A6),SUMIFS('Monthly NSE Equity Options'!$K:$K,'Monthly NSE Equity Options'!$B:$B,$A6))=0,"",MAX(SUMIFS('Year NSE Equity Options'!$I:$I,'Year NSE Equity Options'!$A:$A,$A6),SUMIFS('Monthly NSE Equity Options'!$K:$K,'Monthly NSE Equity Options'!$B:$B,$A6))) | K6: =IF(SUMIFS('Year BSE Equity Options'!$I:$I,'Year BSE Equity Options'!$A:$A,$A6)=0,"",SUMIFS('Year BSE Equity Options'!$I:$I,'Year BSE Equity Options'!$A:$A,$A6)) | L6: =IF(OR(J6="",K6=""),"",J6+K6) | M6: =IF(L6="","",J6/L6) | N6: =IF(L6="","",K6/L6) | O6: =IF(MAX(SUMIFS('Year NSE Equity Options'!$J:$J,'Year NSE Equity Options'!$A:$A,$A6),SUMIFS('Monthly NSE Equity Options'!$L:$L,'Monthly NSE Equity Options'!$B:$B,$A6))=0,"",MAX(SUMIFS('Year NSE Equity Options'!$J:$J,'Year NSE Equity Options'!$A:$A,$A6),SUMIFS('Monthly NSE Equity Options'!$L:$L,'Monthly NSE Equity Options'!$B:$B,$A6))) | P6: =IF(SUMIFS('Year BSE Equity Options'!$J:$J,'Year BSE Equity Options'!$A:$A,$A6)=0,"",SUMIFS('Year BSE Equity Options'!$J:$J,'Year BSE Equity Options'!$A:$A,$A6)) | Q6: =IF(OR(O6="",P6=""),"",O6+P6) | R6: =IF(Q6="","",O6/Q6) | S6: =IF(Q6="","",P6/Q6)
A7: 2008-2009 | B7: =IF(MAX(SUMIFS('Year NSE Equity Options'!$H:$H,'Year NSE Equity Options'!$A:$A,$A7),SUMIFS('Monthly NSE Equity Options'!$J:$J,'Monthly NSE Equity Options'!$B:$B,$A7))=0,"",MAX(SUMIFS('Year NSE Equity Options'!$H:$H,'Year NSE Equity Options'!$A:$A,$A7),SUMIFS('Monthly NSE Equity Options'!$J:$J,'Monthly NSE Equity Options'!$B:$B,$A7))) | C7: =IF(SUMIFS('Year BSE Equity Options'!$H:$H,'Year BSE Equity Options'!$A:$A,$A7)=0,"",SUMIFS('Year BSE Equity Options'!$H:$H,'Year BSE Equity Options'!$A:$A,$A7)) | D7: =IF(OR(B7="",C7=""),"",B7+C7) | E7: =IF(D7="","",B7/D7) | F7: =IF(D7="","",C7/D7) | G7: =IF(OR(B7="",B6=""),"",B7/B6-1) | H7: =IF(OR(C7="",C6=""),"",C7/C6-1) | I7: =IF(OR(D7="",D6=""),"",D7/D6-1) | J7: =IF(MAX(SUMIFS('Year NSE Equity Options'!$I:$I,'Year NSE Equity Options'!$A:$A,$A7),SUMIFS('Monthly NSE Equity Options'!$K:$K,'Monthly NSE Equity Options'!$B:$B,$A7))=0,"",MAX(SUMIFS('Year NSE Equity Options'!$I:$I,'Year NSE Equity Options'!$A:$A,$A7),SUMIFS('Monthly NSE Equity Options'!$K:$K,'Monthly NSE Equity Options'!$B:$B,$A7))) | K7: =IF(SUMIFS('Year BSE Equity Options'!$I:$I,'Year BSE Equity Options'!$A:$A,$A7)=0,"",SUMIFS('Year BSE Equity Options'!$I:$I,'Year BSE Equity Options'!$A:$A,$A7)) | L7: =IF(OR(J7="",K7=""),"",J7+K7) | M7: =IF(L7="","",J7/L7) | N7: =IF(L7="","",K7/L7) | O7: =IF(MAX(SUMIFS('Year NSE Equity Options'!$J:$J,'Year NSE Equity Options'!$A:$A,$A7),SUMIFS('Monthly NSE Equity Options'!$L:$L,'Monthly NSE Equity Options'!$B:$B,$A7))=0,"",MAX(SUMIFS('Year NSE Equity Options'!$J:$J,'Year NSE Equity Options'!$A:$A,$A7),SUMIFS('Monthly NSE Equity Options'!$L:$L,'Monthly NSE Equity Options'!$B:$B,$A7))) | P7: =IF(SUMIFS('Year BSE Equity Options'!$J:$J,'Year BSE Equity Options'!$A:$A,$A7)=0,"",SUMIFS('Year BSE Equity Options'!$J:$J,'Year BSE Equity Options'!$A:$A,$A7)) | Q7: =IF(OR(O7="",P7=""),"",O7+P7) | R7: =IF(Q7="","",O7/Q7) | S7: =IF(Q7="","",P7/Q7)
A8: 2009-2010 | B8: =IF(MAX(SUMIFS('Year NSE Equity Options'!$H:$H,'Year NSE Equity Options'!$A:$A,$A8),SUMIFS('Monthly NSE Equity Options'!$J:$J,'Monthly NSE Equity Options'!$B:$B,$A8))=0,"",MAX(SUMIFS('Year NSE Equity Options'!$H:$H,'Year NSE Equity Options'!$A:$A,$A8),SUMIFS('Monthly NSE Equity Options'!$J:$J,'Monthly NSE Equity Options'!$B:$B,$A8))) | C8: =IF(SUMIFS('Year BSE Equity Options'!$H:$H,'Year BSE Equity Options'!$A:$A,$A8)=0,"",SUMIFS('Year BSE Equity Options'!$H:$H,'Year BSE Equity Options'!$A:$A,$A8)) | D8: =IF(OR(B8="",C8=""),"",B8+C8) | E8: =IF(D8="","",B8/D8) | F8: =IF(D8="","",C8/D8) | G8: =IF(OR(B8="",B7=""),"",B8/B7-1) | H8: =IF(OR(C8="",C7=""),"",C8/C7-1) | I8: =IF(OR(D8="",D7=""),"",D8/D7-1) | J8: =IF(MAX(SUMIFS('Year NSE Equity Options'!$I:$I,'Year NSE Equity Options'!$A:$A,$A8),SUMIFS('Monthly NSE Equity Options'!$K:$K,'Monthly NSE Equity Options'!$B:$B,$A8))=0,"",MAX(SUMIFS('Year NSE Equity Options'!$I:$I,'Year NSE Equity Options'!$A:$A,$A8),SUMIFS('Monthly NSE Equity Options'!$K:$K,'Monthly NSE Equity Options'!$B:$B,$A8))) | K8: =IF(SUMIFS('Year BSE Equity Options'!$I:$I,'Year BSE Equity Options'!$A:$A,$A8)=0,"",SUMIFS('Year BSE Equity Options'!$I:$I,'Year BSE Equity Options'!$A:$A,$A8)) | L8: =IF(OR(J8="",K8=""),"",J8+K8) | M8: =IF(L8="","",J8/L8) | N8: =IF(L8="","",K8/L8) | O8: =IF(MAX(SUMIFS('Year NSE Equity Options'!$J:$J,'Year NSE Equity Options'!$A:$A,$A8),SUMIFS('Monthly NSE Equity Options'!$L:$L,'Monthly NSE Equity Options'!$B:$B,$A8))=0,"",MAX(SUMIFS('Year NSE Equity Options'!$J:$J,'Year NSE Equity Options'!$A:$A,$A8),SUMIFS('Monthly NSE Equity Options'!$L:$L,'Monthly NSE Equity Options'!$B:$B,$A8))) | P8: =IF(SUMIFS('Year BSE Equity Options'!$J:$J,'Year BSE Equity Options'!$A:$A,$A8)=0,"",SUMIFS('Year BSE Equity Options'!$J:$J,'Year BSE Equity Options'!$A:$A,$A8)) | Q8: =IF(OR(O8="",P8=""),"",O8+P8) | R8: =IF(Q8="","",O8/Q8) | S8: =IF(Q8="","",P8/Q8)
A9: 2010-2011 | B9: =IF(MAX(SUMIFS('Year NSE Equity Options'!$H:$H,'Year NSE Equity Options'!$A:$A,$A9),SUMIFS('Monthly NSE Equity Options'!$J:$J,'Monthly NSE Equity Options'!$B:$B,$A9))=0,"",MAX(SUMIFS('Year NSE Equity Options'!$H:$H,'Year NSE Equity Options'!$A:$A,$A9),SUMIFS('Monthly NSE Equity Options'!$J:$J,'Monthly NSE Equity Options'!$B:$B,$A9))) | C9: =IF(SUMIFS('Year BSE Equity Options'!$H:$H,'Year BSE Equity Options'!$A:$A,$A9)=0,"",SUMIFS('Year BSE Equity Options'!$H:$H,'Year BSE Equity Options'!$A:$A,$A9)) | D9: =IF(OR(B9="",C9=""),"",B9+C9) | E9: =IF(D9="","",B9/D9) | F9: =IF(D9="","",C9/D9) | G9: =IF(OR(B9="",B8=""),"",B9/B8-1) | H9: =IF(OR(C9="",C8=""),"",C9/C8-1) | I9: =IF(OR(D9="",D8=""),"",D9/D8-1) | J9: =IF(MAX(SUMIFS('Year NSE Equity Options'!$I:$I,'Year NSE Equity Options'!$A:$A,$A9),SUMIFS('Monthly NSE Equity Options'!$K:$K,'Monthly NSE Equity Options'!$B:$B,$A9))=0,"",MAX(SUMIFS('Year NSE Equity Options'!$I:$I,'Year NSE Equity Options'!$A:$A,$A9),SUMIFS('Monthly NSE Equity Options'!$K:$K,'Monthly NSE Equity Options'!$B:$B,$A9))) | K9: =IF(SUMIFS('Year BSE Equity Options'!$I:$I,'Year BSE Equity Options'!$A:$A,$A9)=0,"",SUMIFS('Year BSE Equity Options'!$I:$I,'Year BSE Equity Options'!$A:$A,$A9)) | L9: =IF(OR(J9="",K9=""),"",J9+K9) | M9: =IF(L9="","",J9/L9) | N9: =IF(L9="","",K9/L9) | O9: =IF(MAX(SUMIFS('Year NSE Equity Options'!$J:$J,'Year NSE Equity Options'!$A:$A,$A9),SUMIFS('Monthly NSE Equity Options'!$L:$L,'Monthly NSE Equity Options'!$B:$B,$A9))=0,"",MAX(SUMIFS('Year NSE Equity Options'!$J:$J,'Year NSE Equity Options'!$A:$A,$A9),SUMIFS('Monthly NSE Equity Options'!$L:$L,'Monthly NSE Equity Options'!$B:$B,$A9))) | P9: =IF(SUMIFS('Year BSE Equity Options'!$J:$J,'Year BSE Equity Options'!$A:$A,$A9)=0,"",SUMIFS('Year BSE Equity Options'!$J:$J,'Year BSE Equity Options'!$A:$A,$A9)) | Q9: =IF(OR(O9="",P9=""),"",O9+P9) | R9: =IF(Q9="","",O9/Q9) | S9: =IF(Q9="","",P9/Q9)
A10: 2011-2012 | B10: =IF(MAX(SUMIFS('Year NSE Equity Options'!$H:$H,'Year NSE Equity Options'!$A:$A,$A10),SUMIFS('Monthly NSE Equity Options'!$J:$J,'Monthly NSE Equity Options'!$B:$B,$A10))=0,"",MAX(SUMIFS('Year NSE Equity Options'!$H:$H,'Year NSE Equity Options'!$A:$A,$A10),SUMIFS('Monthly NSE Equity Options'!$J:$J,'Monthly NSE Equity Options'!$B:$B,$A10))) | C10: =IF(SUMIFS('Year BSE Equity Options'!$H:$H,'Year BSE Equity Options'!$A:$A,$A10)=0,"",SUMIFS('Year BSE Equity Options'!$H:$H,'Year BSE Equity Options'!$A:$A,$A10)) | D10: =IF(OR(B10="",C10=""),"",B10+C10) | E10: =IF(D10="","",B10/D10) | F10: =IF(D10="","",C10/D10) | G10: =IF(OR(B10="",B9=""),"",B10/B9-1) | H10: =IF(OR(C10="",C9=""),"",C10/C9-1) | I10: =IF(OR(D10="",D9=""),"",D10/D9-1) | J10: =IF(MAX(SUMIFS('Year NSE Equity Options'!$I:$I,'Year NSE Equity Options'!$A:$A,$A10),SUMIFS('Monthly NSE Equity Options'!$K:$K,'Monthly NSE Equity Options'!$B:$B,$A10))=0,"",MAX(SUMIFS('Year NSE Equity Options'!$I:$I,'Year NSE Equity Options'!$A:$A,$A10),SUMIFS('Monthly NSE Equity Options'!$K:$K,'Monthly NSE Equity Options'!$B:$B,$A10))) | K10: =IF(SUMIFS('Year BSE Equity Options'!$I:$I,'Year BSE Equity Options'!$A:$A,$A10)=0,"",SUMIFS('Year BSE Equity Options'!$I:$I,'Year BSE Equity Options'!$A:$A,$A10)) | L10: =IF(OR(J10="",K10=""),"",J10+K10) | M10: =IF(L10="","",J10/L10) | N10: =IF(L10="","",K10/L10) | O10: =IF(MAX(SUMIFS('Year NSE Equity Options'!$J:$J,'Year NSE Equity Options'!$A:$A,$A10),SUMIFS('Monthly NSE Equity Options'!$L:$L,'Monthly NSE Equity Options'!$B:$B,$A10))=0,"",MAX(SUMIFS('Year NSE Equity Options'!$J:$J,'Year NSE Equity Options'!$A:$A,$A10),SUMIFS('Monthly NSE Equity Options'!$L:$L,'Monthly NSE Equity Options'!$B:$B,$A10))) | P10: =IF(SUMIFS('Year BSE Equity Options'!$J:$J,'Year BSE Equity Options'!$A:$A,$A10)=0,"",SUMIFS('Year BSE Equity Options'!$J:$J,'Year BSE Equity Options'!$A:$A,$A10)) | Q10: =IF(OR(O10="",P10=""),"",O10+P10) | R10: =IF(Q10="","",O10/Q10) | S10: =IF(Q10="","",P10/Q10)
A11: 2012-2013 | B11: =IF(MAX(SUMIFS('Year NSE Equity Options'!$H:$H,'Year NSE Equity Options'!$A:$A,$A11),SUMIFS('Monthly NSE Equity Options'!$J:$J,'Monthly NSE Equity Options'!$B:$B,$A11))=0,"",MAX(SUMIFS('Year NSE Equity Options'!$H:$H,'Year NSE Equity Options'!$A:$A,$A11),SUMIFS('Monthly NSE Equity Options'!$J:$J,'Monthly NSE Equity Options'!$B:$B,$A11))) | C11: =IF(SUMIFS('Year BSE Equity Options'!$H:$H,'Year BSE Equity Options'!$A:$A,$A11)=0,"",SUMIFS('Year BSE Equity Options'!$H:$H,'Year BSE Equity Options'!$A:$A,$A11)) | D11: =IF(OR(B11="",C11=""),"",B11+C11) | E11: =IF(D11="","",B11/D11) | F11: =IF(D11="","",C11/D11) | G11: =IF(OR(B11="",B10=""),"",B11/B10-1) | H11: =IF(OR(C11="",C10=""),"",C11/C10-1) | I11: =IF(OR(D11="",D10=""),"",D11/D10-1) | J11: =IF(MAX(SUMIFS('Year NSE Equity Options'!$I:$I,'Year NSE Equity Options'!$A:$A,$A11),SUMIFS('Monthly NSE Equity Options'!$K:$K,'Monthly NSE Equity Options'!$B:$B,$A11))=0,"",MAX(SUMIFS('Year NSE Equity Options'!$I:$I,'Year NSE Equity Options'!$A:$A,$A11),SUMIFS('Monthly NSE Equity Options'!$K:$K,'Monthly NSE Equity Options'!$B:$B,$A11))) | K11: =IF(SUMIFS('Year BSE Equity Options'!$I:$I,'Year BSE Equity Options'!$A:$A,$A11)=0,"",SUMIFS('Year BSE Equity Options'!$I:$I,'Year BSE Equity Options'!$A:$A,$A11)) | L11: =IF(OR(J11="",K11=""),"",J11+K11) | M11: =IF(L11="","",J11/L11) | N11: =IF(L11="","",K11/L11) | O11: =IF(MAX(SUMIFS('Year NSE Equity Options'!$J:$J,'Year NSE Equity Options'!$A:$A,$A11),SUMIFS('Monthly NSE Equity Options'!$L:$L,'Monthly NSE Equity Options'!$B:$B,$A11))=0,"",MAX(SUMIFS('Year NSE Equity Options'!$J:$J,'Year NSE Equity Options'!$A:$A,$A11),SUMIFS('Monthly NSE Equity Options'!$L:$L,'Monthly NSE Equity Options'!$B:$B,$A11))) | P11: =IF(SUMIFS('Year BSE Equity Options'!$J:$J,'Year BSE Equity Options'!$A:$A,$A11)=0,"",SUMIFS('Year BSE Equity Options'!$J:$J,'Year BSE Equity Options'!$A:$A,$A11)) | Q11: =IF(OR(O11="",P11=""),"",O11+P11) | R11: =IF(Q11="","",O11/Q11) | S11: =IF(Q11="","",P11/Q11)
A12: 2013-2014 | B12: =IF(MAX(SUMIFS('Year NSE Equity Options'!$H:$H,'Year NSE Equity Options'!$A:$A,$A12),SUMIFS('Monthly NSE Equity Options'!$J:$J,'Monthly NSE Equity Options'!$B:$B,$A12))=0,"",MAX(SUMIFS('Year NSE Equity Options'!$H:$H,'Year NSE Equity Options'!$A:$A,$A12),SUMIFS('Monthly NSE Equity Options'!$J:$J,'Monthly NSE Equity Options'!$B:$B,$A12))) | C12: =IF(SUMIFS('Year BSE Equity Options'!$H:$H,'Year BSE Equity Options'!$A:$A,$A12)=0,"",SUMIFS('Year BSE Equity Options'!$H:$H,'Year BSE Equity Options'!$A:$A,$A12)) | D12: =IF(OR(B12="",C12=""),"",B12+C12) | E12: =IF(D12="","",B12/D12) | F12: =IF(D12="","",C12/D12) | G12: =IF(OR(B12="",B11=""),"",B12/B11-1) | H12: =IF(OR(C12="",C11=""),"",C12/C11-1) | I12: =IF(OR(D12="",D11=""),"",D12/D11-1) | J12: =IF(MAX(SUMIFS('Year NSE Equity Options'!$I:$I,'Year NSE Equity Options'!$A:$A,$A12),SUMIFS('Monthly NSE Equity Options'!$K:$K,'Monthly NSE Equity Options'!$B:$B,$A12))=0,"",MAX(SUMIFS('Year NSE Equity Options'!$I:$I,'Year NSE Equity Options'!$A:$A,$A12),SUMIFS('Monthly NSE Equity Options'!$K:$K,'Monthly NSE Equity Options'!$B:$B,$A12))) | K12: =IF(SUMIFS('Year BSE Equity Options'!$I:$I,'Year BSE Equity Options'!$A:$A,$A12)=0,"",SUMIFS('Year BSE Equity Options'!$I:$I,'Year BSE Equity Options'!$A:$A,$A12)) | L12: =IF(OR(J12="",K12=""),"",J12+K12) | M12: =IF(L12="","",J12/L12) | N12: =IF(L12="","",K12/L12) | O12: =IF(MAX(SUMIFS('Year NSE Equity Options'!$J:$J,'Year NSE Equity Options'!$A:$A,$A12),SUMIFS('Monthly NSE Equity Options'!$L:$L,'Monthly NSE Equity Options'!$B:$B,$A12))=0,"",MAX(SUMIFS('Year NSE Equity Options'!$J:$J,'Year NSE Equity Options'!$A:$A,$A12),SUMIFS('Monthly NSE Equity Options'!$L:$L,'Monthly NSE Equity Options'!$B:$B,$A12))) | P12: =IF(SUMIFS('Year BSE Equity Options'!$J:$J,'Year BSE Equity Options'!$A:$A,$A12)=0,"",SUMIFS('Year BSE Equity Options'!$J:$J,'Year BSE Equity Options'!$A:$A,$A12)) | Q12: =IF(OR(O12="",P12=""),"",O12+P12) | R12: =IF(Q12="","",O12/Q12) | S12: =IF(Q12="","",P12/Q12)
A13: 2014-2015 | B13: =IF(MAX(SUMIFS('Year NSE Equity Options'!$H:$H,'Year NSE Equity Options'!$A:$A,$A13),SUMIFS('Monthly NSE Equity Options'!$J:$J,'Monthly NSE Equity Options'!$B:$B,$A13))=0,"",MAX(SUMIFS('Year NSE Equity Options'!$H:$H,'Year NSE Equity Options'!$A:$A,$A13),SUMIFS('Monthly NSE Equity Options'!$J:$J,'Monthly NSE Equity Options'!$B:$B,$A13))) | C13: =IF(SUMIFS('Year BSE Equity Options'!$H:$H,'Year BSE Equity Options'!$A:$A,$A13)=0,"",SUMIFS('Year BSE Equity Options'!$H:$H,'Year BSE Equity Options'!$A:$A,$A13)) | D13: =IF(OR(B13="",C13=""),"",B13+C13) | E13: =IF(D13="","",B13/D13) | F13: =IF(D13="","",C13/D13) | G13: =IF(OR(B13="",B12=""),"",B13/B12-1) | H13: =IF(OR(C13="",C12=""),"",C13/C12-1) | I13: =IF(OR(D13="",D12=""),"",D13/D12-1) | J13: =IF(MAX(SUMIFS('Year NSE Equity Options'!$I:$I,'Year NSE Equity Options'!$A:$A,$A13),SUMIFS('Monthly NSE Equity Options'!$K:$K,'Monthly NSE Equity Options'!$B:$B,$A13))=0,"",MAX(SUMIFS('Year NSE Equity Options'!$I:$I,'Year NSE Equity Options'!$A:$A,$A13),SUMIFS('Monthly NSE Equity Options'!$K:$K,'Monthly NSE Equity Options'!$B:$B,$A13))) | K13: =IF(SUMIFS('Year BSE Equity Options'!$I:$I,'Year BSE Equity Options'!$A:$A,$A13)=0,"",SUMIFS('Year BSE Equity Options'!$I:$I,'Year BSE Equity Options'!$A:$A,$A13)) | L13: =IF(OR(J13="",K13=""),"",J13+K13) | M13: =IF(L13="","",J13/L13) | N13: =IF(L13="","",K13/L13) | O13: =IF(MAX(SUMIFS('Year NSE Equity Options'!$J:$J,'Year NSE Equity Options'!$A:$A,$A13),SUMIFS('Monthly NSE Equity Options'!$L:$L,'Monthly NSE Equity Options'!$B:$B,$A13))=0,"",MAX(SUMIFS('Year NSE Equity Options'!$J:$J,'Year NSE Equity Options'!$A:$A,$A13),SUMIFS('Monthly NSE Equity Options'!$L:$L,'Monthly NSE Equity Options'!$B:$B,$A13))) | P13: =IF(SUMIFS('Year BSE Equity Options'!$J:$J,'Year BSE Equity Options'!$A:$A,$A13)=0,"",SUMIFS('Year BSE Equity Options'!$J:$J,'Year BSE Equity Options'!$A:$A,$A13)) | Q13: =IF(OR(O13="",P13=""),"",O13+P13) | R13: =IF(Q13="","",O13/Q13) | S13: =IF(Q13="","",P13/Q13)
A14: 2015-2016 | B14: =IF(MAX(SUMIFS('Year NSE Equity Options'!$H:$H,'Year NSE Equity Options'!$A:$A,$A14),SUMIFS('Monthly NSE Equity Options'!$J:$J,'Monthly NSE Equity Options'!$B:$B,$A14))=0,"",MAX(SUMIFS('Year NSE Equity Options'!$H:$H,'Year NSE Equity Options'!$A:$A,$A14),SUMIFS('Monthly NSE Equity Options'!$J:$J,'Monthly NSE Equity Options'!$B:$B,$A14))) | C14: =IF(SUMIFS('Year BSE Equity Options'!$H:$H,'Year BSE Equity Options'!$A:$A,$A14)=0,"",SUMIFS('Year BSE Equity Options'!$H:$H,'Year BSE Equity Options'!$A:$A,$A14)) | D14: =IF(OR(B14="",C14=""),"",B14+C14) | E14: =IF(D14="","",B14/D14) | F14: =IF(D14="","",C14/D14) | G14: =IF(OR(B14="",B13=""),"",B14/B13-1) | H14: =IF(OR(C14="",C13=""),"",C14/C13-1) | I14: =IF(OR(D14="",D13=""),"",D14/D13-1) | J14: =IF(MAX(SUMIFS('Year NSE Equity Options'!$I:$I,'Year NSE Equity Options'!$A:$A,$A14),SUMIFS('Monthly NSE Equity Options'!$K:$K,'Monthly NSE Equity Options'!$B:$B,$A14))=0,"",MAX(SUMIFS('Year NSE Equity Options'!$I:$I,'Year NSE Equity Options'!$A:$A,$A14),SUMIFS('Monthly NSE Equity Options'!$K:$K,'Monthly NSE Equity Options'!$B:$B,$A14))) | K14: =IF(SUMIFS('Year BSE Equity Options'!$I:$I,'Year BSE Equity Options'!$A:$A,$A14)=0,"",SUMIFS('Year BSE Equity Options'!$I:$I,'Year BSE Equity Options'!$A:$A,$A14)) | L14: =IF(OR(J14="",K14=""),"",J14+K14) | M14: =IF(L14="","",J14/L14) | N14: =IF(L14="","",K14/L14) | O14: =IF(MAX(SUMIFS('Year NSE Equity Options'!$J:$J,'Year NSE Equity Options'!$A:$A,$A14),SUMIFS('Monthly NSE Equity Options'!$L:$L,'Monthly NSE Equity Options'!$B:$B,$A14))=0,"",MAX(SUMIFS('Year NSE Equity Options'!$J:$J,'Year NSE Equity Options'!$A:$A,$A14),SUMIFS('Monthly NSE Equity Options'!$L:$L,'Monthly NSE Equity Options'!$B:$B,$A14))) | P14: =IF(SUMIFS('Year BSE Equity Options'!$J:$J,'Year BSE Equity Options'!$A:$A,$A14)=0,"",SUMIFS('Year BSE Equity Options'!$J:$J,'Year BSE Equity Options'!$A:$A,$A14)) | Q14: =IF(OR(O14="",P14=""),"",O14+P14) | R14: =IF(Q14="","",O14/Q14) | S14: =IF(Q14="","",P14/Q14)
... A25: 2026-2027 | B25: =IF(MAX(SUMIFS('Year NSE Equity Options'!$H:$H,'Year NSE Equity Options'!$A:$A,$A25),SUMIFS('Monthly NSE Equity Options'!$J:$J,'Monthly NSE Equity Options'!$B:$B,$A25))=0,"",MAX(SUMIFS('Year NSE Equity Options'!$H:$H,'Year NSE Equity Options'!$A:$A,$A25),SUMIFS('Monthly NSE Equity Options'!$J:$J,'Monthly NSE Equity Options'!$B:$B,$A25))) | C25: =IF(SUMIFS('Year BSE Equity Options'!$H:$H,'Year BSE Equity Options'!$A:$A,$A25)=0,"",SUMIFS('Year BSE Equity Options'!$H:$H,'Year BSE Equity Options'!$A:$A,$A25)) | D25: =IF(OR(B25="",C25=""),"",B25+C25) | E25: =IF(D25="","",B25/D25) | F25: =IF(D25="","",C25/D25) | G25: =IF(OR(B25="",B24=""),"",B25/B24-1) | H25: =IF(OR(C25="",C24=""),"",C25/C24-1) | I25: =IF(OR(D25="",D24=""),"",D25/D24-1) | J25: =IF(MAX(SUMIFS('Year NSE Equity Options'!$I:$I,'Year NSE Equity Options'!$A:$A,$A25),SUMIFS('Monthly NSE Equity Options'!$K:$K,'Monthly NSE Equity Options'!$B:$B,$A25))=0,"",MAX(SUMIFS('Year NSE Equity Options'!$I:$I,'Year NSE Equity Options'!$A:$A,$A25),SUMIFS('Monthly NSE Equity Options'!$K:$K,'Monthly NSE Equity Options'!$B:$B,$A25))) | K25: =IF(SUMIFS('Year BSE Equity Options'!$I:$I,'Year BSE Equity Options'!$A:$A,$A25)=0,"",SUMIFS('Year BSE Equity Options'!$I:$I,'Year BSE Equity Options'!$A:$A,$A25)) | L25: =IF(OR(J25="",K25=""),"",J25+K25) | M25: =IF(L25="","",J25/L25) | N25: =IF(L25="","",K25/L25) | O25: =IF(MAX(SUMIFS('Year NSE Equity Options'!$J:$J,'Year NSE Equity Options'!$A:$A,$A25),SUMIFS('Monthly NSE Equity Options'!$L:$L,'Monthly NSE Equity Options'!$B:$B,$A25))=0,"",MAX(SUMIFS('Year NSE Equity Options'!$J:$J,'Year NSE Equity Options'!$A:$A,$A25),SUMIFS('Monthly NSE Equity Options'!$L:$L,'Monthly NSE Equity Options'!$B:$B,$A25))) | P25: =IF(SUMIFS('Year BSE Equity Options'!$J:$J,'Year BSE Equity Options'!$A:$A,$A25)=0,"",SUMIFS('Year BSE Equity Options'!$J:$J,'Year BSE Equity Options'!$A:$A,$A25)) | Q25: =IF(OR(O25="",P25=""),"",O25+P25) | R25: =IF(Q25="","",O25/Q25) | S25: =IF(Q25="","",P25/Q25)
A27: YTD Comparison - FY2026-2027 YTD vs FY2025-2026 YTD (same number of trading days)
A28: Trading days elapsed in FY2026-2027 (per NSE daily) | B28: =COUNTIF('Daily NSE Equity Options'!$A:$A,">="&DATE(2026,4,1))
A29: Matched FY2025-2026 window | B29: =DATE(2025,4,1) | C29: =INDEX('Daily NSE Equity Options'!$A:$A,COUNTIF('Daily NSE Equity Options'!$A:$A,"<"&DATE(2025,4,1))+1+$B28)
B30: NSE Premium Turnover (INR Bn) | C30: BSE Premium Turnover (INR Bn) | D30: Total Premium Turnover (INR Bn) | E30: NSE Premium Market Share | F30: BSE Premium Market Share | J30: NSE Notional Turnover (INR Bn) | K30: BSE Notional Turnover (INR Bn) | L30: Total Notional Turnover (INR Bn) | M30: NSE Notional Market Share | N30: BSE Notional Market Share | O30: NSE No. of Contracts | P30: BSE No. of Contracts | Q30: Total No. of Contracts | R30: NSE Contracts Market Share | S30: BSE Contracts Market Share
A31: FY2025-2026 YTD (first N trading days) | B31: =SUMIFS('Daily NSE Equity Options'!$K:$K,'Daily NSE Equity Options'!$A:$A,">="&$B$29,'Daily NSE Equity Options'!$A:$A,"<="&$C$29) | C31: =SUMIFS('Daily BSE Equity Options'!$K:$K,'Daily BSE Equity Options'!$A:$A,">="&$B$29,'Daily BSE Equity Options'!$A:$A,"<="&$C$29) | D31: =B31+C31 | E31: =IF(D31=0,"",B31/D31) | F31: =IF(D31=0,"",C31/D31) | J31: =SUMIFS('Daily NSE Equity Options'!$L:$L,'Daily NSE Equity Options'!$A:$A,">="&$B$29,'Daily NSE Equity Options'!$A:$A,"<="&$C$29) | K31: =SUMIFS('Daily BSE Equity Options'!$L:$L,'Daily BSE Equity Options'!$A:$A,">="&$B$29,'Daily BSE Equity Options'!$A:$A,"<="&$C$29) | L31: =J31+K31 | M31: =IF(L31=0,"",J31/L31) | N31: =IF(L31=0,"",K31/L31) | O31: =SUMIFS('Daily NSE Equity Options'!$M:$M,'Daily NSE Equity Options'!$A:$A,">="&$B$29,'Daily NSE Equity Options'!$A:$A,"<="&$C$29) | P31: =SUMIFS('Daily BSE Equity Options'!$M:$M,'Daily BSE Equity Options'!$A:$A,">="&$B$29,'Daily BSE Equity Options'!$A:$A,"<="&$C$29) | Q31: =O31+P31 | R31: =IF(Q31=0,"",O31/Q31) | S31: =IF(Q31=0,"",P31/Q31)
A32: FY2026-2027 YTD | B32: =SUMIFS('Daily NSE Equity Options'!$K:$K,'Daily NSE Equity Options'!$A:$A,">="&DATE(2026,4,1)) | C32: =SUMIFS('Daily BSE Equity Options'!$K:$K,'Daily BSE Equity Options'!$A:$A,">="&DATE(2026,4,1)) | D32: =B32+C32 | E32: =IF(D32=0,"",B32/D32) | F32: =IF(D32=0,"",C32/D32) | J32: =SUMIFS('Daily NSE Equity Options'!$L:$L,'Daily NSE Equity Options'!$A:$A,">="&DATE(2026,4,1)) | K32: =SUMIFS('Daily BSE Equity Options'!$L:$L,'Daily BSE Equity Options'!$A:$A,">="&DATE(2026,4,1)) | L32: =J32+K32 | M32: =IF(L32=0,"",J32/L32) | N32: =IF(L32=0,"",K32/L32) | O32: =SUMIFS('Daily NSE Equity Options'!$M:$M,'Daily NSE Equity Options'!$A:$A,">="&DATE(2026,4,1)) | P32: =SUMIFS('Daily BSE Equity Options'!$M:$M,'Daily BSE Equity Options'!$A:$A,">="&DATE(2026,4,1)) | Q32: =O32+P32 | R32: =IF(Q32=0,"",O32/Q32) | S32: =IF(Q32=0,"",P32/Q32)
A33: YTD Growth (FY2026-2027 vs FY2025-2026) | B33: =IF(OR(B31=0,B31=""),"",B32/B31-1) | C33: =IF(OR(C31=0,C31=""),"",C32/C31-1) | D33: =IF(OR(D31=0,D31=""),"",D32/D31-1) | J33: =IF(OR(J31=0,J31=""),"",J32/J31-1) | K33: =IF(OR(K31=0,K31=""),"",K32/K31-1) | L33: =IF(OR(L31=0,L31=""),"",L32/L31-1) | O33: =IF(OR(O31=0,O31=""),"",O32/O31-1) | P33: =IF(OR(P31=0,P31=""),"",P32/P31-1) | Q33: =IF(OR(Q31=0,Q31=""),"",Q32/Q31-1)

Sheet Qrtr Equity Options Mkt Share
A1: Qrtr - Year | B1: NSE Premium Turnover (INR Bn) | C1: BSE Premium Turnover (INR Bn) | D1: Total Premium Turnover (INR Bn) | E1: NSE Premium Market Share | F1: BSE Premium Market Share | G1: NSE Premium YoY Growth | H1: BSE Premium YoY Growth | I1: Total Premium YoY Growth | J1: NSE Premium QoQ Growth | K1: BSE Premium QoQ Growth | L1: Total Premium QoQ Growth | M1: NSE Notional Turnover (INR Bn) | N1: BSE Notional Turnover (INR Bn) | O1: Total Notional Turnover (INR Bn) | P1: NSE Notional Market Share | Q1: BSE Notional Market Share | R1: NSE No. of Contracts | S1: BSE No. of Contracts | T1: Total No. of Contracts | U1: NSE Contracts Market Share | V1: BSE Contracts Market Share
A2: Q4FY04 | B2: =IF(SUMIFS('Monthly NSE Equity Options'!$J:$J,'Monthly NSE Equity Options'!$C:$C,$A2)=0,"",SUMIFS('Monthly NSE Equity Options'!$J:$J,'Monthly NSE Equity Options'!$C:$C,$A2)) | C2: =IF(SUMIFS('Monthly BSE Equity Options'!$J:$J,'Monthly BSE Equity Options'!$C:$C,$A2)=0,"",SUMIFS('Monthly BSE Equity Options'!$J:$J,'Monthly BSE Equity Options'!$C:$C,$A2)) | D2: =IF(OR(B2="",C2=""),"",B2+C2) | E2: =IF(D2="","",B2/D2) | F2: =IF(D2="","",C2/D2) | M2: =IF(SUMIFS('Monthly NSE Equity Options'!$K:$K,'Monthly NSE Equity Options'!$C:$C,$A2)=0,"",SUMIFS('Monthly NSE Equity Options'!$K:$K,'Monthly NSE Equity Options'!$C:$C,$A2)) | N2: =IF(SUMIFS('Monthly BSE Equity Options'!$K:$K,'Monthly BSE Equity Options'!$C:$C,$A2)=0,"",SUMIFS('Monthly BSE Equity Options'!$K:$K,'Monthly BSE Equity Options'!$C:$C,$A2)) | O2: =IF(OR(M2="",N2=""),"",M2+N2) | P2: =IF(O2="","",M2/O2) | Q2: =IF(O2="","",N2/O2) | R2: =IF(SUMIFS('Monthly NSE Equity Options'!$L:$L,'Monthly NSE Equity Options'!$C:$C,$A2)=0,"",SUMIFS('Monthly NSE Equity Options'!$L:$L,'Monthly NSE Equity Options'!$C:$C,$A2)) | S2: =IF(SUMIFS('Monthly BSE Equity Options'!$L:$L,'Monthly BSE Equity Options'!$C:$C,$A2)=0,"",SUMIFS('Monthly BSE Equity Options'!$L:$L,'Monthly BSE Equity Options'!$C:$C,$A2)) | T2: =IF(OR(R2="",S2=""),"",R2+S2) | U2: =IF(T2="","",R2/T2) | V2: =IF(T2="","",S2/T2)
A3: Q1FY05 | B3: =IF(SUMIFS('Monthly NSE Equity Options'!$J:$J,'Monthly NSE Equity Options'!$C:$C,$A3)=0,"",SUMIFS('Monthly NSE Equity Options'!$J:$J,'Monthly NSE Equity Options'!$C:$C,$A3)) | C3: =IF(SUMIFS('Monthly BSE Equity Options'!$J:$J,'Monthly BSE Equity Options'!$C:$C,$A3)=0,"",SUMIFS('Monthly BSE Equity Options'!$J:$J,'Monthly BSE Equity Options'!$C:$C,$A3)) | D3: =IF(OR(B3="",C3=""),"",B3+C3) | E3: =IF(D3="","",B3/D3) | F3: =IF(D3="","",C3/D3) | J3: =IF(OR(B3="",B2=""),"",B3/B2-1) | K3: =IF(OR(C3="",C2=""),"",C3/C2-1) | L3: =IF(OR(D3="",D2=""),"",D3/D2-1) | M3: =IF(SUMIFS('Monthly NSE Equity Options'!$K:$K,'Monthly NSE Equity Options'!$C:$C,$A3)=0,"",SUMIFS('Monthly NSE Equity Options'!$K:$K,'Monthly NSE Equity Options'!$C:$C,$A3)) | N3: =IF(SUMIFS('Monthly BSE Equity Options'!$K:$K,'Monthly BSE Equity Options'!$C:$C,$A3)=0,"",SUMIFS('Monthly BSE Equity Options'!$K:$K,'Monthly BSE Equity Options'!$C:$C,$A3)) | O3: =IF(OR(M3="",N3=""),"",M3+N3) | P3: =IF(O3="","",M3/O3) | Q3: =IF(O3="","",N3/O3) | R3: =IF(SUMIFS('Monthly NSE Equity Options'!$L:$L,'Monthly NSE Equity Options'!$C:$C,$A3)=0,"",SUMIFS('Monthly NSE Equity Options'!$L:$L,'Monthly NSE Equity Options'!$C:$C,$A3)) | S3: =IF(SUMIFS('Monthly BSE Equity Options'!$L:$L,'Monthly BSE Equity Options'!$C:$C,$A3)=0,"",SUMIFS('Monthly BSE Equity Options'!$L:$L,'Monthly BSE Equity Options'!$C:$C,$A3)) | T3: =IF(OR(R3="",S3=""),"",R3+S3) | U3: =IF(T3="","",R3/T3) | V3: =IF(T3="","",S3/T3)
A4: Q2FY05 | B4: =IF(SUMIFS('Monthly NSE Equity Options'!$J:$J,'Monthly NSE Equity Options'!$C:$C,$A4)=0,"",SUMIFS('Monthly NSE Equity Options'!$J:$J,'Monthly NSE Equity Options'!$C:$C,$A4)) | C4: =IF(SUMIFS('Monthly BSE Equity Options'!$J:$J,'Monthly BSE Equity Options'!$C:$C,$A4)=0,"",SUMIFS('Monthly BSE Equity Options'!$J:$J,'Monthly BSE Equity Options'!$C:$C,$A4)) | D4: =IF(OR(B4="",C4=""),"",B4+C4) | E4: =IF(D4="","",B4/D4) | F4: =IF(D4="","",C4/D4) | J4: =IF(OR(B4="",B3=""),"",B4/B3-1) | K4: =IF(OR(C4="",C3=""),"",C4/C3-1) | L4: =IF(OR(D4="",D3=""),"",D4/D3-1) | M4: =IF(SUMIFS('Monthly NSE Equity Options'!$K:$K,'Monthly NSE Equity Options'!$C:$C,$A4)=0,"",SUMIFS('Monthly NSE Equity Options'!$K:$K,'Monthly NSE Equity Options'!$C:$C,$A4)) | N4: =IF(SUMIFS('Monthly BSE Equity Options'!$K:$K,'Monthly BSE Equity Options'!$C:$C,$A4)=0,"",SUMIFS('Monthly BSE Equity Options'!$K:$K,'Monthly BSE Equity Options'!$C:$C,$A4)) | O4: =IF(OR(M4="",N4=""),"",M4+N4) | P4: =IF(O4="","",M4/O4) | Q4: =IF(O4="","",N4/O4) | R4: =IF(SUMIFS('Monthly NSE Equity Options'!$L:$L,'Monthly NSE Equity Options'!$C:$C,$A4)=0,"",SUMIFS('Monthly NSE Equity Options'!$L:$L,'Monthly NSE Equity Options'!$C:$C,$A4)) | S4: =IF(SUMIFS('Monthly BSE Equity Options'!$L:$L,'Monthly BSE Equity Options'!$C:$C,$A4)=0,"",SUMIFS('Monthly BSE Equity Options'!$L:$L,'Monthly BSE Equity Options'!$C:$C,$A4)) | T4: =IF(OR(R4="",S4=""),"",R4+S4) | U4: =IF(T4="","",R4/T4) | V4: =IF(T4="","",S4/T4)
A5: Q3FY05 | B5: =IF(SUMIFS('Monthly NSE Equity Options'!$J:$J,'Monthly NSE Equity Options'!$C:$C,$A5)=0,"",SUMIFS('Monthly NSE Equity Options'!$J:$J,'Monthly NSE Equity Options'!$C:$C,$A5)) | C5: =IF(SUMIFS('Monthly BSE Equity Options'!$J:$J,'Monthly BSE Equity Options'!$C:$C,$A5)=0,"",SUMIFS('Monthly BSE Equity Options'!$J:$J,'Monthly BSE Equity Options'!$C:$C,$A5)) | D5: =IF(OR(B5="",C5=""),"",B5+C5) | E5: =IF(D5="","",B5/D5) | F5: =IF(D5="","",C5/D5) | J5: =IF(OR(B5="",B4=""),"",B5/B4-1) | K5: =IF(OR(C5="",C4=""),"",C5/C4-1) | L5: =IF(OR(D5="",D4=""),"",D5/D4-1) | M5: =IF(SUMIFS('Monthly NSE Equity Options'!$K:$K,'Monthly NSE Equity Options'!$C:$C,$A5)=0,"",SUMIFS('Monthly NSE Equity Options'!$K:$K,'Monthly NSE Equity Options'!$C:$C,$A5)) | N5: =IF(SUMIFS('Monthly BSE Equity Options'!$K:$K,'Monthly BSE Equity Options'!$C:$C,$A5)=0,"",SUMIFS('Monthly BSE Equity Options'!$K:$K,'Monthly BSE Equity Options'!$C:$C,$A5)) | O5: =IF(OR(M5="",N5=""),"",M5+N5) | P5: =IF(O5="","",M5/O5) | Q5: =IF(O5="","",N5/O5) | R5: =IF(SUMIFS('Monthly NSE Equity Options'!$L:$L,'Monthly NSE Equity Options'!$C:$C,$A5)=0,"",SUMIFS('Monthly NSE Equity Options'!$L:$L,'Monthly NSE Equity Options'!$C:$C,$A5)) | S5: =IF(SUMIFS('Monthly BSE Equity Options'!$L:$L,'Monthly BSE Equity Options'!$C:$C,$A5)=0,"",SUMIFS('Monthly BSE Equity Options'!$L:$L,'Monthly BSE Equity Options'!$C:$C,$A5)) | T5: =IF(OR(R5="",S5=""),"",R5+S5) | U5: =IF(T5="","",R5/T5) | V5: =IF(T5="","",S5/T5)
A6: Q4FY05 | B6: =IF(SUMIFS('Monthly NSE Equity Options'!$J:$J,'Monthly NSE Equity Options'!$C:$C,$A6)=0,"",SUMIFS('Monthly NSE Equity Options'!$J:$J,'Monthly NSE Equity Options'!$C:$C,$A6)) | C6: =IF(SUMIFS('Monthly BSE Equity Options'!$J:$J,'Monthly BSE Equity Options'!$C:$C,$A6)=0,"",SUMIFS('Monthly BSE Equity Options'!$J:$J,'Monthly BSE Equity Options'!$C:$C,$A6)) | D6: =IF(OR(B6="",C6=""),"",B6+C6) | E6: =IF(D6="","",B6/D6) | F6: =IF(D6="","",C6/D6) | G6: =IF(OR(B6="",B2=""),"",B6/B2-1) | H6: =IF(OR(C6="",C2=""),"",C6/C2-1) | I6: =IF(OR(D6="",D2=""),"",D6/D2-1) | J6: =IF(OR(B6="",B5=""),"",B6/B5-1) | K6: =IF(OR(C6="",C5=""),"",C6/C5-1) | L6: =IF(OR(D6="",D5=""),"",D6/D5-1) | M6: =IF(SUMIFS('Monthly NSE Equity Options'!$K:$K,'Monthly NSE Equity Options'!$C:$C,$A6)=0,"",SUMIFS('Monthly NSE Equity Options'!$K:$K,'Monthly NSE Equity Options'!$C:$C,$A6)) | N6: =IF(SUMIFS('Monthly BSE Equity Options'!$K:$K,'Monthly BSE Equity Options'!$C:$C,$A6)=0,"",SUMIFS('Monthly BSE Equity Options'!$K:$K,'Monthly BSE Equity Options'!$C:$C,$A6)) | O6: =IF(OR(M6="",N6=""),"",M6+N6) | P6: =IF(O6="","",M6/O6) | Q6: =IF(O6="","",N6/O6) | R6: =IF(SUMIFS('Monthly NSE Equity Options'!$L:$L,'Monthly NSE Equity Options'!$C:$C,$A6)=0,"",SUMIFS('Monthly NSE Equity Options'!$L:$L,'Monthly NSE Equity Options'!$C:$C,$A6)) | S6: =IF(SUMIFS('Monthly BSE Equity Options'!$L:$L,'Monthly BSE Equity Options'!$C:$C,$A6)=0,"",SUMIFS('Monthly BSE Equity Options'!$L:$L,'Monthly BSE Equity Options'!$C:$C,$A6)) | T6: =IF(OR(R6="",S6=""),"",R6+S6) | U6: =IF(T6="","",R6/T6) | V6: =IF(T6="","",S6/T6)
A7: Q1FY06 | B7: =IF(SUMIFS('Monthly NSE Equity Options'!$J:$J,'Monthly NSE Equity Options'!$C:$C,$A7)=0,"",SUMIFS('Monthly NSE Equity Options'!$J:$J,'Monthly NSE Equity Options'!$C:$C,$A7)) | C7: =IF(SUMIFS('Monthly BSE Equity Options'!$J:$J,'Monthly BSE Equity Options'!$C:$C,$A7)=0,"",SUMIFS('Monthly BSE Equity Options'!$J:$J,'Monthly BSE Equity Options'!$C:$C,$A7)) | D7: =IF(OR(B7="",C7=""),"",B7+C7) | E7: =IF(D7="","",B7/D7) | F7: =IF(D7="","",C7/D7) | G7: =IF(OR(B7="",B3=""),"",B7/B3-1) | H7: =IF(OR(C7="",C3=""),"",C7/C3-1) | I7: =IF(OR(D7="",D3=""),"",D7/D3-1) | J7: =IF(OR(B7="",B6=""),"",B7/B6-1) | K7: =IF(OR(C7="",C6=""),"",C7/C6-1) | L7: =IF(OR(D7="",D6=""),"",D7/D6-1) | M7: =IF(SUMIFS('Monthly NSE Equity Options'!$K:$K,'Monthly NSE Equity Options'!$C:$C,$A7)=0,"",SUMIFS('Monthly NSE Equity Options'!$K:$K,'Monthly NSE Equity Options'!$C:$C,$A7)) | N7: =IF(SUMIFS('Monthly BSE Equity Options'!$K:$K,'Monthly BSE Equity Options'!$C:$C,$A7)=0,"",SUMIFS('Monthly BSE Equity Options'!$K:$K,'Monthly BSE Equity Options'!$C:$C,$A7)) | O7: =IF(OR(M7="",N7=""),"",M7+N7) | P7: =IF(O7="","",M7/O7) | Q7: =IF(O7="","",N7/O7) | R7: =IF(SUMIFS('Monthly NSE Equity Options'!$L:$L,'Monthly NSE Equity Options'!$C:$C,$A7)=0,"",SUMIFS('Monthly NSE Equity Options'!$L:$L,'Monthly NSE Equity Options'!$C:$C,$A7)) | S7: =IF(SUMIFS('Monthly BSE Equity Options'!$L:$L,'Monthly BSE Equity Options'!$C:$C,$A7)=0,"",SUMIFS('Monthly BSE Equity Options'!$L:$L,'Monthly BSE Equity Options'!$C:$C,$A7)) | T7: =IF(OR(R7="",S7=""),"",R7+S7) | U7: =IF(T7="","",R7/T7) | V7: =IF(T7="","",S7/T7)
A8: Q2FY06 | B8: =IF(SUMIFS('Monthly NSE Equity Options'!$J:$J,'Monthly NSE Equity Options'!$C:$C,$A8)=0,"",SUMIFS('Monthly NSE Equity Options'!$J:$J,'Monthly NSE Equity Options'!$C:$C,$A8)) | C8: =IF(SUMIFS('Monthly BSE Equity Options'!$J:$J,'Monthly BSE Equity Options'!$C:$C,$A8)=0,"",SUMIFS('Monthly BSE Equity Options'!$J:$J,'Monthly BSE Equity Options'!$C:$C,$A8)) | D8: =IF(OR(B8="",C8=""),"",B8+C8) | E8: =IF(D8="","",B8/D8) | F8: =IF(D8="","",C8/D8) | G8: =IF(OR(B8="",B4=""),"",B8/B4-1) | H8: =IF(OR(C8="",C4=""),"",C8/C4-1) | I8: =IF(OR(D8="",D4=""),"",D8/D4-1) | J8: =IF(OR(B8="",B7=""),"",B8/B7-1) | K8: =IF(OR(C8="",C7=""),"",C8/C7-1) | L8: =IF(OR(D8="",D7=""),"",D8/D7-1) | M8: =IF(SUMIFS('Monthly NSE Equity Options'!$K:$K,'Monthly NSE Equity Options'!$C:$C,$A8)=0,"",SUMIFS('Monthly NSE Equity Options'!$K:$K,'Monthly NSE Equity Options'!$C:$C,$A8)) | N8: =IF(SUMIFS('Monthly BSE Equity Options'!$K:$K,'Monthly BSE Equity Options'!$C:$C,$A8)=0,"",SUMIFS('Monthly BSE Equity Options'!$K:$K,'Monthly BSE Equity Options'!$C:$C,$A8)) | O8: =IF(OR(M8="",N8=""),"",M8+N8) | P8: =IF(O8="","",M8/O8) | Q8: =IF(O8="","",N8/O8) | R8: =IF(SUMIFS('Monthly NSE Equity Options'!$L:$L,'Monthly NSE Equity Options'!$C:$C,$A8)=0,"",SUMIFS('Monthly NSE Equity Options'!$L:$L,'Monthly NSE Equity Options'!$C:$C,$A8)) | S8: =IF(SUMIFS('Monthly BSE Equity Options'!$L:$L,'Monthly BSE Equity Options'!$C:$C,$A8)=0,"",SUMIFS('Monthly BSE Equity Options'!$L:$L,'Monthly BSE Equity Options'!$C:$C,$A8)) | T8: =IF(OR(R8="",S8=""),"",R8+S8) | U8: =IF(T8="","",R8/T8) | V8: =IF(T8="","",S8/T8)
A9: Q3FY06 | B9: =IF(SUMIFS('Monthly NSE Equity Options'!$J:$J,'Monthly NSE Equity Options'!$C:$C,$A9)=0,"",SUMIFS('Monthly NSE Equity Options'!$J:$J,'Monthly NSE Equity Options'!$C:$C,$A9)) | C9: =IF(SUMIFS('Monthly BSE Equity Options'!$J:$J,'Monthly BSE Equity Options'!$C:$C,$A9)=0,"",SUMIFS('Monthly BSE Equity Options'!$J:$J,'Monthly BSE Equity Options'!$C:$C,$A9)) | D9: =IF(OR(B9="",C9=""),"",B9+C9) | E9: =IF(D9="","",B9/D9) | F9: =IF(D9="","",C9/D9) | G9: =IF(OR(B9="",B5=""),"",B9/B5-1) | H9: =IF(OR(C9="",C5=""),"",C9/C5-1) | I9: =IF(OR(D9="",D5=""),"",D9/D5-1) | J9: =IF(OR(B9="",B8=""),"",B9/B8-1) | K9: =IF(OR(C9="",C8=""),"",C9/C8-1) | L9: =IF(OR(D9="",D8=""),"",D9/D8-1) | M9: =IF(SUMIFS('Monthly NSE Equity Options'!$K:$K,'Monthly NSE Equity Options'!$C:$C,$A9)=0,"",SUMIFS('Monthly NSE Equity Options'!$K:$K,'Monthly NSE Equity Options'!$C:$C,$A9)) | N9: =IF(SUMIFS('Monthly BSE Equity Options'!$K:$K,'Monthly BSE Equity Options'!$C:$C,$A9)=0,"",SUMIFS('Monthly BSE Equity Options'!$K:$K,'Monthly BSE Equity Options'!$C:$C,$A9)) | O9: =IF(OR(M9="",N9=""),"",M9+N9) | P9: =IF(O9="","",M9/O9) | Q9: =IF(O9="","",N9/O9) | R9: =IF(SUMIFS('Monthly NSE Equity Options'!$L:$L,'Monthly NSE Equity Options'!$C:$C,$A9)=0,"",SUMIFS('Monthly NSE Equity Options'!$L:$L,'Monthly NSE Equity Options'!$C:$C,$A9)) | S9: =IF(SUMIFS('Monthly BSE Equity Options'!$L:$L,'Monthly BSE Equity Options'!$C:$C,$A9)=0,"",SUMIFS('Monthly BSE Equity Options'!$L:$L,'Monthly BSE Equity Options'!$C:$C,$A9)) | T9: =IF(OR(R9="",S9=""),"",R9+S9) | U9: =IF(T9="","",R9/T9) | V9: =IF(T9="","",S9/T9)
A10: Q4FY06 | B10: =IF(SUMIFS('Monthly NSE Equity Options'!$J:$J,'Monthly NSE Equity Options'!$C:$C,$A10)=0,"",SUMIFS('Monthly NSE Equity Options'!$J:$J,'Monthly NSE Equity Options'!$C:$C,$A10)) | C10: =IF(SUMIFS('Monthly BSE Equity Options'!$J:$J,'Monthly BSE Equity Options'!$C:$C,$A10)=0,"",SUMIFS('Monthly BSE Equity Options'!$J:$J,'Monthly BSE Equity Options'!$C:$C,$A10)) | D10: =IF(OR(B10="",C10=""),"",B10+C10) | E10: =IF(D10="","",B10/D10) | F10: =IF(D10="","",C10/D10) | G10: =IF(OR(B10="",B6=""),"",B10/B6-1) | H10: =IF(OR(C10="",C6=""),"",C10/C6-1) | I10: =IF(OR(D10="",D6=""),"",D10/D6-1) | J10: =IF(OR(B10="",B9=""),"",B10/B9-1) | K10: =IF(OR(C10="",C9=""),"",C10/C9-1) | L10: =IF(OR(D10="",D9=""),"",D10/D9-1) | M10: =IF(SUMIFS('Monthly NSE Equity Options'!$K:$K,'Monthly NSE Equity Options'!$C:$C,$A10)=0,"",SUMIFS('Monthly NSE Equity Options'!$K:$K,'Monthly NSE Equity Options'!$C:$C,$A10)) | N10: =IF(SUMIFS('Monthly BSE Equity Options'!$K:$K,'Monthly BSE Equity Options'!$C:$C,$A10)=0,"",SUMIFS('Monthly BSE Equity Options'!$K:$K,'Monthly BSE Equity Options'!$C:$C,$A10)) | O10: =IF(OR(M10="",N10=""),"",M10+N10) | P10: =IF(O10="","",M10/O10) | Q10: =IF(O10="","",N10/O10) | R10: =IF(SUMIFS('Monthly NSE Equity Options'!$L:$L,'Monthly NSE Equity Options'!$C:$C,$A10)=0,"",SUMIFS('Monthly NSE Equity Options'!$L:$L,'Monthly NSE Equity Options'!$C:$C,$A10)) | S10: =IF(SUMIFS('Monthly BSE Equity Options'!$L:$L,'Monthly BSE Equity Options'!$C:$C,$A10)=0,"",SUMIFS('Monthly BSE Equity Options'!$L:$L,'Monthly BSE Equity Options'!$C:$C,$A10)) | T10: =IF(OR(R10="",S10=""),"",R10+S10) | U10: =IF(T10="","",R10/T10) | V10: =IF(T10="","",S10/T10)
A11: Q1FY07 | B11: =IF(SUMIFS('Monthly NSE Equity Options'!$J:$J,'Monthly NSE Equity Options'!$C:$C,$A11)=0,"",SUMIFS('Monthly NSE Equity Options'!$J:$J,'Monthly NSE Equity Options'!$C:$C,$A11)) | C11: =IF(SUMIFS('Monthly BSE Equity Options'!$J:$J,'Monthly BSE Equity Options'!$C:$C,$A11)=0,"",SUMIFS('Monthly BSE Equity Options'!$J:$J,'Monthly BSE Equity Options'!$C:$C,$A11)) | D11: =IF(OR(B11="",C11=""),"",B11+C11) | E11: =IF(D11="","",B11/D11) | F11: =IF(D11="","",C11/D11) | G11: =IF(OR(B11="",B7=""),"",B11/B7-1) | H11: =IF(OR(C11="",C7=""),"",C11/C7-1) | I11: =IF(OR(D11="",D7=""),"",D11/D7-1) | J11: =IF(OR(B11="",B10=""),"",B11/B10-1) | K11: =IF(OR(C11="",C10=""),"",C11/C10-1) | L11: =IF(OR(D11="",D10=""),"",D11/D10-1) | M11: =IF(SUMIFS('Monthly NSE Equity Options'!$K:$K,'Monthly NSE Equity Options'!$C:$C,$A11)=0,"",SUMIFS('Monthly NSE Equity Options'!$K:$K,'Monthly NSE Equity Options'!$C:$C,$A11)) | N11: =IF(SUMIFS('Monthly BSE Equity Options'!$K:$K,'Monthly BSE Equity Options'!$C:$C,$A11)=0,"",SUMIFS('Monthly BSE Equity Options'!$K:$K,'Monthly BSE Equity Options'!$C:$C,$A11)) | O11: =IF(OR(M11="",N11=""),"",M11+N11) | P11: =IF(O11="","",M11/O11) | Q11: =IF(O11="","",N11/O11) | R11: =IF(SUMIFS('Monthly NSE Equity Options'!$L:$L,'Monthly NSE Equity Options'!$C:$C,$A11)=0,"",SUMIFS('Monthly NSE Equity Options'!$L:$L,'Monthly NSE Equity Options'!$C:$C,$A11)) | S11: =IF(SUMIFS('Monthly BSE Equity Options'!$L:$L,'Monthly BSE Equity Options'!$C:$C,$A11)=0,"",SUMIFS('Monthly BSE Equity Options'!$L:$L,'Monthly BSE Equity Options'!$C:$C,$A11)) | T11: =IF(OR(R11="",S11=""),"",R11+S11) | U11: =IF(T11="","",R11/T11) | V11: =IF(T11="","",S11/T11)
A12: Q2FY07 | B12: =IF(SUMIFS('Monthly NSE Equity Options'!$J:$J,'Monthly NSE Equity Options'!$C:$C,$A12)=0,"",SUMIFS('Monthly NSE Equity Options'!$J:$J,'Monthly NSE Equity Options'!$C:$C,$A12)) | C12: =IF(SUMIFS('Monthly BSE Equity Options'!$J:$J,'Monthly BSE Equity Options'!$C:$C,$A12)=0,"",SUMIFS('Monthly BSE Equity Options'!$J:$J,'Monthly BSE Equity Options'!$C:$C,$A12)) | D12: =IF(OR(B12="",C12=""),"",B12+C12) | E12: =IF(D12="","",B12/D12) | F12: =IF(D12="","",C12/D12) | G12: =IF(OR(B12="",B8=""),"",B12/B8-1) | H12: =IF(OR(C12="",C8=""),"",C12/C8-1) | I12: =IF(OR(D12="",D8=""),"",D12/D8-1) | J12: =IF(OR(B12="",B11=""),"",B12/B11-1) | K12: =IF(OR(C12="",C11=""),"",C12/C11-1) | L12: =IF(OR(D12="",D11=""),"",D12/D11-1) | M12: =IF(SUMIFS('Monthly NSE Equity Options'!$K:$K,'Monthly NSE Equity Options'!$C:$C,$A12)=0,"",SUMIFS('Monthly NSE Equity Options'!$K:$K,'Monthly NSE Equity Options'!$C:$C,$A12)) | N12: =IF(SUMIFS('Monthly BSE Equity Options'!$K:$K,'Monthly BSE Equity Options'!$C:$C,$A12)=0,"",SUMIFS('Monthly BSE Equity Options'!$K:$K,'Monthly BSE Equity Options'!$C:$C,$A12)) | O12: =IF(OR(M12="",N12=""),"",M12+N12) | P12: =IF(O12="","",M12/O12) | Q12: =IF(O12="","",N12/O12) | R12: =IF(SUMIFS('Monthly NSE Equity Options'!$L:$L,'Monthly NSE Equity Options'!$C:$C,$A12)=0,"",SUMIFS('Monthly NSE Equity Options'!$L:$L,'Monthly NSE Equity Options'!$C:$C,$A12)) | S12: =IF(SUMIFS('Monthly BSE Equity Options'!$L:$L,'Monthly BSE Equity Options'!$C:$C,$A12)=0,"",SUMIFS('Monthly BSE Equity Options'!$L:$L,'Monthly BSE Equity Options'!$C:$C,$A12)) | T12: =IF(OR(R12="",S12=""),"",R12+S12) | U12: =IF(T12="","",R12/T12) | V12: =IF(T12="","",S12/T12)
A13: Q3FY07 | B13: =IF(SUMIFS('Monthly NSE Equity Options'!$J:$J,'Monthly NSE Equity Options'!$C:$C,$A13)=0,"",SUMIFS('Monthly NSE Equity Options'!$J:$J,'Monthly NSE Equity Options'!$C:$C,$A13)) | C13: =IF(SUMIFS('Monthly BSE Equity Options'!$J:$J,'Monthly BSE Equity Options'!$C:$C,$A13)=0,"",SUMIFS('Monthly BSE Equity Options'!$J:$J,'Monthly BSE Equity Options'!$C:$C,$A13)) | D13: =IF(OR(B13="",C13=""),"",B13+C13) | E13: =IF(D13="","",B13/D13) | F13: =IF(D13="","",C13/D13) | G13: =IF(OR(B13="",B9=""),"",B13/B9-1) | H13: =IF(OR(C13="",C9=""),"",C13/C9-1) | I13: =IF(OR(D13="",D9=""),"",D13/D9-1) | J13: =IF(OR(B13="",B12=""),"",B13/B12-1) | K13: =IF(OR(C13="",C12=""),"",C13/C12-1) | L13: =IF(OR(D13="",D12=""),"",D13/D12-1) | M13: =IF(SUMIFS('Monthly NSE Equity Options'!$K:$K,'Monthly NSE Equity Options'!$C:$C,$A13)=0,"",SUMIFS('Monthly NSE Equity Options'!$K:$K,'Monthly NSE Equity Options'!$C:$C,$A13)) | N13: =IF(SUMIFS('Monthly BSE Equity Options'!$K:$K,'Monthly BSE Equity Options'!$C:$C,$A13)=0,"",SUMIFS('Monthly BSE Equity Options'!$K:$K,'Monthly BSE Equity Options'!$C:$C,$A13)) | O13: =IF(OR(M13="",N13=""),"",M13+N13) | P13: =IF(O13="","",M13/O13) | Q13: =IF(O13="","",N13/O13) | R13: =IF(SUMIFS('Monthly NSE Equity Options'!$L:$L,'Monthly NSE Equity Options'!$C:$C,$A13)=0,"",SUMIFS('Monthly NSE Equity Options'!$L:$L,'Monthly NSE Equity Options'!$C:$C,$A13)) | S13: =IF(SUMIFS('Monthly BSE Equity Options'!$L:$L,'Monthly BSE Equity Options'!$C:$C,$A13)=0,"",SUMIFS('Monthly BSE Equity Options'!$L:$L,'Monthly BSE Equity Options'!$C:$C,$A13)) | T13: =IF(OR(R13="",S13=""),"",R13+S13) | U13: =IF(T13="","",R13/T13) | V13: =IF(T13="","",S13/T13)
A14: Q4FY07 | B14: =IF(SUMIFS('Monthly NSE Equity Options'!$J:$J,'Monthly NSE Equity Options'!$C:$C,$A14)=0,"",SUMIFS('Monthly NSE Equity Options'!$J:$J,'Monthly NSE Equity Options'!$C:$C,$A14)) | C14: =IF(SUMIFS('Monthly BSE Equity Options'!$J:$J,'Monthly BSE Equity Options'!$C:$C,$A14)=0,"",SUMIFS('Monthly BSE Equity Options'!$J:$J,'Monthly BSE Equity Options'!$C:$C,$A14)) | D14: =IF(OR(B14="",C14=""),"",B14+C14) | E14: =IF(D14="","",B14/D14) | F14: =IF(D14="","",C14/D14) | G14: =IF(OR(B14="",B10=""),"",B14/B10-1) | H14: =IF(OR(C14="",C10=""),"",C14/C10-1) | I14: =IF(OR(D14="",D10=""),"",D14/D10-1) | J14: =IF(OR(B14="",B13=""),"",B14/B13-1) | K14: =IF(OR(C14="",C13=""),"",C14/C13-1) | L14: =IF(OR(D14="",D13=""),"",D14/D13-1) | M14: =IF(SUMIFS('Monthly NSE Equity Options'!$K:$K,'Monthly NSE Equity Options'!$C:$C,$A14)=0,"",SUMIFS('Monthly NSE Equity Options'!$K:$K,'Monthly NSE Equity Options'!$C:$C,$A14)) | N14: =IF(SUMIFS('Monthly BSE Equity Options'!$K:$K,'Monthly BSE Equity Options'!$C:$C,$A14)=0,"",SUMIFS('Monthly BSE Equity Options'!$K:$K,'Monthly BSE Equity Options'!$C:$C,$A14)) | O14: =IF(OR(M14="",N14=""),"",M14+N14) | P14: =IF(O14="","",M14/O14) | Q14: =IF(O14="","",N14/O14) | R14: =IF(SUMIFS('Monthly NSE Equity Options'!$L:$L,'Monthly NSE Equity Options'!$C:$C,$A14)=0,"",SUMIFS('Monthly NSE Equity Options'!$L:$L,'Monthly NSE Equity Options'!$C:$C,$A14)) | S14: =IF(SUMIFS('Monthly BSE Equity Options'!$L:$L,'Monthly BSE Equity Options'!$C:$C,$A14)=0,"",SUMIFS('Monthly BSE Equity Options'!$L:$L,'Monthly BSE Equity Options'!$C:$C,$A14)) | T14: =IF(OR(R14="",S14=""),"",R14+S14) | U14: =IF(T14="","",R14/T14) | V14: =IF(T14="","",S14/T14)
A15: Q1FY08 | B15: =IF(SUMIFS('Monthly NSE Equity Options'!$J:$J,'Monthly NSE Equity Options'!$C:$C,$A15)=0,"",SUMIFS('Monthly NSE Equity Options'!$J:$J,'Monthly NSE Equity Options'!$C:$C,$A15)) | C15: =IF(SUMIFS('Monthly BSE Equity Options'!$J:$J,'Monthly BSE Equity Options'!$C:$C,$A15)=0,"",SUMIFS('Monthly BSE Equity Options'!$J:$J,'Monthly BSE Equity Options'!$C:$C,$A15)) | D15: =IF(OR(B15="",C15=""),"",B15+C15) | E15: =IF(D15="","",B15/D15) | F15: =IF(D15="","",C15/D15) | G15: =IF(OR(B15="",B11=""),"",B15/B11-1) | H15: =IF(OR(C15="",C11=""),"",C15/C11-1) | I15: =IF(OR(D15="",D11=""),"",D15/D11-1) | J15: =IF(OR(B15="",B14=""),"",B15/B14-1) | K15: =IF(OR(C15="",C14=""),"",C15/C14-1) | L15: =IF(OR(D15="",D14=""),"",D15/D14-1) | M15: =IF(SUMIFS('Monthly NSE Equity Options'!$K:$K,'Monthly NSE Equity Options'!$C:$C,$A15)=0,"",SUMIFS('Monthly NSE Equity Options'!$K:$K,'Monthly NSE Equity Options'!$C:$C,$A15)) | N15: =IF(SUMIFS('Monthly BSE Equity Options'!$K:$K,'Monthly BSE Equity Options'!$C:$C,$A15)=0,"",SUMIFS('Monthly BSE Equity Options'!$K:$K,'Monthly BSE Equity Options'!$C:$C,$A15)) | O15: =IF(OR(M15="",N15=""),"",M15+N15) | P15: =IF(O15="","",M15/O15) | Q15: =IF(O15="","",N15/O15) | R15: =IF(SUMIFS('Monthly NSE Equity Options'!$L:$L,'Monthly NSE Equity Options'!$C:$C,$A15)=0,"",SUMIFS('Monthly NSE Equity Options'!$L:$L,'Monthly NSE Equity Options'!$C:$C,$A15)) | S15: =IF(SUMIFS('Monthly BSE Equity Options'!$L:$L,'Monthly BSE Equity Options'!$C:$C,$A15)=0,"",SUMIFS('Monthly BSE Equity Options'!$L:$L,'Monthly BSE Equity Options'!$C:$C,$A15)) | T15: =IF(OR(R15="",S15=""),"",R15+S15) | U15: =IF(T15="","",R15/T15) | V15: =IF(T15="","",S15/T15)
A16: Q2FY08 | B16: =IF(SUMIFS('Monthly NSE Equity Options'!$J:$J,'Monthly NSE Equity Options'!$C:$C,$A16)=0,"",SUMIFS('Monthly NSE Equity Options'!$J:$J,'Monthly NSE Equity Options'!$C:$C,$A16)) | C16: =IF(SUMIFS('Monthly BSE Equity Options'!$J:$J,'Monthly BSE Equity Options'!$C:$C,$A16)=0,"",SUMIFS('Monthly BSE Equity Options'!$J:$J,'Monthly BSE Equity Options'!$C:$C,$A16)) | D16: =IF(OR(B16="",C16=""),"",B16+C16) | E16: =IF(D16="","",B16/D16) | F16: =IF(D16="","",C16/D16) | G16: =IF(OR(B16="",B12=""),"",B16/B12-1) | H16: =IF(OR(C16="",C12=""),"",C16/C12-1) | I16: =IF(OR(D16="",D12=""),"",D16/D12-1) | J16: =IF(OR(B16="",B15=""),"",B16/B15-1) | K16: =IF(OR(C16="",C15=""),"",C16/C15-1) | L16: =IF(OR(D16="",D15=""),"",D16/D15-1) | M16: =IF(SUMIFS('Monthly NSE Equity Options'!$K:$K,'Monthly NSE Equity Options'!$C:$C,$A16)=0,"",SUMIFS('Monthly NSE Equity Options'!$K:$K,'Monthly NSE Equity Options'!$C:$C,$A16)) | N16: =IF(SUMIFS('Monthly BSE Equity Options'!$K:$K,'Monthly BSE Equity Options'!$C:$C,$A16)=0,"",SUMIFS('Monthly BSE Equity Options'!$K:$K,'Monthly BSE Equity Options'!$C:$C,$A16)) | O16: =IF(OR(M16="",N16=""),"",M16+N16) | P16: =IF(O16="","",M16/O16) | Q16: =IF(O16="","",N16/O16) | R16: =IF(SUMIFS('Monthly NSE Equity Options'!$L:$L,'Monthly NSE Equity Options'!$C:$C,$A16)=0,"",SUMIFS('Monthly NSE Equity Options'!$L:$L,'Monthly NSE Equity Options'!$C:$C,$A16)) | S16: =IF(SUMIFS('Monthly BSE Equity Options'!$L:$L,'Monthly BSE Equity Options'!$C:$C,$A16)=0,"",SUMIFS('Monthly BSE Equity Options'!$L:$L,'Monthly BSE Equity Options'!$C:$C,$A16)) | T16: =IF(OR(R16="",S16=""),"",R16+S16) | U16: =IF(T16="","",R16/T16) | V16: =IF(T16="","",S16/T16)
A17: Q3FY08 | B17: =IF(SUMIFS('Monthly NSE Equity Options'!$J:$J,'Monthly NSE Equity Options'!$C:$C,$A17)=0,"",SUMIFS('Monthly NSE Equity Options'!$J:$J,'Monthly NSE Equity Options'!$C:$C,$A17)) | C17: =IF(SUMIFS('Monthly BSE Equity Options'!$J:$J,'Monthly BSE Equity Options'!$C:$C,$A17)=0,"",SUMIFS('Monthly BSE Equity Options'!$J:$J,'Monthly BSE Equity Options'!$C:$C,$A17)) | D17: =IF(OR(B17="",C17=""),"",B17+C17) | E17: =IF(D17="","",B17/D17) | F17: =IF(D17="","",C17/D17) | G17: =IF(OR(B17="",B13=""),"",B17/B13-1) | H17: =IF(OR(C17="",C13=""),"",C17/C13-1) | I17: =IF(OR(D17="",D13=""),"",D17/D13-1) | J17: =IF(OR(B17="",B16=""),"",B17/B16-1) | K17: =IF(OR(C17="",C16=""),"",C17/C16-1) | L17: =IF(OR(D17="",D16=""),"",D17/D16-1) | M17: =IF(SUMIFS('Monthly NSE Equity Options'!$K:$K,'Monthly NSE Equity Options'!$C:$C,$A17)=0,"",SUMIFS('Monthly NSE Equity Options'!$K:$K,'Monthly NSE Equity Options'!$C:$C,$A17)) | N17: =IF(SUMIFS('Monthly BSE Equity Options'!$K:$K,'Monthly BSE Equity Options'!$C:$C,$A17)=0,"",SUMIFS('Monthly BSE Equity Options'!$K:$K,'Monthly BSE Equity Options'!$C:$C,$A17)) | O17: =IF(OR(M17="",N17=""),"",M17+N17) | P17: =IF(O17="","",M17/O17) | Q17: =IF(O17="","",N17/O17) | R17: =IF(SUMIFS('Monthly NSE Equity Options'!$L:$L,'Monthly NSE Equity Options'!$C:$C,$A17)=0,"",SUMIFS('Monthly NSE Equity Options'!$L:$L,'Monthly NSE Equity Options'!$C:$C,$A17)) | S17: =IF(SUMIFS('Monthly BSE Equity Options'!$L:$L,'Monthly BSE Equity Options'!$C:$C,$A17)=0,"",SUMIFS('Monthly BSE Equity Options'!$L:$L,'Monthly BSE Equity Options'!$C:$C,$A17)) | T17: =IF(OR(R17="",S17=""),"",R17+S17) | U17: =IF(T17="","",R17/T17) | V17: =IF(T17="","",S17/T17)
... A92: Q2FY27 | B92: =IF(SUMIFS('Monthly NSE Equity Options'!$J:$J,'Monthly NSE Equity Options'!$C:$C,$A92)=0,"",SUMIFS('Monthly NSE Equity Options'!$J:$J,'Monthly NSE Equity Options'!$C:$C,$A92)) | C92: =IF(SUMIFS('Monthly BSE Equity Options'!$J:$J,'Monthly BSE Equity Options'!$C:$C,$A92)=0,"",SUMIFS('Monthly BSE Equity Options'!$J:$J,'Monthly BSE Equity Options'!$C:$C,$A92)) | D92: =IF(OR(B92="",C92=""),"",B92+C92) | E92: =IF(D92="","",B92/D92) | F92: =IF(D92="","",C92/D92) | G92: =IF(OR(B92="",B88=""),"",B92/B88-1) | H92: =IF(OR(C92="",C88=""),"",C92/C88-1) | I92: =IF(OR(D92="",D88=""),"",D92/D88-1) | J92: =IF(OR(B92="",B91=""),"",B92/B91-1) | K92: =IF(OR(C92="",C91=""),"",C92/C91-1) | L92: =IF(OR(D92="",D91=""),"",D92/D91-1) | M92: =IF(SUMIFS('Monthly NSE Equity Options'!$K:$K,'Monthly NSE Equity Options'!$C:$C,$A92)=0,"",SUMIFS('Monthly NSE Equity Options'!$K:$K,'Monthly NSE Equity Options'!$C:$C,$A92)) | N92: =IF(SUMIFS('Monthly BSE Equity Options'!$K:$K,'Monthly BSE Equity Options'!$C:$C,$A92)=0,"",SUMIFS('Monthly BSE Equity Options'!$K:$K,'Monthly BSE Equity Options'!$C:$C,$A92)) | O92: =IF(OR(M92="",N92=""),"",M92+N92) | P92: =IF(O92="","",M92/O92) | Q92: =IF(O92="","",N92/O92) | R92: =IF(SUMIFS('Monthly NSE Equity Options'!$L:$L,'Monthly NSE Equity Options'!$C:$C,$A92)=0,"",SUMIFS('Monthly NSE Equity Options'!$L:$L,'Monthly NSE Equity Options'!$C:$C,$A92)) | S92: =IF(SUMIFS('Monthly BSE Equity Options'!$L:$L,'Monthly BSE Equity Options'!$C:$C,$A92)=0,"",SUMIFS('Monthly BSE Equity Options'!$L:$L,'Monthly BSE Equity Options'!$C:$C,$A92)) | T92: =IF(OR(R92="",S92=""),"",R92+S92) | U92: =IF(T92="","",R92/T92) | V92: =IF(T92="","",S92/T92)
A94: QTD Comparison - Q2FY27 QTD vs Q2FY26 QTD (same number of trading days)
A95: Trading days elapsed in Q2FY27 (per NSE daily) | B95: =COUNTIF('Daily NSE Equity Options'!$A:$A,">="&DATE(2026,7,1))
A96: Matched Q2FY26 window | B96: =DATE(2025,7,1) | C96: =INDEX('Daily NSE Equity Options'!$A:$A,COUNTIF('Daily NSE Equity Options'!$A:$A,"<"&DATE(2025,7,1))+1+$B95)
B97: NSE Premium Turnover (INR Bn) | C97: BSE Premium Turnover (INR Bn) | D97: Total Premium Turnover (INR Bn) | E97: NSE Premium Market Share | F97: BSE Premium Market Share | M97: NSE Notional Turnover (INR Bn) | N97: BSE Notional Turnover (INR Bn) | O97: Total Notional Turnover (INR Bn) | P97: NSE Notional Market Share | Q97: BSE Notional Market Share | R97: NSE No. of Contracts | S97: BSE No. of Contracts | T97: Total No. of Contracts | U97: NSE Contracts Market Share | V97: BSE Contracts Market Share
A98: Q2FY26 QTD (first N trading days) | B98: =SUMIFS('Daily NSE Equity Options'!$K:$K,'Daily NSE Equity Options'!$A:$A,">="&$B$96,'Daily NSE Equity Options'!$A:$A,"<="&$C$96) | C98: =SUMIFS('Daily BSE Equity Options'!$K:$K,'Daily BSE Equity Options'!$A:$A,">="&$B$96,'Daily BSE Equity Options'!$A:$A,"<="&$C$96) | D98: =B98+C98 | E98: =IF(D98=0,"",B98/D98) | F98: =IF(D98=0,"",C98/D98) | M98: =SUMIFS('Daily NSE Equity Options'!$L:$L,'Daily NSE Equity Options'!$A:$A,">="&$B$96,'Daily NSE Equity Options'!$A:$A,"<="&$C$96) | N98: =SUMIFS('Daily BSE Equity Options'!$L:$L,'Daily BSE Equity Options'!$A:$A,">="&$B$96,'Daily BSE Equity Options'!$A:$A,"<="&$C$96) | O98: =M98+N98 | P98: =IF(O98=0,"",M98/O98) | Q98: =IF(O98=0,"",N98/O98) | R98: =SUMIFS('Daily NSE Equity Options'!$M:$M,'Daily NSE Equity Options'!$A:$A,">="&$B$96,'Daily NSE Equity Options'!$A:$A,"<="&$C$96) | S98: =SUMIFS('Daily BSE Equity Options'!$M:$M,'Daily BSE Equity Options'!$A:$A,">="&$B$96,'Daily BSE Equity Options'!$A:$A,"<="&$C$96) | T98: =R98+S98 | U98: =IF(T98=0,"",R98/T98) | V98: =IF(T98=0,"",S98/T98)
A99: Q2FY27 QTD | B99: =SUMIFS('Daily NSE Equity Options'!$K:$K,'Daily NSE Equity Options'!$A:$A,">="&DATE(2026,7,1)) | C99: =SUMIFS('Daily BSE Equity Options'!$K:$K,'Daily BSE Equity Options'!$A:$A,">="&DATE(2026,7,1)) | D99: =B99+C99 | E99: =IF(D99=0,"",B99/D99) | F99: =IF(D99=0,"",C99/D99) | M99: =SUMIFS('Daily NSE Equity Options'!$L:$L,'Daily NSE Equity Options'!$A:$A,">="&DATE(2026,7,1)) | N99: =SUMIFS('Daily BSE Equity Options'!$L:$L,'Daily BSE Equity Options'!$A:$A,">="&DATE(2026,7,1)) | O99: =M99+N99 | P99: =IF(O99=0,"",M99/O99) | Q99: =IF(O99=0,"",N99/O99) | R99: =SUMIFS('Daily NSE Equity Options'!$M:$M,'Daily NSE Equity Options'!$A:$A,">="&DATE(2026,7,1)) | S99: =SUMIFS('Daily BSE Equity Options'!$M:$M,'Daily BSE Equity Options'!$A:$A,">="&DATE(2026,7,1)) | T99: =R99+S99 | U99: =IF(T99=0,"",R99/T99) | V99: =IF(T99=0,"",S99/T99)
A100: QTD Growth (Q2FY27 vs Q2FY26) | B100: =IF(OR(B98=0,B98=""),"",B99/B98-1) | C100: =IF(OR(C98=0,C98=""),"",C99/C98-1) | D100: =IF(OR(D98=0,D98=""),"",D99/D98-1) | M100: =IF(OR(M98=0,M98=""),"",M99/M98-1) | N100: =IF(OR(N98=0,N98=""),"",N99/N98-1) | O100: =IF(OR(O98=0,O98=""),"",O99/O98-1) | R100: =IF(OR(R98=0,R98=""),"",R99/R98-1) | S100: =IF(OR(S98=0,S98=""),"",S99/S98-1) | T100: =IF(OR(T98=0,T98=""),"",T99/T98-1)

Sheet Mth Equity Options Mkt Share
A1: Month | B1: Fiscal Year | C1: Qrtr - Year | D1: NSE Premium Turnover (INR Bn) | E1: BSE Premium Turnover (INR Bn) | F1: Total Premium Turnover (INR Bn) | G1: NSE Premium Market Share | H1: BSE Premium Market Share | I1: NSE Premium YoY Growth | J1: BSE Premium YoY Growth | K1: Total Premium YoY Growth | L1: NSE Premium MoM Growth | M1: BSE Premium MoM Growth | N1: Total Premium MoM Growth | O1: NSE Notional Turnover (INR Bn) | P1: BSE Notional Turnover (INR Bn) | Q1: Total Notional Turnover (INR Bn) | R1: NSE Notional Market Share | S1: BSE Notional Market Share | T1: NSE No. of Contracts | U1: BSE No. of Contracts | V1: Total No. of Contracts | W1: NSE Contracts Market Share | X1: BSE Contracts Market Share
A2: 37987 | B2: 2003-2004 | C2: Q4FY04 | D2: =IF(SUMIFS('Monthly NSE Equity Options'!$J:$J,'Monthly NSE Equity Options'!$A:$A,$A2)=0,"",SUMIFS('Monthly NSE Equity Options'!$J:$J,'Monthly NSE Equity Options'!$A:$A,$A2)) | E2: =IF(SUMIFS('Monthly BSE Equity Options'!$J:$J,'Monthly BSE Equity Options'!$A:$A,$A2)=0,"",SUMIFS('Monthly BSE Equity Options'!$J:$J,'Monthly BSE Equity Options'!$A:$A,$A2)) | F2: =IF(OR(D2="",E2=""),"",D2+E2) | G2: =IF(F2="","",D2/F2) | H2: =IF(F2="","",E2/F2) | O2: =IF(SUMIFS('Monthly NSE Equity Options'!$K:$K,'Monthly NSE Equity Options'!$A:$A,$A2)=0,"",SUMIFS('Monthly NSE Equity Options'!$K:$K,'Monthly NSE Equity Options'!$A:$A,$A2)) | P2: =IF(SUMIFS('Monthly BSE Equity Options'!$K:$K,'Monthly BSE Equity Options'!$A:$A,$A2)=0,"",SUMIFS('Monthly BSE Equity Options'!$K:$K,'Monthly BSE Equity Options'!$A:$A,$A2)) | Q2: =IF(OR(O2="",P2=""),"",O2+P2) | R2: =IF(Q2="","",O2/Q2) | S2: =IF(Q2="","",P2/Q2) | T2: =IF(SUMIFS('Monthly NSE Equity Options'!$L:$L,'Monthly NSE Equity Options'!$A:$A,$A2)=0,"",SUMIFS('Monthly NSE Equity Options'!$L:$L,'Monthly NSE Equity Options'!$A:$A,$A2)) | U2: =IF(SUMIFS('Monthly BSE Equity Options'!$L:$L,'Monthly BSE Equity Options'!$A:$A,$A2)=0,"",SUMIFS('Monthly BSE Equity Options'!$L:$L,'Monthly BSE Equity Options'!$A:$A,$A2)) | V2: =IF(OR(T2="",U2=""),"",T2+U2) | W2: =IF(V2="","",T2/V2) | X2: =IF(V2="","",U2/V2)
A3: 38018 | B3: 2003-2004 | C3: Q4FY04 | D3: =IF(SUMIFS('Monthly NSE Equity Options'!$J:$J,'Monthly NSE Equity Options'!$A:$A,$A3)=0,"",SUMIFS('Monthly NSE Equity Options'!$J:$J,'Monthly NSE Equity Options'!$A:$A,$A3)) | E3: =IF(SUMIFS('Monthly BSE Equity Options'!$J:$J,'Monthly BSE Equity Options'!$A:$A,$A3)=0,"",SUMIFS('Monthly BSE Equity Options'!$J:$J,'Monthly BSE Equity Options'!$A:$A,$A3)) | F3: =IF(OR(D3="",E3=""),"",D3+E3) | G3: =IF(F3="","",D3/F3) | H3: =IF(F3="","",E3/F3) | L3: =IF(OR(D3="",D2=""),"",D3/D2-1) | M3: =IF(OR(E3="",E2=""),"",E3/E2-1) | N3: =IF(OR(F3="",F2=""),"",F3/F2-1) | O3: =IF(SUMIFS('Monthly NSE Equity Options'!$K:$K,'Monthly NSE Equity Options'!$A:$A,$A3)=0,"",SUMIFS('Monthly NSE Equity Options'!$K:$K,'Monthly NSE Equity Options'!$A:$A,$A3)) | P3: =IF(SUMIFS('Monthly BSE Equity Options'!$K:$K,'Monthly BSE Equity Options'!$A:$A,$A3)=0,"",SUMIFS('Monthly BSE Equity Options'!$K:$K,'Monthly BSE Equity Options'!$A:$A,$A3)) | Q3: =IF(OR(O3="",P3=""),"",O3+P3) | R3: =IF(Q3="","",O3/Q3) | S3: =IF(Q3="","",P3/Q3) | T3: =IF(SUMIFS('Monthly NSE Equity Options'!$L:$L,'Monthly NSE Equity Options'!$A:$A,$A3)=0,"",SUMIFS('Monthly NSE Equity Options'!$L:$L,'Monthly NSE Equity Options'!$A:$A,$A3)) | U3: =IF(SUMIFS('Monthly BSE Equity Options'!$L:$L,'Monthly BSE Equity Options'!$A:$A,$A3)=0,"",SUMIFS('Monthly BSE Equity Options'!$L:$L,'Monthly BSE Equity Options'!$A:$A,$A3)) | V3: =IF(OR(T3="",U3=""),"",T3+U3) | W3: =IF(V3="","",T3/V3) | X3: =IF(V3="","",U3/V3)
A4: 38047 | B4: 2003-2004 | C4: Q4FY04 | D4: =IF(SUMIFS('Monthly NSE Equity Options'!$J:$J,'Monthly NSE Equity Options'!$A:$A,$A4)=0,"",SUMIFS('Monthly NSE Equity Options'!$J:$J,'Monthly NSE Equity Options'!$A:$A,$A4)) | E4: =IF(SUMIFS('Monthly BSE Equity Options'!$J:$J,'Monthly BSE Equity Options'!$A:$A,$A4)=0,"",SUMIFS('Monthly BSE Equity Options'!$J:$J,'Monthly BSE Equity Options'!$A:$A,$A4)) | F4: =IF(OR(D4="",E4=""),"",D4+E4) | G4: =IF(F4="","",D4/F4) | H4: =IF(F4="","",E4/F4) | L4: =IF(OR(D4="",D3=""),"",D4/D3-1) | M4: =IF(OR(E4="",E3=""),"",E4/E3-1) | N4: =IF(OR(F4="",F3=""),"",F4/F3-1) | O4: =IF(SUMIFS('Monthly NSE Equity Options'!$K:$K,'Monthly NSE Equity Options'!$A:$A,$A4)=0,"",SUMIFS('Monthly NSE Equity Options'!$K:$K,'Monthly NSE Equity Options'!$A:$A,$A4)) | P4: =IF(SUMIFS('Monthly BSE Equity Options'!$K:$K,'Monthly BSE Equity Options'!$A:$A,$A4)=0,"",SUMIFS('Monthly BSE Equity Options'!$K:$K,'Monthly BSE Equity Options'!$A:$A,$A4)) | Q4: =IF(OR(O4="",P4=""),"",O4+P4) | R4: =IF(Q4="","",O4/Q4) | S4: =IF(Q4="","",P4/Q4) | T4: =IF(SUMIFS('Monthly NSE Equity Options'!$L:$L,'Monthly NSE Equity Options'!$A:$A,$A4)=0,"",SUMIFS('Monthly NSE Equity Options'!$L:$L,'Monthly NSE Equity Options'!$A:$A,$A4)) | U4: =IF(SUMIFS('Monthly BSE Equity Options'!$L:$L,'Monthly BSE Equity Options'!$A:$A,$A4)=0,"",SUMIFS('Monthly BSE Equity Options'!$L:$L,'Monthly BSE Equity Options'!$A:$A,$A4)) | V4: =IF(OR(T4="",U4=""),"",T4+U4) | W4: =IF(V4="","",T4/V4) | X4: =IF(V4="","",U4/V4)
A5: 38078 | B5: 2004-2005 | C5: Q1FY05 | D5: =IF(SUMIFS('Monthly NSE Equity Options'!$J:$J,'Monthly NSE Equity Options'!$A:$A,$A5)=0,"",SUMIFS('Monthly NSE Equity Options'!$J:$J,'Monthly NSE Equity Options'!$A:$A,$A5)) | E5: =IF(SUMIFS('Monthly BSE Equity Options'!$J:$J,'Monthly BSE Equity Options'!$A:$A,$A5)=0,"",SUMIFS('Monthly BSE Equity Options'!$J:$J,'Monthly BSE Equity Options'!$A:$A,$A5)) | F5: =IF(OR(D5="",E5=""),"",D5+E5) | G5: =IF(F5="","",D5/F5) | H5: =IF(F5="","",E5/F5) | L5: =IF(OR(D5="",D4=""),"",D5/D4-1) | M5: =IF(OR(E5="",E4=""),"",E5/E4-1) | N5: =IF(OR(F5="",F4=""),"",F5/F4-1) | O5: =IF(SUMIFS('Monthly NSE Equity Options'!$K:$K,'Monthly NSE Equity Options'!$A:$A,$A5)=0,"",SUMIFS('Monthly NSE Equity Options'!$K:$K,'Monthly NSE Equity Options'!$A:$A,$A5)) | P5: =IF(SUMIFS('Monthly BSE Equity Options'!$K:$K,'Monthly BSE Equity Options'!$A:$A,$A5)=0,"",SUMIFS('Monthly BSE Equity Options'!$K:$K,'Monthly BSE Equity Options'!$A:$A,$A5)) | Q5: =IF(OR(O5="",P5=""),"",O5+P5) | R5: =IF(Q5="","",O5/Q5) | S5: =IF(Q5="","",P5/Q5) | T5: =IF(SUMIFS('Monthly NSE Equity Options'!$L:$L,'Monthly NSE Equity Options'!$A:$A,$A5)=0,"",SUMIFS('Monthly NSE Equity Options'!$L:$L,'Monthly NSE Equity Options'!$A:$A,$A5)) | U5: =IF(SUMIFS('Monthly BSE Equity Options'!$L:$L,'Monthly BSE Equity Options'!$A:$A,$A5)=0,"",SUMIFS('Monthly BSE Equity Options'!$L:$L,'Monthly BSE Equity Options'!$A:$A,$A5)) | V5: =IF(OR(T5="",U5=""),"",T5+U5) | W5: =IF(V5="","",T5/V5) | X5: =IF(V5="","",U5/V5)
A6: 38108 | B6: 2004-2005 | C6: Q1FY05 | D6: =IF(SUMIFS('Monthly NSE Equity Options'!$J:$J,'Monthly NSE Equity Options'!$A:$A,$A6)=0,"",SUMIFS('Monthly NSE Equity Options'!$J:$J,'Monthly NSE Equity Options'!$A:$A,$A6)) | E6: =IF(SUMIFS('Monthly BSE Equity Options'!$J:$J,'Monthly BSE Equity Options'!$A:$A,$A6)=0,"",SUMIFS('Monthly BSE Equity Options'!$J:$J,'Monthly BSE Equity Options'!$A:$A,$A6)) | F6: =IF(OR(D6="",E6=""),"",D6+E6) | G6: =IF(F6="","",D6/F6) | H6: =IF(F6="","",E6/F6) | L6: =IF(OR(D6="",D5=""),"",D6/D5-1) | M6: =IF(OR(E6="",E5=""),"",E6/E5-1) | N6: =IF(OR(F6="",F5=""),"",F6/F5-1) | O6: =IF(SUMIFS('Monthly NSE Equity Options'!$K:$K,'Monthly NSE Equity Options'!$A:$A,$A6)=0,"",SUMIFS('Monthly NSE Equity Options'!$K:$K,'Monthly NSE Equity Options'!$A:$A,$A6)) | P6: =IF(SUMIFS('Monthly BSE Equity Options'!$K:$K,'Monthly BSE Equity Options'!$A:$A,$A6)=0,"",SUMIFS('Monthly BSE Equity Options'!$K:$K,'Monthly BSE Equity Options'!$A:$A,$A6)) | Q6: =IF(OR(O6="",P6=""),"",O6+P6) | R6: =IF(Q6="","",O6/Q6) | S6: =IF(Q6="","",P6/Q6) | T6: =IF(SUMIFS('Monthly NSE Equity Options'!$L:$L,'Monthly NSE Equity Options'!$A:$A,$A6)=0,"",SUMIFS('Monthly NSE Equity Options'!$L:$L,'Monthly NSE Equity Options'!$A:$A,$A6)) | U6: =IF(SUMIFS('Monthly BSE Equity Options'!$L:$L,'Monthly BSE Equity Options'!$A:$A,$A6)=0,"",SUMIFS('Monthly BSE Equity Options'!$L:$L,'Monthly BSE Equity Options'!$A:$A,$A6)) | V6: =IF(OR(T6="",U6=""),"",T6+U6) | W6: =IF(V6="","",T6/V6) | X6: =IF(V6="","",U6/V6)
A7: 38139 | B7: 2004-2005 | C7: Q1FY05 | D7: =IF(SUMIFS('Monthly NSE Equity Options'!$J:$J,'Monthly NSE Equity Options'!$A:$A,$A7)=0,"",SUMIFS('Monthly NSE Equity Options'!$J:$J,'Monthly NSE Equity Options'!$A:$A,$A7)) | E7: =IF(SUMIFS('Monthly BSE Equity Options'!$J:$J,'Monthly BSE Equity Options'!$A:$A,$A7)=0,"",SUMIFS('Monthly BSE Equity Options'!$J:$J,'Monthly BSE Equity Options'!$A:$A,$A7)) | F7: =IF(OR(D7="",E7=""),"",D7+E7) | G7: =IF(F7="","",D7/F7) | H7: =IF(F7="","",E7/F7) | L7: =IF(OR(D7="",D6=""),"",D7/D6-1) | M7: =IF(OR(E7="",E6=""),"",E7/E6-1) | N7: =IF(OR(F7="",F6=""),"",F7/F6-1) | O7: =IF(SUMIFS('Monthly NSE Equity Options'!$K:$K,'Monthly NSE Equity Options'!$A:$A,$A7)=0,"",SUMIFS('Monthly NSE Equity Options'!$K:$K,'Monthly NSE Equity Options'!$A:$A,$A7)) | P7: =IF(SUMIFS('Monthly BSE Equity Options'!$K:$K,'Monthly BSE Equity Options'!$A:$A,$A7)=0,"",SUMIFS('Monthly BSE Equity Options'!$K:$K,'Monthly BSE Equity Options'!$A:$A,$A7)) | Q7: =IF(OR(O7="",P7=""),"",O7+P7) | R7: =IF(Q7="","",O7/Q7) | S7: =IF(Q7="","",P7/Q7) | T7: =IF(SUMIFS('Monthly NSE Equity Options'!$L:$L,'Monthly NSE Equity Options'!$A:$A,$A7)=0,"",SUMIFS('Monthly NSE Equity Options'!$L:$L,'Monthly NSE Equity Options'!$A:$A,$A7)) | U7: =IF(SUMIFS('Monthly BSE Equity Options'!$L:$L,'Monthly BSE Equity Options'!$A:$A,$A7)=0,"",SUMIFS('Monthly BSE Equity Options'!$L:$L,'Monthly BSE Equity Options'!$A:$A,$A7)) | V7: =IF(OR(T7="",U7=""),"",T7+U7) | W7: =IF(V7="","",T7/V7) | X7: =IF(V7="","",U7/V7)
A8: 38169 | B8: 2004-2005 | C8: Q2FY05 | D8: =IF(SUMIFS('Monthly NSE Equity Options'!$J:$J,'Monthly NSE Equity Options'!$A:$A,$A8)=0,"",SUMIFS('Monthly NSE Equity Options'!$J:$J,'Monthly NSE Equity Options'!$A:$A,$A8)) | E8: =IF(SUMIFS('Monthly BSE Equity Options'!$J:$J,'Monthly BSE Equity Options'!$A:$A,$A8)=0,"",SUMIFS('Monthly BSE Equity Options'!$J:$J,'Monthly BSE Equity Options'!$A:$A,$A8)) | F8: =IF(OR(D8="",E8=""),"",D8+E8) | G8: =IF(F8="","",D8/F8) | H8: =IF(F8="","",E8/F8) | L8: =IF(OR(D8="",D7=""),"",D8/D7-1) | M8: =IF(OR(E8="",E7=""),"",E8/E7-1) | N8: =IF(OR(F8="",F7=""),"",F8/F7-1) | O8: =IF(SUMIFS('Monthly NSE Equity Options'!$K:$K,'Monthly NSE Equity Options'!$A:$A,$A8)=0,"",SUMIFS('Monthly NSE Equity Options'!$K:$K,'Monthly NSE Equity Options'!$A:$A,$A8)) | P8: =IF(SUMIFS('Monthly BSE Equity Options'!$K:$K,'Monthly BSE Equity Options'!$A:$A,$A8)=0,"",SUMIFS('Monthly BSE Equity Options'!$K:$K,'Monthly BSE Equity Options'!$A:$A,$A8)) | Q8: =IF(OR(O8="",P8=""),"",O8+P8) | R8: =IF(Q8="","",O8/Q8) | S8: =IF(Q8="","",P8/Q8) | T8: =IF(SUMIFS('Monthly NSE Equity Options'!$L:$L,'Monthly NSE Equity Options'!$A:$A,$A8)=0,"",SUMIFS('Monthly NSE Equity Options'!$L:$L,'Monthly NSE Equity Options'!$A:$A,$A8)) | U8: =IF(SUMIFS('Monthly BSE Equity Options'!$L:$L,'Monthly BSE Equity Options'!$A:$A,$A8)=0,"",SUMIFS('Monthly BSE Equity Options'!$L:$L,'Monthly BSE Equity Options'!$A:$A,$A8)) | V8: =IF(OR(T8="",U8=""),"",T8+U8) | W8: =IF(V8="","",T8/V8) | X8: =IF(V8="","",U8/V8)
A9: 38200 | B9: 2004-2005 | C9: Q2FY05 | D9: =IF(SUMIFS('Monthly NSE Equity Options'!$J:$J,'Monthly NSE Equity Options'!$A:$A,$A9)=0,"",SUMIFS('Monthly NSE Equity Options'!$J:$J,'Monthly NSE Equity Options'!$A:$A,$A9)) | E9: =IF(SUMIFS('Monthly BSE Equity Options'!$J:$J,'Monthly BSE Equity Options'!$A:$A,$A9)=0,"",SUMIFS('Monthly BSE Equity Options'!$J:$J,'Monthly BSE Equity Options'!$A:$A,$A9)) | F9: =IF(OR(D9="",E9=""),"",D9+E9) | G9: =IF(F9="","",D9/F9) | H9: =IF(F9="","",E9/F9) | L9: =IF(OR(D9="",D8=""),"",D9/D8-1) | M9: =IF(OR(E9="",E8=""),"",E9/E8-1) | N9: =IF(OR(F9="",F8=""),"",F9/F8-1) | O9: =IF(SUMIFS('Monthly NSE Equity Options'!$K:$K,'Monthly NSE Equity Options'!$A:$A,$A9)=0,"",SUMIFS('Monthly NSE Equity Options'!$K:$K,'Monthly NSE Equity Options'!$A:$A,$A9)) | P9: =IF(SUMIFS('Monthly BSE Equity Options'!$K:$K,'Monthly BSE Equity Options'!$A:$A,$A9)=0,"",SUMIFS('Monthly BSE Equity Options'!$K:$K,'Monthly BSE Equity Options'!$A:$A,$A9)) | Q9: =IF(OR(O9="",P9=""),"",O9+P9) | R9: =IF(Q9="","",O9/Q9) | S9: =IF(Q9="","",P9/Q9) | T9: =IF(SUMIFS('Monthly NSE Equity Options'!$L:$L,'Monthly NSE Equity Options'!$A:$A,$A9)=0,"",SUMIFS('Monthly NSE Equity Options'!$L:$L,'Monthly NSE Equity Options'!$A:$A,$A9)) | U9: =IF(SUMIFS('Monthly BSE Equity Options'!$L:$L,'Monthly BSE Equity Options'!$A:$A,$A9)=0,"",SUMIFS('Monthly BSE Equity Options'!$L:$L,'Monthly BSE Equity Options'!$A:$A,$A9)) | V9: =IF(OR(T9="",U9=""),"",T9+U9) | W9: =IF(V9="","",T9/V9) | X9: =IF(V9="","",U9/V9)
A10: 38231 | B10: 2004-2005 | C10: Q2FY05 | D10: =IF(SUMIFS('Monthly NSE Equity Options'!$J:$J,'Monthly NSE Equity Options'!$A:$A,$A10)=0,"",SUMIFS('Monthly NSE Equity Options'!$J:$J,'Monthly NSE Equity Options'!$A:$A,$A10)) | E10: =IF(SUMIFS('Monthly BSE Equity Options'!$J:$J,'Monthly BSE Equity Options'!$A:$A,$A10)=0,"",SUMIFS('Monthly BSE Equity Options'!$J:$J,'Monthly BSE Equity Options'!$A:$A,$A10)) | F10: =IF(OR(D10="",E10=""),"",D10+E10) | G10: =IF(F10="","",D10/F10) | H10: =IF(F10="","",E10/F10) | L10: =IF(OR(D10="",D9=""),"",D10/D9-1) | M10: =IF(OR(E10="",E9=""),"",E10/E9-1) | N10: =IF(OR(F10="",F9=""),"",F10/F9-1) | O10: =IF(SUMIFS('Monthly NSE Equity Options'!$K:$K,'Monthly NSE Equity Options'!$A:$A,$A10)=0,"",SUMIFS('Monthly NSE Equity Options'!$K:$K,'Monthly NSE Equity Options'!$A:$A,$A10)) | P10: =IF(SUMIFS('Monthly BSE Equity Options'!$K:$K,'Monthly BSE Equity Options'!$A:$A,$A10)=0,"",SUMIFS('Monthly BSE Equity Options'!$K:$K,'Monthly BSE Equity Options'!$A:$A,$A10)) | Q10: =IF(OR(O10="",P10=""),"",O10+P10) | R10: =IF(Q10="","",O10/Q10) | S10: =IF(Q10="","",P10/Q10) | T10: =IF(SUMIFS('Monthly NSE Equity Options'!$L:$L,'Monthly NSE Equity Options'!$A:$A,$A10)=0,"",SUMIFS('Monthly NSE Equity Options'!$L:$L,'Monthly NSE Equity Options'!$A:$A,$A10)) | U10: =IF(SUMIFS('Monthly BSE Equity Options'!$L:$L,'Monthly BSE Equity Options'!$A:$A,$A10)=0,"",SUMIFS('Monthly BSE Equity Options'!$L:$L,'Monthly BSE Equity Options'!$A:$A,$A10)) | V10: =IF(OR(T10="",U10=""),"",T10+U10) | W10: =IF(V10="","",T10/V10) | X10: =IF(V10="","",U10/V10)
A11: 38261 | B11: 2004-2005 | C11: Q3FY05 | D11: =IF(SUMIFS('Monthly NSE Equity Options'!$J:$J,'Monthly NSE Equity Options'!$A:$A,$A11)=0,"",SUMIFS('Monthly NSE Equity Options'!$J:$J,'Monthly NSE Equity Options'!$A:$A,$A11)) | E11: =IF(SUMIFS('Monthly BSE Equity Options'!$J:$J,'Monthly BSE Equity Options'!$A:$A,$A11)=0,"",SUMIFS('Monthly BSE Equity Options'!$J:$J,'Monthly BSE Equity Options'!$A:$A,$A11)) | F11: =IF(OR(D11="",E11=""),"",D11+E11) | G11: =IF(F11="","",D11/F11) | H11: =IF(F11="","",E11/F11) | L11: =IF(OR(D11="",D10=""),"",D11/D10-1) | M11: =IF(OR(E11="",E10=""),"",E11/E10-1) | N11: =IF(OR(F11="",F10=""),"",F11/F10-1) | O11: =IF(SUMIFS('Monthly NSE Equity Options'!$K:$K,'Monthly NSE Equity Options'!$A:$A,$A11)=0,"",SUMIFS('Monthly NSE Equity Options'!$K:$K,'Monthly NSE Equity Options'!$A:$A,$A11)) | P11: =IF(SUMIFS('Monthly BSE Equity Options'!$K:$K,'Monthly BSE Equity Options'!$A:$A,$A11)=0,"",SUMIFS('Monthly BSE Equity Options'!$K:$K,'Monthly BSE Equity Options'!$A:$A,$A11)) | Q11: =IF(OR(O11="",P11=""),"",O11+P11) | R11: =IF(Q11="","",O11/Q11) | S11: =IF(Q11="","",P11/Q11) | T11: =IF(SUMIFS('Monthly NSE Equity Options'!$L:$L,'Monthly NSE Equity Options'!$A:$A,$A11)=0,"",SUMIFS('Monthly NSE Equity Options'!$L:$L,'Monthly NSE Equity Options'!$A:$A,$A11)) | U11: =IF(SUMIFS('Monthly BSE Equity Options'!$L:$L,'Monthly BSE Equity Options'!$A:$A,$A11)=0,"",SUMIFS('Monthly BSE Equity Options'!$L:$L,'Monthly BSE Equity Options'!$A:$A,$A11)) | V11: =IF(OR(T11="",U11=""),"",T11+U11) | W11: =IF(V11="","",T11/V11) | X11: =IF(V11="","",U11/V11)
A12: 38292 | B12: 2004-2005 | C12: Q3FY05 | D12: =IF(SUMIFS('Monthly NSE Equity Options'!$J:$J,'Monthly NSE Equity Options'!$A:$A,$A12)=0,"",SUMIFS('Monthly NSE Equity Options'!$J:$J,'Monthly NSE Equity Options'!$A:$A,$A12)) | E12: =IF(SUMIFS('Monthly BSE Equity Options'!$J:$J,'Monthly BSE Equity Options'!$A:$A,$A12)=0,"",SUMIFS('Monthly BSE Equity Options'!$J:$J,'Monthly BSE Equity Options'!$A:$A,$A12)) | F12: =IF(OR(D12="",E12=""),"",D12+E12) | G12: =IF(F12="","",D12/F12) | H12: =IF(F12="","",E12/F12) | L12: =IF(OR(D12="",D11=""),"",D12/D11-1) | M12: =IF(OR(E12="",E11=""),"",E12/E11-1) | N12: =IF(OR(F12="",F11=""),"",F12/F11-1) | O12: =IF(SUMIFS('Monthly NSE Equity Options'!$K:$K,'Monthly NSE Equity Options'!$A:$A,$A12)=0,"",SUMIFS('Monthly NSE Equity Options'!$K:$K,'Monthly NSE Equity Options'!$A:$A,$A12)) | P12: =IF(SUMIFS('Monthly BSE Equity Options'!$K:$K,'Monthly BSE Equity Options'!$A:$A,$A12)=0,"",SUMIFS('Monthly BSE Equity Options'!$K:$K,'Monthly BSE Equity Options'!$A:$A,$A12)) | Q12: =IF(OR(O12="",P12=""),"",O12+P12) | R12: =IF(Q12="","",O12/Q12) | S12: =IF(Q12="","",P12/Q12) | T12: =IF(SUMIFS('Monthly NSE Equity Options'!$L:$L,'Monthly NSE Equity Options'!$A:$A,$A12)=0,"",SUMIFS('Monthly NSE Equity Options'!$L:$L,'Monthly NSE Equity Options'!$A:$A,$A12)) | U12: =IF(SUMIFS('Monthly BSE Equity Options'!$L:$L,'Monthly BSE Equity Options'!$A:$A,$A12)=0,"",SUMIFS('Monthly BSE Equity Options'!$L:$L,'Monthly BSE Equity Options'!$A:$A,$A12)) | V12: =IF(OR(T12="",U12=""),"",T12+U12) | W12: =IF(V12="","",T12/V12) | X12: =IF(V12="","",U12/V12)
A13: 38322 | B13: 2004-2005 | C13: Q3FY05 | D13: =IF(SUMIFS('Monthly NSE Equity Options'!$J:$J,'Monthly NSE Equity Options'!$A:$A,$A13)=0,"",SUMIFS('Monthly NSE Equity Options'!$J:$J,'Monthly NSE Equity Options'!$A:$A,$A13)) | E13: =IF(SUMIFS('Monthly BSE Equity Options'!$J:$J,'Monthly BSE Equity Options'!$A:$A,$A13)=0,"",SUMIFS('Monthly BSE Equity Options'!$J:$J,'Monthly BSE Equity Options'!$A:$A,$A13)) | F13: =IF(OR(D13="",E13=""),"",D13+E13) | G13: =IF(F13="","",D13/F13) | H13: =IF(F13="","",E13/F13) | L13: =IF(OR(D13="",D12=""),"",D13/D12-1) | M13: =IF(OR(E13="",E12=""),"",E13/E12-1) | N13: =IF(OR(F13="",F12=""),"",F13/F12-1) | O13: =IF(SUMIFS('Monthly NSE Equity Options'!$K:$K,'Monthly NSE Equity Options'!$A:$A,$A13)=0,"",SUMIFS('Monthly NSE Equity Options'!$K:$K,'Monthly NSE Equity Options'!$A:$A,$A13)) | P13: =IF(SUMIFS('Monthly BSE Equity Options'!$K:$K,'Monthly BSE Equity Options'!$A:$A,$A13)=0,"",SUMIFS('Monthly BSE Equity Options'!$K:$K,'Monthly BSE Equity Options'!$A:$A,$A13)) | Q13: =IF(OR(O13="",P13=""),"",O13+P13) | R13: =IF(Q13="","",O13/Q13) | S13: =IF(Q13="","",P13/Q13) | T13: =IF(SUMIFS('Monthly NSE Equity Options'!$L:$L,'Monthly NSE Equity Options'!$A:$A,$A13)=0,"",SUMIFS('Monthly NSE Equity Options'!$L:$L,'Monthly NSE Equity Options'!$A:$A,$A13)) | U13: =IF(SUMIFS('Monthly BSE Equity Options'!$L:$L,'Monthly BSE Equity Options'!$A:$A,$A13)=0,"",SUMIFS('Monthly BSE Equity Options'!$L:$L,'Monthly BSE Equity Options'!$A:$A,$A13)) | V13: =IF(OR(T13="",U13=""),"",T13+U13) | W13: =IF(V13="","",T13/V13) | X13: =IF(V13="","",U13/V13)
A14: 38353 | B14: 2004-2005 | C14: Q4FY05 | D14: =IF(SUMIFS('Monthly NSE Equity Options'!$J:$J,'Monthly NSE Equity Options'!$A:$A,$A14)=0,"",SUMIFS('Monthly NSE Equity Options'!$J:$J,'Monthly NSE Equity Options'!$A:$A,$A14)) | E14: =IF(SUMIFS('Monthly BSE Equity Options'!$J:$J,'Monthly BSE Equity Options'!$A:$A,$A14)=0,"",SUMIFS('Monthly BSE Equity Options'!$J:$J,'Monthly BSE Equity Options'!$A:$A,$A14)) | F14: =IF(OR(D14="",E14=""),"",D14+E14) | G14: =IF(F14="","",D14/F14) | H14: =IF(F14="","",E14/F14) | I14: =IF(OR(D14="",D2=""),"",D14/D2-1) | J14: =IF(OR(E14="",E2=""),"",E14/E2-1) | K14: =IF(OR(F14="",F2=""),"",F14/F2-1) | L14: =IF(OR(D14="",D13=""),"",D14/D13-1) | M14: =IF(OR(E14="",E13=""),"",E14/E13-1) | N14: =IF(OR(F14="",F13=""),"",F14/F13-1) | O14: =IF(SUMIFS('Monthly NSE Equity Options'!$K:$K,'Monthly NSE Equity Options'!$A:$A,$A14)=0,"",SUMIFS('Monthly NSE Equity Options'!$K:$K,'Monthly NSE Equity Options'!$A:$A,$A14)) | P14: =IF(SUMIFS('Monthly BSE Equity Options'!$K:$K,'Monthly BSE Equity Options'!$A:$A,$A14)=0,"",SUMIFS('Monthly BSE Equity Options'!$K:$K,'Monthly BSE Equity Options'!$A:$A,$A14)) | Q14: =IF(OR(O14="",P14=""),"",O14+P14) | R14: =IF(Q14="","",O14/Q14) | S14: =IF(Q14="","",P14/Q14) | T14: =IF(SUMIFS('Monthly NSE Equity Options'!$L:$L,'Monthly NSE Equity Options'!$A:$A,$A14)=0,"",SUMIFS('Monthly NSE Equity Options'!$L:$L,'Monthly NSE Equity Options'!$A:$A,$A14)) | U14: =IF(SUMIFS('Monthly BSE Equity Options'!$L:$L,'Monthly BSE Equity Options'!$A:$A,$A14)=0,"",SUMIFS('Monthly BSE Equity Options'!$L:$L,'Monthly BSE Equity Options'!$A:$A,$A14)) | V14: =IF(OR(T14="",U14=""),"",T14+U14) | W14: =IF(V14="","",T14/V14) | X14: =IF(V14="","",U14/V14)
A15: 38384 | B15: 2004-2005 | C15: Q4FY05 | D15: =IF(SUMIFS('Monthly NSE Equity Options'!$J:$J,'Monthly NSE Equity Options'!$A:$A,$A15)=0,"",SUMIFS('Monthly NSE Equity Options'!$J:$J,'Monthly NSE Equity Options'!$A:$A,$A15)) | E15: =IF(SUMIFS('Monthly BSE Equity Options'!$J:$J,'Monthly BSE Equity Options'!$A:$A,$A15)=0,"",SUMIFS('Monthly BSE Equity Options'!$J:$J,'Monthly BSE Equity Options'!$A:$A,$A15)) | F15: =IF(OR(D15="",E15=""),"",D15+E15) | G15: =IF(F15="","",D15/F15) | H15: =IF(F15="","",E15/F15) | I15: =IF(OR(D15="",D3=""),"",D15/D3-1) | J15: =IF(OR(E15="",E3=""),"",E15/E3-1) | K15: =IF(OR(F15="",F3=""),"",F15/F3-1) | L15: =IF(OR(D15="",D14=""),"",D15/D14-1) | M15: =IF(OR(E15="",E14=""),"",E15/E14-1) | N15: =IF(OR(F15="",F14=""),"",F15/F14-1) | O15: =IF(SUMIFS('Monthly NSE Equity Options'!$K:$K,'Monthly NSE Equity Options'!$A:$A,$A15)=0,"",SUMIFS('Monthly NSE Equity Options'!$K:$K,'Monthly NSE Equity Options'!$A:$A,$A15)) | P15: =IF(SUMIFS('Monthly BSE Equity Options'!$K:$K,'Monthly BSE Equity Options'!$A:$A,$A15)=0,"",SUMIFS('Monthly BSE Equity Options'!$K:$K,'Monthly BSE Equity Options'!$A:$A,$A15)) | Q15: =IF(OR(O15="",P15=""),"",O15+P15) | R15: =IF(Q15="","",O15/Q15) | S15: =IF(Q15="","",P15/Q15) | T15: =IF(SUMIFS('Monthly NSE Equity Options'!$L:$L,'Monthly NSE Equity Options'!$A:$A,$A15)=0,"",SUMIFS('Monthly NSE Equity Options'!$L:$L,'Monthly NSE Equity Options'!$A:$A,$A15)) | U15: =IF(SUMIFS('Monthly BSE Equity Options'!$L:$L,'Monthly BSE Equity Options'!$A:$A,$A15)=0,"",SUMIFS('Monthly BSE Equity Options'!$L:$L,'Monthly BSE Equity Options'!$A:$A,$A15)) | V15: =IF(OR(T15="",U15=""),"",T15+U15) | W15: =IF(V15="","",T15/V15) | X15: =IF(V15="","",U15/V15)
A16: 38412 | B16: 2004-2005 | C16: Q4FY05 | D16: =IF(SUMIFS('Monthly NSE Equity Options'!$J:$J,'Monthly NSE Equity Options'!$A:$A,$A16)=0,"",SUMIFS('Monthly NSE Equity Options'!$J:$J,'Monthly NSE Equity Options'!$A:$A,$A16)) | E16: =IF(SUMIFS('Monthly BSE Equity Options'!$J:$J,'Monthly BSE Equity Options'!$A:$A,$A16)=0,"",SUMIFS('Monthly BSE Equity Options'!$J:$J,'Monthly BSE Equity Options'!$A:$A,$A16)) | F16: =IF(OR(D16="",E16=""),"",D16+E16) | G16: =IF(F16="","",D16/F16) | H16: =IF(F16="","",E16/F16) | I16: =IF(OR(D16="",D4=""),"",D16/D4-1) | J16: =IF(OR(E16="",E4=""),"",E16/E4-1) | K16: =IF(OR(F16="",F4=""),"",F16/F4-1) | L16: =IF(OR(D16="",D15=""),"",D16/D15-1) | M16: =IF(OR(E16="",E15=""),"",E16/E15-1) | N16: =IF(OR(F16="",F15=""),"",F16/F15-1) | O16: =IF(SUMIFS('Monthly NSE Equity Options'!$K:$K,'Monthly NSE Equity Options'!$A:$A,$A16)=0,"",SUMIFS('Monthly NSE Equity Options'!$K:$K,'Monthly NSE Equity Options'!$A:$A,$A16)) | P16: =IF(SUMIFS('Monthly BSE Equity Options'!$K:$K,'Monthly BSE Equity Options'!$A:$A,$A16)=0,"",SUMIFS('Monthly BSE Equity Options'!$K:$K,'Monthly BSE Equity Options'!$A:$A,$A16)) | Q16: =IF(OR(O16="",P16=""),"",O16+P16) | R16: =IF(Q16="","",O16/Q16) | S16: =IF(Q16="","",P16/Q16) | T16: =IF(SUMIFS('Monthly NSE Equity Options'!$L:$L,'Monthly NSE Equity Options'!$A:$A,$A16)=0,"",SUMIFS('Monthly NSE Equity Options'!$L:$L,'Monthly NSE Equity Options'!$A:$A,$A16)) | U16: =IF(SUMIFS('Monthly BSE Equity Options'!$L:$L,'Monthly BSE Equity Options'!$A:$A,$A16)=0,"",SUMIFS('Monthly BSE Equity Options'!$L:$L,'Monthly BSE Equity Options'!$A:$A,$A16)) | V16: =IF(OR(T16="",U16=""),"",T16+U16) | W16: =IF(V16="","",T16/V16) | X16: =IF(V16="","",U16/V16)
A17: 38443 | B17: 2005-2006 | C17: Q1FY06 | D17: =IF(SUMIFS('Monthly NSE Equity Options'!$J:$J,'Monthly NSE Equity Options'!$A:$A,$A17)=0,"",SUMIFS('Monthly NSE Equity Options'!$J:$J,'Monthly NSE Equity Options'!$A:$A,$A17)) | E17: =IF(SUMIFS('Monthly BSE Equity Options'!$J:$J,'Monthly BSE Equity Options'!$A:$A,$A17)=0,"",SUMIFS('Monthly BSE Equity Options'!$J:$J,'Monthly BSE Equity Options'!$A:$A,$A17)) | F17: =IF(OR(D17="",E17=""),"",D17+E17) | G17: =IF(F17="","",D17/F17) | H17: =IF(F17="","",E17/F17) | I17: =IF(OR(D17="",D5=""),"",D17/D5-1) | J17: =IF(OR(E17="",E5=""),"",E17/E5-1) | K17: =IF(OR(F17="",F5=""),"",F17/F5-1) | L17: =IF(OR(D17="",D16=""),"",D17/D16-1) | M17: =IF(OR(E17="",E16=""),"",E17/E16-1) | N17: =IF(OR(F17="",F16=""),"",F17/F16-1) | O17: =IF(SUMIFS('Monthly NSE Equity Options'!$K:$K,'Monthly NSE Equity Options'!$A:$A,$A17)=0,"",SUMIFS('Monthly NSE Equity Options'!$K:$K,'Monthly NSE Equity Options'!$A:$A,$A17)) | P17: =IF(SUMIFS('Monthly BSE Equity Options'!$K:$K,'Monthly BSE Equity Options'!$A:$A,$A17)=0,"",SUMIFS('Monthly BSE Equity Options'!$K:$K,'Monthly BSE Equity Options'!$A:$A,$A17)) | Q17: =IF(OR(O17="",P17=""),"",O17+P17) | R17: =IF(Q17="","",O17/Q17) | S17: =IF(Q17="","",P17/Q17) | T17: =IF(SUMIFS('Monthly NSE Equity Options'!$L:$L,'Monthly NSE Equity Options'!$A:$A,$A17)=0,"",SUMIFS('Monthly NSE Equity Options'!$L:$L,'Monthly NSE Equity Options'!$A:$A,$A17)) | U17: =IF(SUMIFS('Monthly BSE Equity Options'!$L:$L,'Monthly BSE Equity Options'!$A:$A,$A17)=0,"",SUMIFS('Monthly BSE Equity Options'!$L:$L,'Monthly BSE Equity Options'!$A:$A,$A17)) | V17: =IF(OR(T17="",U17=""),"",T17+U17) | W17: =IF(V17="","",T17/V17) | X17: =IF(V17="","",U17/V17)
A18: 38473 | B18: 2005-2006 | C18: Q1FY06 | D18: =IF(SUMIFS('Monthly NSE Equity Options'!$J:$J,'Monthly NSE Equity Options'!$A:$A,$A18)=0,"",SUMIFS('Monthly NSE Equity Options'!$J:$J,'Monthly NSE Equity Options'!$A:$A,$A18)) | E18: =IF(SUMIFS('Monthly BSE Equity Options'!$J:$J,'Monthly BSE Equity Options'!$A:$A,$A18)=0,"",SUMIFS('Monthly BSE Equity Options'!$J:$J,'Monthly BSE Equity Options'!$A:$A,$A18)) | F18: =IF(OR(D18="",E18=""),"",D18+E18) | G18: =IF(F18="","",D18/F18) | H18: =IF(F18="","",E18/F18) | I18: =IF(OR(D18="",D6=""),"",D18/D6-1) | J18: =IF(OR(E18="",E6=""),"",E18/E6-1) | K18: =IF(OR(F18="",F6=""),"",F18/F6-1) | L18: =IF(OR(D18="",D17=""),"",D18/D17-1) | M18: =IF(OR(E18="",E17=""),"",E18/E17-1) | N18: =IF(OR(F18="",F17=""),"",F18/F17-1) | O18: =IF(SUMIFS('Monthly NSE Equity Options'!$K:$K,'Monthly NSE Equity Options'!$A:$A,$A18)=0,"",SUMIFS('Monthly NSE Equity Options'!$K:$K,'Monthly NSE Equity Options'!$A:$A,$A18)) | P18: =IF(SUMIFS('Monthly BSE Equity Options'!$K:$K,'Monthly BSE Equity Options'!$A:$A,$A18)=0,"",SUMIFS('Monthly BSE Equity Options'!$K:$K,'Monthly BSE Equity Options'!$A:$A,$A18)) | Q18: =IF(OR(O18="",P18=""),"",O18+P18) | R18: =IF(Q18="","",O18/Q18) | S18: =IF(Q18="","",P18/Q18) | T18: =IF(SUMIFS('Monthly NSE Equity Options'!$L:$L,'Monthly NSE Equity Options'!$A:$A,$A18)=0,"",SUMIFS('Monthly NSE Equity Options'!$L:$L,'Monthly NSE Equity Options'!$A:$A,$A18)) | U18: =IF(SUMIFS('Monthly BSE Equity Options'!$L:$L,'Monthly BSE Equity Options'!$A:$A,$A18)=0,"",SUMIFS('Monthly BSE Equity Options'!$L:$L,'Monthly BSE Equity Options'!$A:$A,$A18)) | V18: =IF(OR(T18="",U18=""),"",T18+U18) | W18: =IF(V18="","",T18/V18) | X18: =IF(V18="","",U18/V18)
A19: 38504 | B19: 2005-2006 | C19: Q1FY06 | D19: =IF(SUMIFS('Monthly NSE Equity Options'!$J:$J,'Monthly NSE Equity Options'!$A:$A,$A19)=0,"",SUMIFS('Monthly NSE Equity Options'!$J:$J,'Monthly NSE Equity Options'!$A:$A,$A19)) | E19: =IF(SUMIFS('Monthly BSE Equity Options'!$J:$J,'Monthly BSE Equity Options'!$A:$A,$A19)=0,"",SUMIFS('Monthly BSE Equity Options'!$J:$J,'Monthly BSE Equity Options'!$A:$A,$A19)) | F19: =IF(OR(D19="",E19=""),"",D19+E19) | G19: =IF(F19="","",D19/F19) | H19: =IF(F19="","",E19/F19) | I19: =IF(OR(D19="",D7=""),"",D19/D7-1) | J19: =IF(OR(E19="",E7=""),"",E19/E7-1) | K19: =IF(OR(F19="",F7=""),"",F19/F7-1) | L19: =IF(OR(D19="",D18=""),"",D19/D18-1) | M19: =IF(OR(E19="",E18=""),"",E19/E18-1) | N19: =IF(OR(F19="",F18=""),"",F19/F18-1) | O19: =IF(SUMIFS('Monthly NSE Equity Options'!$K:$K,'Monthly NSE Equity Options'!$A:$A,$A19)=0,"",SUMIFS('Monthly NSE Equity Options'!$K:$K,'Monthly NSE Equity Options'!$A:$A,$A19)) | P19: =IF(SUMIFS('Monthly BSE Equity Options'!$K:$K,'Monthly BSE Equity Options'!$A:$A,$A19)=0,"",SUMIFS('Monthly BSE Equity Options'!$K:$K,'Monthly BSE Equity Options'!$A:$A,$A19)) | Q19: =IF(OR(O19="",P19=""),"",O19+P19) | R19: =IF(Q19="","",O19/Q19) | S19: =IF(Q19="","",P19/Q19) | T19: =IF(SUMIFS('Monthly NSE Equity Options'!$L:$L,'Monthly NSE Equity Options'!$A:$A,$A19)=0,"",SUMIFS('Monthly NSE Equity Options'!$L:$L,'Monthly NSE Equity Options'!$A:$A,$A19)) | U19: =IF(SUMIFS('Monthly BSE Equity Options'!$L:$L,'Monthly BSE Equity Options'!$A:$A,$A19)=0,"",SUMIFS('Monthly BSE Equity Options'!$L:$L,'Monthly BSE Equity Options'!$A:$A,$A19)) | V19: =IF(OR(T19="",U19=""),"",T19+U19) | W19: =IF(V19="","",T19/V19) | X19: =IF(V19="","",U19/V19)
A20: 38534 | B20: 2005-2006 | C20: Q2FY06 | D20: =IF(SUMIFS('Monthly NSE Equity Options'!$J:$J,'Monthly NSE Equity Options'!$A:$A,$A20)=0,"",SUMIFS('Monthly NSE Equity Options'!$J:$J,'Monthly NSE Equity Options'!$A:$A,$A20)) | E20: =IF(SUMIFS('Monthly BSE Equity Options'!$J:$J,'Monthly BSE Equity Options'!$A:$A,$A20)=0,"",SUMIFS('Monthly BSE Equity Options'!$J:$J,'Monthly BSE Equity Options'!$A:$A,$A20)) | F20: =IF(OR(D20="",E20=""),"",D20+E20) | G20: =IF(F20="","",D20/F20) | H20: =IF(F20="","",E20/F20) | I20: =IF(OR(D20="",D8=""),"",D20/D8-1) | J20: =IF(OR(E20="",E8=""),"",E20/E8-1) | K20: =IF(OR(F20="",F8=""),"",F20/F8-1) | L20: =IF(OR(D20="",D19=""),"",D20/D19-1) | M20: =IF(OR(E20="",E19=""),"",E20/E19-1) | N20: =IF(OR(F20="",F19=""),"",F20/F19-1) | O20: =IF(SUMIFS('Monthly NSE Equity Options'!$K:$K,'Monthly NSE Equity Options'!$A:$A,$A20)=0,"",SUMIFS('Monthly NSE Equity Options'!$K:$K,'Monthly NSE Equity Options'!$A:$A,$A20)) | P20: =IF(SUMIFS('Monthly BSE Equity Options'!$K:$K,'Monthly BSE Equity Options'!$A:$A,$A20)=0,"",SUMIFS('Monthly BSE Equity Options'!$K:$K,'Monthly BSE Equity Options'!$A:$A,$A20)) | Q20: =IF(OR(O20="",P20=""),"",O20+P20) | R20: =IF(Q20="","",O20/Q20) | S20: =IF(Q20="","",P20/Q20) | T20: =IF(SUMIFS('Monthly NSE Equity Options'!$L:$L,'Monthly NSE Equity Options'!$A:$A,$A20)=0,"",SUMIFS('Monthly NSE Equity Options'!$L:$L,'Monthly NSE Equity Options'!$A:$A,$A20)) | U20: =IF(SUMIFS('Monthly BSE Equity Options'!$L:$L,'Monthly BSE Equity Options'!$A:$A,$A20)=0,"",SUMIFS('Monthly BSE Equity Options'!$L:$L,'Monthly BSE Equity Options'!$A:$A,$A20)) | V20: =IF(OR(T20="",U20=""),"",T20+U20) | W20: =IF(V20="","",T20/V20) | X20: =IF(V20="","",U20/V20)
A21: 38565 | B21: 2005-2006 | C21: Q2FY06 | D21: =IF(SUMIFS('Monthly NSE Equity Options'!$J:$J,'Monthly NSE Equity Options'!$A:$A,$A21)=0,"",SUMIFS('Monthly NSE Equity Options'!$J:$J,'Monthly NSE Equity Options'!$A:$A,$A21)) | E21: =IF(SUMIFS('Monthly BSE Equity Options'!$J:$J,'Monthly BSE Equity Options'!$A:$A,$A21)=0,"",SUMIFS('Monthly BSE Equity Options'!$J:$J,'Monthly BSE Equity Options'!$A:$A,$A21)) | F21: =IF(OR(D21="",E21=""),"",D21+E21) | G21: =IF(F21="","",D21/F21) | H21: =IF(F21="","",E21/F21) | I21: =IF(OR(D21="",D9=""),"",D21/D9-1) | J21: =IF(OR(E21="",E9=""),"",E21/E9-1) | K21: =IF(OR(F21="",F9=""),"",F21/F9-1) | L21: =IF(OR(D21="",D20=""),"",D21/D20-1) | M21: =IF(OR(E21="",E20=""),"",E21/E20-1) | N21: =IF(OR(F21="",F20=""),"",F21/F20-1) | O21: =IF(SUMIFS('Monthly NSE Equity Options'!$K:$K,'Monthly NSE Equity Options'!$A:$A,$A21)=0,"",SUMIFS('Monthly NSE Equity Options'!$K:$K,'Monthly NSE Equity Options'!$A:$A,$A21)) | P21: =IF(SUMIFS('Monthly BSE Equity Options'!$K:$K,'Monthly BSE Equity Options'!$A:$A,$A21)=0,"",SUMIFS('Monthly BSE Equity Options'!$K:$K,'Monthly BSE Equity Options'!$A:$A,$A21)) | Q21: =IF(OR(O21="",P21=""),"",O21+P21) | R21: =IF(Q21="","",O21/Q21) | S21: =IF(Q21="","",P21/Q21) | T21: =IF(SUMIFS('Monthly NSE Equity Options'!$L:$L,'Monthly NSE Equity Options'!$A:$A,$A21)=0,"",SUMIFS('Monthly NSE Equity Options'!$L:$L,'Monthly NSE Equity Options'!$A:$A,$A21)) | U21: =IF(SUMIFS('Monthly BSE Equity Options'!$L:$L,'Monthly BSE Equity Options'!$A:$A,$A21)=0,"",SUMIFS('Monthly BSE Equity Options'!$L:$L,'Monthly BSE Equity Options'!$A:$A,$A21)) | V21: =IF(OR(T21="",U21=""),"",T21+U21) | W21: =IF(V21="","",T21/V21) | X21: =IF(V21="","",U21/V21)
A22: 38596 | B22: 2005-2006 | C22: Q2FY06 | D22: =IF(SUMIFS('Monthly NSE Equity Options'!$J:$J,'Monthly NSE Equity Options'!$A:$A,$A22)=0,"",SUMIFS('Monthly NSE Equity Options'!$J:$J,'Monthly NSE Equity Options'!$A:$A,$A22)) | E22: =IF(SUMIFS('Monthly BSE Equity Options'!$J:$J,'Monthly BSE Equity Options'!$A:$A,$A22)=0,"",SUMIFS('Monthly BSE Equity Options'!$J:$J,'Monthly BSE Equity Options'!$A:$A,$A22)) | F22: =IF(OR(D22="",E22=""),"",D22+E22) | G22: =IF(F22="","",D22/F22) | H22: =IF(F22="","",E22/F22) | I22: =IF(OR(D22="",D10=""),"",D22/D10-1) | J22: =IF(OR(E22="",E10=""),"",E22/E10-1) | K22: =IF(OR(F22="",F10=""),"",F22/F10-1) | L22: =IF(OR(D22="",D21=""),"",D22/D21-1) | M22: =IF(OR(E22="",E21=""),"",E22/E21-1) | N22: =IF(OR(F22="",F21=""),"",F22/F21-1) | O22: =IF(SUMIFS('Monthly NSE Equity Options'!$K:$K,'Monthly NSE Equity Options'!$A:$A,$A22)=0,"",SUMIFS('Monthly NSE Equity Options'!$K:$K,'Monthly NSE Equity Options'!$A:$A,$A22)) | P22: =IF(SUMIFS('Monthly BSE Equity Options'!$K:$K,'Monthly BSE Equity Options'!$A:$A,$A22)=0,"",SUMIFS('Monthly BSE Equity Options'!$K:$K,'Monthly BSE Equity Options'!$A:$A,$A22)) | Q22: =IF(OR(O22="",P22=""),"",O22+P22) | R22: =IF(Q22="","",O22/Q22) | S22: =IF(Q22="","",P22/Q22) | T22: =IF(SUMIFS('Monthly NSE Equity Options'!$L:$L,'Monthly NSE Equity Options'!$A:$A,$A22)=0,"",SUMIFS('Monthly NSE Equity Options'!$L:$L,'Monthly NSE Equity Options'!$A:$A,$A22)) | U22: =IF(SUMIFS('Monthly BSE Equity Options'!$L:$L,'Monthly BSE Equity Options'!$A:$A,$A22)=0,"",SUMIFS('Monthly BSE Equity Options'!$L:$L,'Monthly BSE Equity Options'!$A:$A,$A22)) | V22: =IF(OR(T22="",U22=""),"",T22+U22) | W22: =IF(V22="","",T22/V22) | X22: =IF(V22="","",U22/V22)
A23: 38626 | B23: 2005-2006 | C23: Q3FY06 | D23: =IF(SUMIFS('Monthly NSE Equity Options'!$J:$J,'Monthly NSE Equity Options'!$A:$A,$A23)=0,"",SUMIFS('Monthly NSE Equity Options'!$J:$J,'Monthly NSE Equity Options'!$A:$A,$A23)) | E23: =IF(SUMIFS('Monthly BSE Equity Options'!$J:$J,'Monthly BSE Equity Options'!$A:$A,$A23)=0,"",SUMIFS('Monthly BSE Equity Options'!$J:$J,'Monthly BSE Equity Options'!$A:$A,$A23)) | F23: =IF(OR(D23="",E23=""),"",D23+E23) | G23: =IF(F23="","",D23/F23) | H23: =IF(F23="","",E23/F23) | I23: =IF(OR(D23="",D11=""),"",D23/D11-1) | J23: =IF(OR(E23="",E11=""),"",E23/E11-1) | K23: =IF(OR(F23="",F11=""),"",F23/F11-1) | L23: =IF(OR(D23="",D22=""),"",D23/D22-1) | M23: =IF(OR(E23="",E22=""),"",E23/E22-1) | N23: =IF(OR(F23="",F22=""),"",F23/F22-1) | O23: =IF(SUMIFS('Monthly NSE Equity Options'!$K:$K,'Monthly NSE Equity Options'!$A:$A,$A23)=0,"",SUMIFS('Monthly NSE Equity Options'!$K:$K,'Monthly NSE Equity Options'!$A:$A,$A23)) | P23: =IF(SUMIFS('Monthly BSE Equity Options'!$K:$K,'Monthly BSE Equity Options'!$A:$A,$A23)=0,"",SUMIFS('Monthly BSE Equity Options'!$K:$K,'Monthly BSE Equity Options'!$A:$A,$A23)) | Q23: =IF(OR(O23="",P23=""),"",O23+P23) | R23: =IF(Q23="","",O23/Q23) | S23: =IF(Q23="","",P23/Q23) | T23: =IF(SUMIFS('Monthly NSE Equity Options'!$L:$L,'Monthly NSE Equity Options'!$A:$A,$A23)=0,"",SUMIFS('Monthly NSE Equity Options'!$L:$L,'Monthly NSE Equity Options'!$A:$A,$A23)) | U23: =IF(SUMIFS('Monthly BSE Equity Options'!$L:$L,'Monthly BSE Equity Options'!$A:$A,$A23)=0,"",SUMIFS('Monthly BSE Equity Options'!$L:$L,'Monthly BSE Equity Options'!$A:$A,$A23)) | V23: =IF(OR(T23="",U23=""),"",T23+U23) | W23: =IF(V23="","",T23/V23) | X23: =IF(V23="","",U23/V23)
A24: 38657 | B24: 2005-2006 | C24: Q3FY06 | D24: =IF(SUMIFS('Monthly NSE Equity Options'!$J:$J,'Monthly NSE Equity Options'!$A:$A,$A24)=0,"",SUMIFS('Monthly NSE Equity Options'!$J:$J,'Monthly NSE Equity Options'!$A:$A,$A24)) | E24: =IF(SUMIFS('Monthly BSE Equity Options'!$J:$J,'Monthly BSE Equity Options'!$A:$A,$A24)=0,"",SUMIFS('Monthly BSE Equity Options'!$J:$J,'Monthly BSE Equity Options'!$A:$A,$A24)) | F24: =IF(OR(D24="",E24=""),"",D24+E24) | G24: =IF(F24="","",D24/F24) | H24: =IF(F24="","",E24/F24) | I24: =IF(OR(D24="",D12=""),"",D24/D12-1) | J24: =IF(OR(E24="",E12=""),"",E24/E12-1) | K24: =IF(OR(F24="",F12=""),"",F24/F12-1) | L24: =IF(OR(D24="",D23=""),"",D24/D23-1) | M24: =IF(OR(E24="",E23=""),"",E24/E23-1) | N24: =IF(OR(F24="",F23=""),"",F24/F23-1) | O24: =IF(SUMIFS('Monthly NSE Equity Options'!$K:$K,'Monthly NSE Equity Options'!$A:$A,$A24)=0,"",SUMIFS('Monthly NSE Equity Options'!$K:$K,'Monthly NSE Equity Options'!$A:$A,$A24)) | P24: =IF(SUMIFS('Monthly BSE Equity Options'!$K:$K,'Monthly BSE Equity Options'!$A:$A,$A24)=0,"",SUMIFS('Monthly BSE Equity Options'!$K:$K,'Monthly BSE Equity Options'!$A:$A,$A24)) | Q24: =IF(OR(O24="",P24=""),"",O24+P24) | R24: =IF(Q24="","",O24/Q24) | S24: =IF(Q24="","",P24/Q24) | T24: =IF(SUMIFS('Monthly NSE Equity Options'!$L:$L,'Monthly NSE Equity Options'!$A:$A,$A24)=0,"",SUMIFS('Monthly NSE Equity Options'!$L:$L,'Monthly NSE Equity Options'!$A:$A,$A24)) | U24: =IF(SUMIFS('Monthly BSE Equity Options'!$L:$L,'Monthly BSE Equity Options'!$A:$A,$A24)=0,"",SUMIFS('Monthly BSE Equity Options'!$L:$L,'Monthly BSE Equity Options'!$A:$A,$A24)) | V24: =IF(OR(T24="",U24=""),"",T24+U24) | W24: =IF(V24="","",T24/V24) | X24: =IF(V24="","",U24/V24)
A25: 38687 | B25: 2005-2006 | C25: Q3FY06 | D25: =IF(SUMIFS('Monthly NSE Equity Options'!$J:$J,'Monthly NSE Equity Options'!$A:$A,$A25)=0,"",SUMIFS('Monthly NSE Equity Options'!$J:$J,'Monthly NSE Equity Options'!$A:$A,$A25)) | E25: =IF(SUMIFS('Monthly BSE Equity Options'!$J:$J,'Monthly BSE Equity Options'!$A:$A,$A25)=0,"",SUMIFS('Monthly BSE Equity Options'!$J:$J,'Monthly BSE Equity Options'!$A:$A,$A25)) | F25: =IF(OR(D25="",E25=""),"",D25+E25) | G25: =IF(F25="","",D25/F25) | H25: =IF(F25="","",E25/F25) | I25: =IF(OR(D25="",D13=""),"",D25/D13-1) | J25: =IF(OR(E25="",E13=""),"",E25/E13-1) | K25: =IF(OR(F25="",F13=""),"",F25/F13-1) | L25: =IF(OR(D25="",D24=""),"",D25/D24-1) | M25: =IF(OR(E25="",E24=""),"",E25/E24-1) | N25: =IF(OR(F25="",F24=""),"",F25/F24-1) | O25: =IF(SUMIFS('Monthly NSE Equity Options'!$K:$K,'Monthly NSE Equity Options'!$A:$A,$A25)=0,"",SUMIFS('Monthly NSE Equity Options'!$K:$K,'Monthly NSE Equity Options'!$A:$A,$A25)) | P25: =IF(SUMIFS('Monthly BSE Equity Options'!$K:$K,'Monthly BSE Equity Options'!$A:$A,$A25)=0,"",SUMIFS('Monthly BSE Equity Options'!$K:$K,'Monthly BSE Equity Options'!$A:$A,$A25)) | Q25: =IF(OR(O25="",P25=""),"",O25+P25) | R25: =IF(Q25="","",O25/Q25) | S25: =IF(Q25="","",P25/Q25) | T25: =IF(SUMIFS('Monthly NSE Equity Options'!$L:$L,'Monthly NSE Equity Options'!$A:$A,$A25)=0,"",SUMIFS('Monthly NSE Equity Options'!$L:$L,'Monthly NSE Equity Options'!$A:$A,$A25)) | U25: =IF(SUMIFS('Monthly BSE Equity Options'!$L:$L,'Monthly BSE Equity Options'!$A:$A,$A25)=0,"",SUMIFS('Monthly BSE Equity Options'!$L:$L,'Monthly BSE Equity Options'!$A:$A,$A25)) | V25: =IF(OR(T25="",U25=""),"",T25+U25) | W25: =IF(V25="","",T25/V25) | X25: =IF(V25="","",U25/V25)
... A273: 46235 | B273: 2026-2027 | C273: Q2FY27 | D273: =IF(SUMIFS('Monthly NSE Equity Options'!$J:$J,'Monthly NSE Equity Options'!$A:$A,$A273)=0,"",SUMIFS('Monthly NSE Equity Options'!$J:$J,'Monthly NSE Equity Options'!$A:$A,$A273)) | E273: =IF(SUMIFS('Monthly BSE Equity Options'!$J:$J,'Monthly BSE Equity Options'!$A:$A,$A273)=0,"",SUMIFS('Monthly BSE Equity Options'!$J:$J,'Monthly BSE Equity Options'!$A:$A,$A273)) | F273: =IF(OR(D273="",E273=""),"",D273+E273) | G273: =IF(F273="","",D273/F273) | H273: =IF(F273="","",E273/F273) | I273: =IF(OR(D273="",D261=""),"",D273/D261-1) | J273: =IF(OR(E273="",E261=""),"",E273/E261-1) | K273: =IF(OR(F273="",F261=""),"",F273/F261-1) | L273: =IF(OR(D273="",D272=""),"",D273/D272-1) | M273: =IF(OR(E273="",E272=""),"",E273/E272-1) | N273: =IF(OR(F273="",F272=""),"",F273/F272-1) | O273: =IF(SUMIFS('Monthly NSE Equity Options'!$K:$K,'Monthly NSE Equity Options'!$A:$A,$A273)=0,"",SUMIFS('Monthly NSE Equity Options'!$K:$K,'Monthly NSE Equity Options'!$A:$A,$A273)) | P273: =IF(SUMIFS('Monthly BSE Equity Options'!$K:$K,'Monthly BSE Equity Options'!$A:$A,$A273)=0,"",SUMIFS('Monthly BSE Equity Options'!$K:$K,'Monthly BSE Equity Options'!$A:$A,$A273)) | Q273: =IF(OR(O273="",P273=""),"",O273+P273) | R273: =IF(Q273="","",O273/Q273) | S273: =IF(Q273="","",P273/Q273) | T273: =IF(SUMIFS('Monthly NSE Equity Options'!$L:$L,'Monthly NSE Equity Options'!$A:$A,$A273)=0,"",SUMIFS('Monthly NSE Equity Options'!$L:$L,'Monthly NSE Equity Options'!$A:$A,$A273)) | U273: =IF(SUMIFS('Monthly BSE Equity Options'!$L:$L,'Monthly BSE Equity Options'!$A:$A,$A273)=0,"",SUMIFS('Monthly BSE Equity Options'!$L:$L,'Monthly BSE Equity Options'!$A:$A,$A273)) | V273: =IF(OR(T273="",U273=""),"",T273+U273) | W273: =IF(V273="","",T273/V273) | X273: =IF(V273="","",U273/V273)
A275: MTD Comparison - Aug-2026 MTD vs Aug-2025 MTD (same number of trading days)
A276: Trading days elapsed in Aug-2026 (per NSE daily) | B276: =COUNTIF('Daily NSE Equity Options'!$A:$A,">="&DATE(2026,8,1))
A277: Matched Aug-2025 window | B277: =DATE(2025,8,1) | C277: =INDEX('Daily NSE Equity Options'!$A:$A,COUNTIF('Daily NSE Equity Options'!$A:$A,"<"&DATE(2025,8,1))+1+$B276)
D278: NSE Premium Turnover (INR Bn) | E278: BSE Premium Turnover (INR Bn) | F278: Total Premium Turnover (INR Bn) | G278: NSE Premium Market Share | H278: BSE Premium Market Share | O278: NSE Notional Turnover (INR Bn) | P278: BSE Notional Turnover (INR Bn) | Q278: Total Notional Turnover (INR Bn) | R278: NSE Notional Market Share | S278: BSE Notional Market Share | T278: NSE No. of Contracts | U278: BSE No. of Contracts | V278: Total No. of Contracts | W278: NSE Contracts Market Share | X278: BSE Contracts Market Share
A279: Aug-2025 MTD (first N trading days) | D279: =SUMIFS('Daily NSE Equity Options'!$K:$K,'Daily NSE Equity Options'!$A:$A,">="&$B$277,'Daily NSE Equity Options'!$A:$A,"<="&$C$277) | E279: =SUMIFS('Daily BSE Equity Options'!$K:$K,'Daily BSE Equity Options'!$A:$A,">="&$B$277,'Daily BSE Equity Options'!$A:$A,"<="&$C$277) | F279: =D279+E279 | G279: =IF(F279=0,"",D279/F279) | H279: =IF(F279=0,"",E279/F279) | O279: =SUMIFS('Daily NSE Equity Options'!$L:$L,'Daily NSE Equity Options'!$A:$A,">="&$B$277,'Daily NSE Equity Options'!$A:$A,"<="&$C$277) | P279: =SUMIFS('Daily BSE Equity Options'!$L:$L,'Daily BSE Equity Options'!$A:$A,">="&$B$277,'Daily BSE Equity Options'!$A:$A,"<="&$C$277) | Q279: =O279+P279 | R279: =IF(Q279=0,"",O279/Q279) | S279: =IF(Q279=0,"",P279/Q279) | T279: =SUMIFS('Daily NSE Equity Options'!$M:$M,'Daily NSE Equity Options'!$A:$A,">="&$B$277,'Daily NSE Equity Options'!$A:$A,"<="&$C$277) | U279: =SUMIFS('Daily BSE Equity Options'!$M:$M,'Daily BSE Equity Options'!$A:$A,">="&$B$277,'Daily BSE Equity Options'!$A:$A,"<="&$C$277) | V279: =T279+U279 | W279: =IF(V279=0,"",T279/V279) | X279: =IF(V279=0,"",U279/V279)
A280: Aug-2026 MTD | D280: =SUMIFS('Daily NSE Equity Options'!$K:$K,'Daily NSE Equity Options'!$A:$A,">="&DATE(2026,8,1)) | E280: =SUMIFS('Daily BSE Equity Options'!$K:$K,'Daily BSE Equity Options'!$A:$A,">="&DATE(2026,8,1)) | F280: =D280+E280 | G280: =IF(F280=0,"",D280/F280) | H280: =IF(F280=0,"",E280/F280) | O280: =SUMIFS('Daily NSE Equity Options'!$L:$L,'Daily NSE Equity Options'!$A:$A,">="&DATE(2026,8,1)) | P280: =SUMIFS('Daily BSE Equity Options'!$L:$L,'Daily BSE Equity Options'!$A:$A,">="&DATE(2026,8,1)) | Q280: =O280+P280 | R280: =IF(Q280=0,"",O280/Q280) | S280: =IF(Q280=0,"",P280/Q280) | T280: =SUMIFS('Daily NSE Equity Options'!$M:$M,'Daily NSE Equity Options'!$A:$A,">="&DATE(2026,8,1)) | U280: =SUMIFS('Daily BSE Equity Options'!$M:$M,'Daily BSE Equity Options'!$A:$A,">="&DATE(2026,8,1)) | V280: =T280+U280 | W280: =IF(V280=0,"",T280/V280) | X280: =IF(V280=0,"",U280/V280)
A281: MTD Growth (Aug-2026 vs Aug-2025) | D281: =IF(OR(D279=0,D279=""),"",D280/D279-1) | E281: =IF(OR(E279=0,E279=""),"",E280/E279-1) | F281: =IF(OR(F279=0,F279=""),"",F280/F279-1) | O281: =IF(OR(O279=0,O279=""),"",O280/O279-1) | P281: =IF(OR(P279=0,P279=""),"",P280/P279-1) | Q281: =IF(OR(Q279=0,Q279=""),"",Q280/Q279-1) | T281: =IF(OR(T279=0,T279=""),"",T280/T279-1) | U281: =IF(OR(U279=0,U279=""),"",U280/U279-1) | V281: =IF(OR(V279=0,V279=""),"",V280/V279-1)

Sheet Day Equity Options Mkt Share
A1: Trade Date | B1: Trade Day | C1: Trade Month - Year | D1: Qrtr - Year | E1: NSE Premium Turnover (INR Bn) | F1: BSE Premium Turnover (INR Bn) | G1: Total Premium Turnover (INR Bn) | H1: NSE Premium Market Share | I1: BSE Premium Market Share | J1: NSE Premium YoY Growth | K1: BSE Premium YoY Growth | L1: Total Premium YoY Growth | M1: NSE Premium DoD Growth | N1: BSE Premium DoD Growth | O1: Total Premium DoD Growth | P1: NSE Notional Turnover (INR Bn) | Q1: BSE Notional Turnover (INR Bn) | R1: Total Notional Turnover (INR Bn) | S1: NSE Notional Market Share | T1: BSE Notional Market Share | U1: NSE No. of Contracts | V1: BSE No. of Contracts | W1: Total No. of Contracts | X1: NSE Contracts Market Share | Y1: BSE Contracts Market Share
A2: 43922 | B2: Wednesday | C2: 43922 | D2: Q1FY21 | E2: =IF(SUMIFS('Daily NSE Equity Options'!$K:$K,'Daily NSE Equity Options'!$A:$A,$A2)=0,"",SUMIFS('Daily NSE Equity Options'!$K:$K,'Daily NSE Equity Options'!$A:$A,$A2)) | F2: =IF(SUMIFS('Daily BSE Equity Options'!$K:$K,'Daily BSE Equity Options'!$A:$A,$A2)=0,"",SUMIFS('Daily BSE Equity Options'!$K:$K,'Daily BSE Equity Options'!$A:$A,$A2)) | G2: =IF(OR(E2="",F2=""),"",E2+F2) | H2: =IF(G2="","",E2/G2) | I2: =IF(G2="","",F2/G2) | J2: =IFERROR(IF(OR(E2="",INDEX(E:E,MATCH(DATE(YEAR($A2)-1,MONTH($A2),DAY($A2)),$A:$A,0))=""),"",E2/INDEX(E:E,MATCH(DATE(YEAR($A2)-1,MONTH($A2),DAY($A2)),$A:$A,0))-1),"") | K2: =IFERROR(IF(OR(F2="",INDEX(F:F,MATCH(DATE(YEAR($A2)-1,MONTH($A2),DAY($A2)),$A:$A,0))=""),"",F2/INDEX(F:F,MATCH(DATE(YEAR($A2)-1,MONTH($A2),DAY($A2)),$A:$A,0))-1),"") | L2: =IFERROR(IF(OR(G2="",INDEX(G:G,MATCH(DATE(YEAR($A2)-1,MONTH($A2),DAY($A2)),$A:$A,0))=""),"",G2/INDEX(G:G,MATCH(DATE(YEAR($A2)-1,MONTH($A2),DAY($A2)),$A:$A,0))-1),"") | P2: =IF(SUMIFS('Daily NSE Equity Options'!$L:$L,'Daily NSE Equity Options'!$A:$A,$A2)=0,"",SUMIFS('Daily NSE Equity Options'!$L:$L,'Daily NSE Equity Options'!$A:$A,$A2)) | Q2: =IF(SUMIFS('Daily BSE Equity Options'!$L:$L,'Daily BSE Equity Options'!$A:$A,$A2)=0,"",SUMIFS('Daily BSE Equity Options'!$L:$L,'Daily BSE Equity Options'!$A:$A,$A2)) | R2: =IF(OR(P2="",Q2=""),"",P2+Q2) | S2: =IF(R2="","",P2/R2) | T2: =IF(R2="","",Q2/R2) | U2: =IF(SUMIFS('Daily NSE Equity Options'!$M:$M,'Daily NSE Equity Options'!$A:$A,$A2)=0,"",SUMIFS('Daily NSE Equity Options'!$M:$M,'Daily NSE Equity Options'!$A:$A,$A2)) | V2: =IF(SUMIFS('Daily BSE Equity Options'!$M:$M,'Daily BSE Equity Options'!$A:$A,$A2)=0,"",SUMIFS('Daily BSE Equity Options'!$M:$M,'Daily BSE Equity Options'!$A:$A,$A2)) | W2: =IF(OR(U2="",V2=""),"",U2+V2) | X2: =IF(W2="","",U2/W2) | Y2: =IF(W2="","",V2/W2)
A3: 43924 | B3: Friday | C3: 43922 | D3: Q1FY21 | E3: =IF(SUMIFS('Daily NSE Equity Options'!$K:$K,'Daily NSE Equity Options'!$A:$A,$A3)=0,"",SUMIFS('Daily NSE Equity Options'!$K:$K,'Daily NSE Equity Options'!$A:$A,$A3)) | F3: =IF(SUMIFS('Daily BSE Equity Options'!$K:$K,'Daily BSE Equity Options'!$A:$A,$A3)=0,"",SUMIFS('Daily BSE Equity Options'!$K:$K,'Daily BSE Equity Options'!$A:$A,$A3)) | G3: =IF(OR(E3="",F3=""),"",E3+F3) | H3: =IF(G3="","",E3/G3) | I3: =IF(G3="","",F3/G3) | J3: =IFERROR(IF(OR(E3="",INDEX(E:E,MATCH(DATE(YEAR($A3)-1,MONTH($A3),DAY($A3)),$A:$A,0))=""),"",E3/INDEX(E:E,MATCH(DATE(YEAR($A3)-1,MONTH($A3),DAY($A3)),$A:$A,0))-1),"") | K3: =IFERROR(IF(OR(F3="",INDEX(F:F,MATCH(DATE(YEAR($A3)-1,MONTH($A3),DAY($A3)),$A:$A,0))=""),"",F3/INDEX(F:F,MATCH(DATE(YEAR($A3)-1,MONTH($A3),DAY($A3)),$A:$A,0))-1),"") | L3: =IFERROR(IF(OR(G3="",INDEX(G:G,MATCH(DATE(YEAR($A3)-1,MONTH($A3),DAY($A3)),$A:$A,0))=""),"",G3/INDEX(G:G,MATCH(DATE(YEAR($A3)-1,MONTH($A3),DAY($A3)),$A:$A,0))-1),"") | M3: =IF(OR(E3="",E2=""),"",E3/E2-1) | N3: =IF(OR(F3="",F2=""),"",F3/F2-1) | O3: =IF(OR(G3="",G2=""),"",G3/G2-1) | P3: =IF(SUMIFS('Daily NSE Equity Options'!$L:$L,'Daily NSE Equity Options'!$A:$A,$A3)=0,"",SUMIFS('Daily NSE Equity Options'!$L:$L,'Daily NSE Equity Options'!$A:$A,$A3)) | Q3: =IF(SUMIFS('Daily BSE Equity Options'!$L:$L,'Daily BSE Equity Options'!$A:$A,$A3)=0,"",SUMIFS('Daily BSE Equity Options'!$L:$L,'Daily BSE Equity Options'!$A:$A,$A3)) | R3: =IF(OR(P3="",Q3=""),"",P3+Q3) | S3: =IF(R3="","",P3/R3) | T3: =IF(R3="","",Q3/R3) | U3: =IF(SUMIFS('Daily NSE Equity Options'!$M:$M,'Daily NSE Equity Options'!$A:$A,$A3)=0,"",SUMIFS('Daily NSE Equity Options'!$M:$M,'Daily NSE Equity Options'!$A:$A,$A3)) | V3: =IF(SUMIFS('Daily BSE Equity Options'!$M:$M,'Daily BSE Equity Options'!$A:$A,$A3)=0,"",SUMIFS('Daily BSE Equity Options'!$M:$M,'Daily BSE Equity Options'!$A:$A,$A3)) | W3: =IF(OR(U3="",V3=""),"",U3+V3) | X3: =IF(W3="","",U3/W3) | Y3: =IF(W3="","",V3/W3)
A4: 43928 | B4: Tuesday | C4: 43922 | D4: Q1FY21 | E4: =IF(SUMIFS('Daily NSE Equity Options'!$K:$K,'Daily NSE Equity Options'!$A:$A,$A4)=0,"",SUMIFS('Daily NSE Equity Options'!$K:$K,'Daily NSE Equity Options'!$A:$A,$A4)) | F4: =IF(SUMIFS('Daily BSE Equity Options'!$K:$K,'Daily BSE Equity Options'!$A:$A,$A4)=0,"",SUMIFS('Daily BSE Equity Options'!$K:$K,'Daily BSE Equity Options'!$A:$A,$A4)) | G4: =IF(OR(E4="",F4=""),"",E4+F4) | H4: =IF(G4="","",E4/G4) | I4: =IF(G4="","",F4/G4) | J4: =IFERROR(IF(OR(E4="",INDEX(E:E,MATCH(DATE(YEAR($A4)-1,MONTH($A4),DAY($A4)),$A:$A,0))=""),"",E4/INDEX(E:E,MATCH(DATE(YEAR($A4)-1,MONTH($A4),DAY($A4)),$A:$A,0))-1),"") | K4: =IFERROR(IF(OR(F4="",INDEX(F:F,MATCH(DATE(YEAR($A4)-1,MONTH($A4),DAY($A4)),$A:$A,0))=""),"",F4/INDEX(F:F,MATCH(DATE(YEAR($A4)-1,MONTH($A4),DAY($A4)),$A:$A,0))-1),"") | L4: =IFERROR(IF(OR(G4="",INDEX(G:G,MATCH(DATE(YEAR($A4)-1,MONTH($A4),DAY($A4)),$A:$A,0))=""),"",G4/INDEX(G:G,MATCH(DATE(YEAR($A4)-1,MONTH($A4),DAY($A4)),$A:$A,0))-1),"") | M4: =IF(OR(E4="",E3=""),"",E4/E3-1) | N4: =IF(OR(F4="",F3=""),"",F4/F3-1) | O4: =IF(OR(G4="",G3=""),"",G4/G3-1) | P4: =IF(SUMIFS('Daily NSE Equity Options'!$L:$L,'Daily NSE Equity Options'!$A:$A,$A4)=0,"",SUMIFS('Daily NSE Equity Options'!$L:$L,'Daily NSE Equity Options'!$A:$A,$A4)) | Q4: =IF(SUMIFS('Daily BSE Equity Options'!$L:$L,'Daily BSE Equity Options'!$A:$A,$A4)=0,"",SUMIFS('Daily BSE Equity Options'!$L:$L,'Daily BSE Equity Options'!$A:$A,$A4)) | R4: =IF(OR(P4="",Q4=""),"",P4+Q4) | S4: =IF(R4="","",P4/R4) | T4: =IF(R4="","",Q4/R4) | U4: =IF(SUMIFS('Daily NSE Equity Options'!$M:$M,'Daily NSE Equity Options'!$A:$A,$A4)=0,"",SUMIFS('Daily NSE Equity Options'!$M:$M,'Daily NSE Equity Options'!$A:$A,$A4)) | V4: =IF(SUMIFS('Daily BSE Equity Options'!$M:$M,'Daily BSE Equity Options'!$A:$A,$A4)=0,"",SUMIFS('Daily BSE Equity Options'!$M:$M,'Daily BSE Equity Options'!$A:$A,$A4)) | W4: =IF(OR(U4="",V4=""),"",U4+V4) | X4: =IF(W4="","",U4/W4) | Y4: =IF(W4="","",V4/W4)
A5: 43929 | B5: Wednesday | C5: 43922 | D5: Q1FY21 | E5: =IF(SUMIFS('Daily NSE Equity Options'!$K:$K,'Daily NSE Equity Options'!$A:$A,$A5)=0,"",SUMIFS('Daily NSE Equity Options'!$K:$K,'Daily NSE Equity Options'!$A:$A,$A5)) | F5: =IF(SUMIFS('Daily BSE Equity Options'!$K:$K,'Daily BSE Equity Options'!$A:$A,$A5)=0,"",SUMIFS('Daily BSE Equity Options'!$K:$K,'Daily BSE Equity Options'!$A:$A,$A5)) | G5: =IF(OR(E5="",F5=""),"",E5+F5) | H5: =IF(G5="","",E5/G5) | I5: =IF(G5="","",F5/G5) | J5: =IFERROR(IF(OR(E5="",INDEX(E:E,MATCH(DATE(YEAR($A5)-1,MONTH($A5),DAY($A5)),$A:$A,0))=""),"",E5/INDEX(E:E,MATCH(DATE(YEAR($A5)-1,MONTH($A5),DAY($A5)),$A:$A,0))-1),"") | K5: =IFERROR(IF(OR(F5="",INDEX(F:F,MATCH(DATE(YEAR($A5)-1,MONTH($A5),DAY($A5)),$A:$A,0))=""),"",F5/INDEX(F:F,MATCH(DATE(YEAR($A5)-1,MONTH($A5),DAY($A5)),$A:$A,0))-1),"") | L5: =IFERROR(IF(OR(G5="",INDEX(G:G,MATCH(DATE(YEAR($A5)-1,MONTH($A5),DAY($A5)),$A:$A,0))=""),"",G5/INDEX(G:G,MATCH(DATE(YEAR($A5)-1,MONTH($A5),DAY($A5)),$A:$A,0))-1),"") | M5: =IF(OR(E5="",E4=""),"",E5/E4-1) | N5: =IF(OR(F5="",F4=""),"",F5/F4-1) | O5: =IF(OR(G5="",G4=""),"",G5/G4-1) | P5: =IF(SUMIFS('Daily NSE Equity Options'!$L:$L,'Daily NSE Equity Options'!$A:$A,$A5)=0,"",SUMIFS('Daily NSE Equity Options'!$L:$L,'Daily NSE Equity Options'!$A:$A,$A5)) | Q5: =IF(SUMIFS('Daily BSE Equity Options'!$L:$L,'Daily BSE Equity Options'!$A:$A,$A5)=0,"",SUMIFS('Daily BSE Equity Options'!$L:$L,'Daily BSE Equity Options'!$A:$A,$A5)) | R5: =IF(OR(P5="",Q5=""),"",P5+Q5) | S5: =IF(R5="","",P5/R5) | T5: =IF(R5="","",Q5/R5) | U5: =IF(SUMIFS('Daily NSE Equity Options'!$M:$M,'Daily NSE Equity Options'!$A:$A,$A5)=0,"",SUMIFS('Daily NSE Equity Options'!$M:$M,'Daily NSE Equity Options'!$A:$A,$A5)) | V5: =IF(SUMIFS('Daily BSE Equity Options'!$M:$M,'Daily BSE Equity Options'!$A:$A,$A5)=0,"",SUMIFS('Daily BSE Equity Options'!$M:$M,'Daily BSE Equity Options'!$A:$A,$A5)) | W5: =IF(OR(U5="",V5=""),"",U5+V5) | X5: =IF(W5="","",U5/W5) | Y5: =IF(W5="","",V5/W5)
A6: 43930 | B6: Thursday | C6: 43922 | D6: Q1FY21 | E6: =IF(SUMIFS('Daily NSE Equity Options'!$K:$K,'Daily NSE Equity Options'!$A:$A,$A6)=0,"",SUMIFS('Daily NSE Equity Options'!$K:$K,'Daily NSE Equity Options'!$A:$A,$A6)) | F6: =IF(SUMIFS('Daily BSE Equity Options'!$K:$K,'Daily BSE Equity Options'!$A:$A,$A6)=0,"",SUMIFS('Daily BSE Equity Options'!$K:$K,'Daily BSE Equity Options'!$A:$A,$A6)) | G6: =IF(OR(E6="",F6=""),"",E6+F6) | H6: =IF(G6="","",E6/G6) | I6: =IF(G6="","",F6/G6) | J6: =IFERROR(IF(OR(E6="",INDEX(E:E,MATCH(DATE(YEAR($A6)-1,MONTH($A6),DAY($A6)),$A:$A,0))=""),"",E6/INDEX(E:E,MATCH(DATE(YEAR($A6)-1,MONTH($A6),DAY($A6)),$A:$A,0))-1),"") | K6: =IFERROR(IF(OR(F6="",INDEX(F:F,MATCH(DATE(YEAR($A6)-1,MONTH($A6),DAY($A6)),$A:$A,0))=""),"",F6/INDEX(F:F,MATCH(DATE(YEAR($A6)-1,MONTH($A6),DAY($A6)),$A:$A,0))-1),"") | L6: =IFERROR(IF(OR(G6="",INDEX(G:G,MATCH(DATE(YEAR($A6)-1,MONTH($A6),DAY($A6)),$A:$A,0))=""),"",G6/INDEX(G:G,MATCH(DATE(YEAR($A6)-1,MONTH($A6),DAY($A6)),$A:$A,0))-1),"") | M6: =IF(OR(E6="",E5=""),"",E6/E5-1) | N6: =IF(OR(F6="",F5=""),"",F6/F5-1) | O6: =IF(OR(G6="",G5=""),"",G6/G5-1) | P6: =IF(SUMIFS('Daily NSE Equity Options'!$L:$L,'Daily NSE Equity Options'!$A:$A,$A6)=0,"",SUMIFS('Daily NSE Equity Options'!$L:$L,'Daily NSE Equity Options'!$A:$A,$A6)) | Q6: =IF(SUMIFS('Daily BSE Equity Options'!$L:$L,'Daily BSE Equity Options'!$A:$A,$A6)=0,"",SUMIFS('Daily BSE Equity Options'!$L:$L,'Daily BSE Equity Options'!$A:$A,$A6)) | R6: =IF(OR(P6="",Q6=""),"",P6+Q6) | S6: =IF(R6="","",P6/R6) | T6: =IF(R6="","",Q6/R6) | U6: =IF(SUMIFS('Daily NSE Equity Options'!$M:$M,'Daily NSE Equity Options'!$A:$A,$A6)=0,"",SUMIFS('Daily NSE Equity Options'!$M:$M,'Daily NSE Equity Options'!$A:$A,$A6)) | V6: =IF(SUMIFS('Daily BSE Equity Options'!$M:$M,'Daily BSE Equity Options'!$A:$A,$A6)=0,"",SUMIFS('Daily BSE Equity Options'!$M:$M,'Daily BSE Equity Options'!$A:$A,$A6)) | W6: =IF(OR(U6="",V6=""),"",U6+V6) | X6: =IF(W6="","",U6/W6) | Y6: =IF(W6="","",V6/W6)
A7: 43934 | B7: Monday | C7: 43922 | D7: Q1FY21 | E7: =IF(SUMIFS('Daily NSE Equity Options'!$K:$K,'Daily NSE Equity Options'!$A:$A,$A7)=0,"",SUMIFS('Daily NSE Equity Options'!$K:$K,'Daily NSE Equity Options'!$A:$A,$A7)) | F7: =IF(SUMIFS('Daily BSE Equity Options'!$K:$K,'Daily BSE Equity Options'!$A:$A,$A7)=0,"",SUMIFS('Daily BSE Equity Options'!$K:$K,'Daily BSE Equity Options'!$A:$A,$A7)) | G7: =IF(OR(E7="",F7=""),"",E7+F7) | H7: =IF(G7="","",E7/G7) | I7: =IF(G7="","",F7/G7) | J7: =IFERROR(IF(OR(E7="",INDEX(E:E,MATCH(DATE(YEAR($A7)-1,MONTH($A7),DAY($A7)),$A:$A,0))=""),"",E7/INDEX(E:E,MATCH(DATE(YEAR($A7)-1,MONTH($A7),DAY($A7)),$A:$A,0))-1),"") | K7: =IFERROR(IF(OR(F7="",INDEX(F:F,MATCH(DATE(YEAR($A7)-1,MONTH($A7),DAY($A7)),$A:$A,0))=""),"",F7/INDEX(F:F,MATCH(DATE(YEAR($A7)-1,MONTH($A7),DAY($A7)),$A:$A,0))-1),"") | L7: =IFERROR(IF(OR(G7="",INDEX(G:G,MATCH(DATE(YEAR($A7)-1,MONTH($A7),DAY($A7)),$A:$A,0))=""),"",G7/INDEX(G:G,MATCH(DATE(YEAR($A7)-1,MONTH($A7),DAY($A7)),$A:$A,0))-1),"") | M7: =IF(OR(E7="",E6=""),"",E7/E6-1) | N7: =IF(OR(F7="",F6=""),"",F7/F6-1) | O7: =IF(OR(G7="",G6=""),"",G7/G6-1) | P7: =IF(SUMIFS('Daily NSE Equity Options'!$L:$L,'Daily NSE Equity Options'!$A:$A,$A7)=0,"",SUMIFS('Daily NSE Equity Options'!$L:$L,'Daily NSE Equity Options'!$A:$A,$A7)) | Q7: =IF(SUMIFS('Daily BSE Equity Options'!$L:$L,'Daily BSE Equity Options'!$A:$A,$A7)=0,"",SUMIFS('Daily BSE Equity Options'!$L:$L,'Daily BSE Equity Options'!$A:$A,$A7)) | R7: =IF(OR(P7="",Q7=""),"",P7+Q7) | S7: =IF(R7="","",P7/R7) | T7: =IF(R7="","",Q7/R7) | U7: =IF(SUMIFS('Daily NSE Equity Options'!$M:$M,'Daily NSE Equity Options'!$A:$A,$A7)=0,"",SUMIFS('Daily NSE Equity Options'!$M:$M,'Daily NSE Equity Options'!$A:$A,$A7)) | V7: =IF(SUMIFS('Daily BSE Equity Options'!$M:$M,'Daily BSE Equity Options'!$A:$A,$A7)=0,"",SUMIFS('Daily BSE Equity Options'!$M:$M,'Daily BSE Equity Options'!$A:$A,$A7)) | W7: =IF(OR(U7="",V7=""),"",U7+V7) | X7: =IF(W7="","",U7/W7) | Y7: =IF(W7="","",V7/W7)
A8: 43936 | B8: Wednesday | C8: 43922 | D8: Q1FY21 | E8: =IF(SUMIFS('Daily NSE Equity Options'!$K:$K,'Daily NSE Equity Options'!$A:$A,$A8)=0,"",SUMIFS('Daily NSE Equity Options'!$K:$K,'Daily NSE Equity Options'!$A:$A,$A8)) | F8: =IF(SUMIFS('Daily BSE Equity Options'!$K:$K,'Daily BSE Equity Options'!$A:$A,$A8)=0,"",SUMIFS('Daily BSE Equity Options'!$K:$K,'Daily BSE Equity Options'!$A:$A,$A8)) | G8: =IF(OR(E8="",F8=""),"",E8+F8) | H8: =IF(G8="","",E8/G8) | I8: =IF(G8="","",F8/G8) | J8: =IFERROR(IF(OR(E8="",INDEX(E:E,MATCH(DATE(YEAR($A8)-1,MONTH($A8),DAY($A8)),$A:$A,0))=""),"",E8/INDEX(E:E,MATCH(DATE(YEAR($A8)-1,MONTH($A8),DAY($A8)),$A:$A,0))-1),"") | K8: =IFERROR(IF(OR(F8="",INDEX(F:F,MATCH(DATE(YEAR($A8)-1,MONTH($A8),DAY($A8)),$A:$A,0))=""),"",F8/INDEX(F:F,MATCH(DATE(YEAR($A8)-1,MONTH($A8),DAY($A8)),$A:$A,0))-1),"") | L8: =IFERROR(IF(OR(G8="",INDEX(G:G,MATCH(DATE(YEAR($A8)-1,MONTH($A8),DAY($A8)),$A:$A,0))=""),"",G8/INDEX(G:G,MATCH(DATE(YEAR($A8)-1,MONTH($A8),DAY($A8)),$A:$A,0))-1),"") | M8: =IF(OR(E8="",E7=""),"",E8/E7-1) | N8: =IF(OR(F8="",F7=""),"",F8/F7-1) | O8: =IF(OR(G8="",G7=""),"",G8/G7-1) | P8: =IF(SUMIFS('Daily NSE Equity Options'!$L:$L,'Daily NSE Equity Options'!$A:$A,$A8)=0,"",SUMIFS('Daily NSE Equity Options'!$L:$L,'Daily NSE Equity Options'!$A:$A,$A8)) | Q8: =IF(SUMIFS('Daily BSE Equity Options'!$L:$L,'Daily BSE Equity Options'!$A:$A,$A8)=0,"",SUMIFS('Daily BSE Equity Options'!$L:$L,'Daily BSE Equity Options'!$A:$A,$A8)) | R8: =IF(OR(P8="",Q8=""),"",P8+Q8) | S8: =IF(R8="","",P8/R8) | T8: =IF(R8="","",Q8/R8) | U8: =IF(SUMIFS('Daily NSE Equity Options'!$M:$M,'Daily NSE Equity Options'!$A:$A,$A8)=0,"",SUMIFS('Daily NSE Equity Options'!$M:$M,'Daily NSE Equity Options'!$A:$A,$A8)) | V8: =IF(SUMIFS('Daily BSE Equity Options'!$M:$M,'Daily BSE Equity Options'!$A:$A,$A8)=0,"",SUMIFS('Daily BSE Equity Options'!$M:$M,'Daily BSE Equity Options'!$A:$A,$A8)) | W8: =IF(OR(U8="",V8=""),"",U8+V8) | X8: =IF(W8="","",U8/W8) | Y8: =IF(W8="","",V8/W8)
A9: 43937 | B9: Thursday | C9: 43922 | D9: Q1FY21 | E9: =IF(SUMIFS('Daily NSE Equity Options'!$K:$K,'Daily NSE Equity Options'!$A:$A,$A9)=0,"",SUMIFS('Daily NSE Equity Options'!$K:$K,'Daily NSE Equity Options'!$A:$A,$A9)) | F9: =IF(SUMIFS('Daily BSE Equity Options'!$K:$K,'Daily BSE Equity Options'!$A:$A,$A9)=0,"",SUMIFS('Daily BSE Equity Options'!$K:$K,'Daily BSE Equity Options'!$A:$A,$A9)) | G9: =IF(OR(E9="",F9=""),"",E9+F9) | H9: =IF(G9="","",E9/G9) | I9: =IF(G9="","",F9/G9) | J9: =IFERROR(IF(OR(E9="",INDEX(E:E,MATCH(DATE(YEAR($A9)-1,MONTH($A9),DAY($A9)),$A:$A,0))=""),"",E9/INDEX(E:E,MATCH(DATE(YEAR($A9)-1,MONTH($A9),DAY($A9)),$A:$A,0))-1),"") | K9: =IFERROR(IF(OR(F9="",INDEX(F:F,MATCH(DATE(YEAR($A9)-1,MONTH($A9),DAY($A9)),$A:$A,0))=""),"",F9/INDEX(F:F,MATCH(DATE(YEAR($A9)-1,MONTH($A9),DAY($A9)),$A:$A,0))-1),"") | L9: =IFERROR(IF(OR(G9="",INDEX(G:G,MATCH(DATE(YEAR($A9)-1,MONTH($A9),DAY($A9)),$A:$A,0))=""),"",G9/INDEX(G:G,MATCH(DATE(YEAR($A9)-1,MONTH($A9),DAY($A9)),$A:$A,0))-1),"") | M9: =IF(OR(E9="",E8=""),"",E9/E8-1) | N9: =IF(OR(F9="",F8=""),"",F9/F8-1) | O9: =IF(OR(G9="",G8=""),"",G9/G8-1) | P9: =IF(SUMIFS('Daily NSE Equity Options'!$L:$L,'Daily NSE Equity Options'!$A:$A,$A9)=0,"",SUMIFS('Daily NSE Equity Options'!$L:$L,'Daily NSE Equity Options'!$A:$A,$A9)) | Q9: =IF(SUMIFS('Daily BSE Equity Options'!$L:$L,'Daily BSE Equity Options'!$A:$A,$A9)=0,"",SUMIFS('Daily BSE Equity Options'!$L:$L,'Daily BSE Equity Options'!$A:$A,$A9)) | R9: =IF(OR(P9="",Q9=""),"",P9+Q9) | S9: =IF(R9="","",P9/R9) | T9: =IF(R9="","",Q9/R9) | U9: =IF(SUMIFS('Daily NSE Equity Options'!$M:$M,'Daily NSE Equity Options'!$A:$A,$A9)=0,"",SUMIFS('Daily NSE Equity Options'!$M:$M,'Daily NSE Equity Options'!$A:$A,$A9)) | V9: =IF(SUMIFS('Daily BSE Equity Options'!$M:$M,'Daily BSE Equity Options'!$A:$A,$A9)=0,"",SUMIFS('Daily BSE Equity Options'!$M:$M,'Daily BSE Equity Options'!$A:$A,$A9)) | W9: =IF(OR(U9="",V9=""),"",U9+V9) | X9: =IF(W9="","",U9/W9) | Y9: =IF(W9="","",V9/W9)
A10: 43938 | B10: Friday | C10: 43922 | D10: Q1FY21 | E10: =IF(SUMIFS('Daily NSE Equity Options'!$K:$K,'Daily NSE Equity Options'!$A:$A,$A10)=0,"",SUMIFS('Daily NSE Equity Options'!$K:$K,'Daily NSE Equity Options'!$A:$A,$A10)) | F10: =IF(SUMIFS('Daily BSE Equity Options'!$K:$K,'Daily BSE Equity Options'!$A:$A,$A10)=0,"",SUMIFS('Daily BSE Equity Options'!$K:$K,'Daily BSE Equity Options'!$A:$A,$A10)) | G10: =IF(OR(E10="",F10=""),"",E10+F10) | H10: =IF(G10="","",E10/G10) | I10: =IF(G10="","",F10/G10) | J10: =IFERROR(IF(OR(E10="",INDEX(E:E,MATCH(DATE(YEAR($A10)-1,MONTH($A10),DAY($A10)),$A:$A,0))=""),"",E10/INDEX(E:E,MATCH(DATE(YEAR($A10)-1,MONTH($A10),DAY($A10)),$A:$A,0))-1),"") | K10: =IFERROR(IF(OR(F10="",INDEX(F:F,MATCH(DATE(YEAR($A10)-1,MONTH($A10),DAY($A10)),$A:$A,0))=""),"",F10/INDEX(F:F,MATCH(DATE(YEAR($A10)-1,MONTH($A10),DAY($A10)),$A:$A,0))-1),"") | L10: =IFERROR(IF(OR(G10="",INDEX(G:G,MATCH(DATE(YEAR($A10)-1,MONTH($A10),DAY($A10)),$A:$A,0))=""),"",G10/INDEX(G:G,MATCH(DATE(YEAR($A10)-1,MONTH($A10),DAY($A10)),$A:$A,0))-1),"") | M10: =IF(OR(E10="",E9=""),"",E10/E9-1) | N10: =IF(OR(F10="",F9=""),"",F10/F9-1) | O10: =IF(OR(G10="",G9=""),"",G10/G9-1) | P10: =IF(SUMIFS('Daily NSE Equity Options'!$L:$L,'Daily NSE Equity Options'!$A:$A,$A10)=0,"",SUMIFS('Daily NSE Equity Options'!$L:$L,'Daily NSE Equity Options'!$A:$A,$A10)) | Q10: =IF(SUMIFS('Daily BSE Equity Options'!$L:$L,'Daily BSE Equity Options'!$A:$A,$A10)=0,"",SUMIFS('Daily BSE Equity Options'!$L:$L,'Daily BSE Equity Options'!$A:$A,$A10)) | R10: =IF(OR(P10="",Q10=""),"",P10+Q10) | S10: =IF(R10="","",P10/R10) | T10: =IF(R10="","",Q10/R10) | U10: =IF(SUMIFS('Daily NSE Equity Options'!$M:$M,'Daily NSE Equity Options'!$A:$A,$A10)=0,"",SUMIFS('Daily NSE Equity Options'!$M:$M,'Daily NSE Equity Options'!$A:$A,$A10)) | V10: =IF(SUMIFS('Daily BSE Equity Options'!$M:$M,'Daily BSE Equity Options'!$A:$A,$A10)=0,"",SUMIFS('Daily BSE Equity Options'!$M:$M,'Daily BSE Equity Options'!$A:$A,$A10)) | W10: =IF(OR(U10="",V10=""),"",U10+V10) | X10: =IF(W10="","",U10/W10) | Y10: =IF(W10="","",V10/W10)
A11: 43941 | B11: Monday | C11: 43922 | D11: Q1FY21 | E11: =IF(SUMIFS('Daily NSE Equity Options'!$K:$K,'Daily NSE Equity Options'!$A:$A,$A11)=0,"",SUMIFS('Daily NSE Equity Options'!$K:$K,'Daily NSE Equity Options'!$A:$A,$A11)) | F11: =IF(SUMIFS('Daily BSE Equity Options'!$K:$K,'Daily BSE Equity Options'!$A:$A,$A11)=0,"",SUMIFS('Daily BSE Equity Options'!$K:$K,'Daily BSE Equity Options'!$A:$A,$A11)) | G11: =IF(OR(E11="",F11=""),"",E11+F11) | H11: =IF(G11="","",E11/G11) | I11: =IF(G11="","",F11/G11) | J11: =IFERROR(IF(OR(E11="",INDEX(E:E,MATCH(DATE(YEAR($A11)-1,MONTH($A11),DAY($A11)),$A:$A,0))=""),"",E11/INDEX(E:E,MATCH(DATE(YEAR($A11)-1,MONTH($A11),DAY($A11)),$A:$A,0))-1),"") | K11: =IFERROR(IF(OR(F11="",INDEX(F:F,MATCH(DATE(YEAR($A11)-1,MONTH($A11),DAY($A11)),$A:$A,0))=""),"",F11/INDEX(F:F,MATCH(DATE(YEAR($A11)-1,MONTH($A11),DAY($A11)),$A:$A,0))-1),"") | L11: =IFERROR(IF(OR(G11="",INDEX(G:G,MATCH(DATE(YEAR($A11)-1,MONTH($A11),DAY($A11)),$A:$A,0))=""),"",G11/INDEX(G:G,MATCH(DATE(YEAR($A11)-1,MONTH($A11),DAY($A11)),$A:$A,0))-1),"") | M11: =IF(OR(E11="",E10=""),"",E11/E10-1) | N11: =IF(OR(F11="",F10=""),"",F11/F10-1) | O11: =IF(OR(G11="",G10=""),"",G11/G10-1) | P11: =IF(SUMIFS('Daily NSE Equity Options'!$L:$L,'Daily NSE Equity Options'!$A:$A,$A11)=0,"",SUMIFS('Daily NSE Equity Options'!$L:$L,'Daily NSE Equity Options'!$A:$A,$A11)) | Q11: =IF(SUMIFS('Daily BSE Equity Options'!$L:$L,'Daily BSE Equity Options'!$A:$A,$A11)=0,"",SUMIFS('Daily BSE Equity Options'!$L:$L,'Daily BSE Equity Options'!$A:$A,$A11)) | R11: =IF(OR(P11="",Q11=""),"",P11+Q11) | S11: =IF(R11="","",P11/R11) | T11: =IF(R11="","",Q11/R11) | U11: =IF(SUMIFS('Daily NSE Equity Options'!$M:$M,'Daily NSE Equity Options'!$A:$A,$A11)=0,"",SUMIFS('Daily NSE Equity Options'!$M:$M,'Daily NSE Equity Options'!$A:$A,$A11)) | V11: =IF(SUMIFS('Daily BSE Equity Options'!$M:$M,'Daily BSE Equity Options'!$A:$A,$A11)=0,"",SUMIFS('Daily BSE Equity Options'!$M:$M,'Daily BSE Equity Options'!$A:$A,$A11)) | W11: =IF(OR(U11="",V11=""),"",U11+V11) | X11: =IF(W11="","",U11/W11) | Y11: =IF(W11="","",V11/W11)
A12: 43942 | B12: Tuesday | C12: 43922 | D12: Q1FY21 | E12: =IF(SUMIFS('Daily NSE Equity Options'!$K:$K,'Daily NSE Equity Options'!$A:$A,$A12)=0,"",SUMIFS('Daily NSE Equity Options'!$K:$K,'Daily NSE Equity Options'!$A:$A,$A12)) | F12: =IF(SUMIFS('Daily BSE Equity Options'!$K:$K,'Daily BSE Equity Options'!$A:$A,$A12)=0,"",SUMIFS('Daily BSE Equity Options'!$K:$K,'Daily BSE Equity Options'!$A:$A,$A12)) | G12: =IF(OR(E12="",F12=""),"",E12+F12) | H12: =IF(G12="","",E12/G12) | I12: =IF(G12="","",F12/G12) | J12: =IFERROR(IF(OR(E12="",INDEX(E:E,MATCH(DATE(YEAR($A12)-1,MONTH($A12),DAY($A12)),$A:$A,0))=""),"",E12/INDEX(E:E,MATCH(DATE(YEAR($A12)-1,MONTH($A12),DAY($A12)),$A:$A,0))-1),"") | K12: =IFERROR(IF(OR(F12="",INDEX(F:F,MATCH(DATE(YEAR($A12)-1,MONTH($A12),DAY($A12)),$A:$A,0))=""),"",F12/INDEX(F:F,MATCH(DATE(YEAR($A12)-1,MONTH($A12),DAY($A12)),$A:$A,0))-1),"") | L12: =IFERROR(IF(OR(G12="",INDEX(G:G,MATCH(DATE(YEAR($A12)-1,MONTH($A12),DAY($A12)),$A:$A,0))=""),"",G12/INDEX(G:G,MATCH(DATE(YEAR($A12)-1,MONTH($A12),DAY($A12)),$A:$A,0))-1),"") | M12: =IF(OR(E12="",E11=""),"",E12/E11-1) | N12: =IF(OR(F12="",F11=""),"",F12/F11-1) | O12: =IF(OR(G12="",G11=""),"",G12/G11-1) | P12: =IF(SUMIFS('Daily NSE Equity Options'!$L:$L,'Daily NSE Equity Options'!$A:$A,$A12)=0,"",SUMIFS('Daily NSE Equity Options'!$L:$L,'Daily NSE Equity Options'!$A:$A,$A12)) | Q12: =IF(SUMIFS('Daily BSE Equity Options'!$L:$L,'Daily BSE Equity Options'!$A:$A,$A12)=0,"",SUMIFS('Daily BSE Equity Options'!$L:$L,'Daily BSE Equity Options'!$A:$A,$A12)) | R12: =IF(OR(P12="",Q12=""),"",P12+Q12) | S12: =IF(R12="","",P12/R12) | T12: =IF(R12="","",Q12/R12) | U12: =IF(SUMIFS('Daily NSE Equity Options'!$M:$M,'Daily NSE Equity Options'!$A:$A,$A12)=0,"",SUMIFS('Daily NSE Equity Options'!$M:$M,'Daily NSE Equity Options'!$A:$A,$A12)) | V12: =IF(SUMIFS('Daily BSE Equity Options'!$M:$M,'Daily BSE Equity Options'!$A:$A,$A12)=0,"",SUMIFS('Daily BSE Equity Options'!$M:$M,'Daily BSE Equity Options'!$A:$A,$A12)) | W12: =IF(OR(U12="",V12=""),"",U12+V12) | X12: =IF(W12="","",U12/W12) | Y12: =IF(W12="","",V12/W12)
A13: 43943 | B13: Wednesday | C13: 43922 | D13: Q1FY21 | E13: =IF(SUMIFS('Daily NSE Equity Options'!$K:$K,'Daily NSE Equity Options'!$A:$A,$A13)=0,"",SUMIFS('Daily NSE Equity Options'!$K:$K,'Daily NSE Equity Options'!$A:$A,$A13)) | F13: =IF(SUMIFS('Daily BSE Equity Options'!$K:$K,'Daily BSE Equity Options'!$A:$A,$A13)=0,"",SUMIFS('Daily BSE Equity Options'!$K:$K,'Daily BSE Equity Options'!$A:$A,$A13)) | G13: =IF(OR(E13="",F13=""),"",E13+F13) | H13: =IF(G13="","",E13/G13) | I13: =IF(G13="","",F13/G13) | J13: =IFERROR(IF(OR(E13="",INDEX(E:E,MATCH(DATE(YEAR($A13)-1,MONTH($A13),DAY($A13)),$A:$A,0))=""),"",E13/INDEX(E:E,MATCH(DATE(YEAR($A13)-1,MONTH($A13),DAY($A13)),$A:$A,0))-1),"") | K13: =IFERROR(IF(OR(F13="",INDEX(F:F,MATCH(DATE(YEAR($A13)-1,MONTH($A13),DAY($A13)),$A:$A,0))=""),"",F13/INDEX(F:F,MATCH(DATE(YEAR($A13)-1,MONTH($A13),DAY($A13)),$A:$A,0))-1),"") | L13: =IFERROR(IF(OR(G13="",INDEX(G:G,MATCH(DATE(YEAR($A13)-1,MONTH($A13),DAY($A13)),$A:$A,0))=""),"",G13/INDEX(G:G,MATCH(DATE(YEAR($A13)-1,MONTH($A13),DAY($A13)),$A:$A,0))-1),"") | M13: =IF(OR(E13="",E12=""),"",E13/E12-1) | N13: =IF(OR(F13="",F12=""),"",F13/F12-1) | O13: =IF(OR(G13="",G12=""),"",G13/G12-1) | P13: =IF(SUMIFS('Daily NSE Equity Options'!$L:$L,'Daily NSE Equity Options'!$A:$A,$A13)=0,"",SUMIFS('Daily NSE Equity Options'!$L:$L,'Daily NSE Equity Options'!$A:$A,$A13)) | Q13: =IF(SUMIFS('Daily BSE Equity Options'!$L:$L,'Daily BSE Equity Options'!$A:$A,$A13)=0,"",SUMIFS('Daily BSE Equity Options'!$L:$L,'Daily BSE Equity Options'!$A:$A,$A13)) | R13: =IF(OR(P13="",Q13=""),"",P13+Q13) | S13: =IF(R13="","",P13/R13) | T13: =IF(R13="","",Q13/R13) | U13: =IF(SUMIFS('Daily NSE Equity Options'!$M:$M,'Daily NSE Equity Options'!$A:$A,$A13)=0,"",SUMIFS('Daily NSE Equity Options'!$M:$M,'Daily NSE Equity Options'!$A:$A,$A13)) | V13: =IF(SUMIFS('Daily BSE Equity Options'!$M:$M,'Daily BSE Equity Options'!$A:$A,$A13)=0,"",SUMIFS('Daily BSE Equity Options'!$M:$M,'Daily BSE Equity Options'!$A:$A,$A13)) | W13: =IF(OR(U13="",V13=""),"",U13+V13) | X13: =IF(W13="","",U13/W13) | Y13: =IF(W13="","",V13/W13)
A14: 43944 | B14: Thursday | C14: 43922 | D14: Q1FY21 | E14: =IF(SUMIFS('Daily NSE Equity Options'!$K:$K,'Daily NSE Equity Options'!$A:$A,$A14)=0,"",SUMIFS('Daily NSE Equity Options'!$K:$K,'Daily NSE Equity Options'!$A:$A,$A14)) | F14: =IF(SUMIFS('Daily BSE Equity Options'!$K:$K,'Daily BSE Equity Options'!$A:$A,$A14)=0,"",SUMIFS('Daily BSE Equity Options'!$K:$K,'Daily BSE Equity Options'!$A:$A,$A14)) | G14: =IF(OR(E14="",F14=""),"",E14+F14) | H14: =IF(G14="","",E14/G14) | I14: =IF(G14="","",F14/G14) | J14: =IFERROR(IF(OR(E14="",INDEX(E:E,MATCH(DATE(YEAR($A14)-1,MONTH($A14),DAY($A14)),$A:$A,0))=""),"",E14/INDEX(E:E,MATCH(DATE(YEAR($A14)-1,MONTH($A14),DAY($A14)),$A:$A,0))-1),"") | K14: =IFERROR(IF(OR(F14="",INDEX(F:F,MATCH(DATE(YEAR($A14)-1,MONTH($A14),DAY($A14)),$A:$A,0))=""),"",F14/INDEX(F:F,MATCH(DATE(YEAR($A14)-1,MONTH($A14),DAY($A14)),$A:$A,0))-1),"") | L14: =IFERROR(IF(OR(G14="",INDEX(G:G,MATCH(DATE(YEAR($A14)-1,MONTH($A14),DAY($A14)),$A:$A,0))=""),"",G14/INDEX(G:G,MATCH(DATE(YEAR($A14)-1,MONTH($A14),DAY($A14)),$A:$A,0))-1),"") | M14: =IF(OR(E14="",E13=""),"",E14/E13-1) | N14: =IF(OR(F14="",F13=""),"",F14/F13-1) | O14: =IF(OR(G14="",G13=""),"",G14/G13-1) | P14: =IF(SUMIFS('Daily NSE Equity Options'!$L:$L,'Daily NSE Equity Options'!$A:$A,$A14)=0,"",SUMIFS('Daily NSE Equity Options'!$L:$L,'Daily NSE Equity Options'!$A:$A,$A14)) | Q14: =IF(SUMIFS('Daily BSE Equity Options'!$L:$L,'Daily BSE Equity Options'!$A:$A,$A14)=0,"",SUMIFS('Daily BSE Equity Options'!$L:$L,'Daily BSE Equity Options'!$A:$A,$A14)) | R14: =IF(OR(P14="",Q14=""),"",P14+Q14) | S14: =IF(R14="","",P14/R14) | T14: =IF(R14="","",Q14/R14) | U14: =IF(SUMIFS('Daily NSE Equity Options'!$M:$M,'Daily NSE Equity Options'!$A:$A,$A14)=0,"",SUMIFS('Daily NSE Equity Options'!$M:$M,'Daily NSE Equity Options'!$A:$A,$A14)) | V14: =IF(SUMIFS('Daily BSE Equity Options'!$M:$M,'Daily BSE Equity Options'!$A:$A,$A14)=0,"",SUMIFS('Daily BSE Equity Options'!$M:$M,'Daily BSE Equity Options'!$A:$A,$A14)) | W14: =IF(OR(U14="",V14=""),"",U14+V14) | X14: =IF(W14="","",U14/W14) | Y14: =IF(W14="","",V14/W14)
... A1577: 46241 | B1577: Friday | C1577: 46235 | D1577: Q2FY27 | E1577: =IF(SUMIFS('Daily NSE Equity Options'!$K:$K,'Daily NSE Equity Options'!$A:$A,$A1577)=0,"",SUMIFS('Daily NSE Equity Options'!$K:$K,'Daily NSE Equity Options'!$A:$A,$A1577)) | F1577: =IF(SUMIFS('Daily BSE Equity Options'!$K:$K,'Daily BSE Equity Options'!$A:$A,$A1577)=0,"",SUMIFS('Daily BSE Equity Options'!$K:$K,'Daily BSE Equity Options'!$A:$A,$A1577)) | G1577: =IF(OR(E1577="",F1577=""),"",E1577+F1577) | H1577: =IF(G1577="","",E1577/G1577) | I1577: =IF(G1577="","",F1577/G1577) | J1577: =IFERROR(IF(OR(E1577="",INDEX(E:E,MATCH(DATE(YEAR($A1577)-1,MONTH($A1577),DAY($A1577)),$A:$A,0))=""),"",E1577/INDEX(E:E,MATCH(DATE(YEAR($A1577)-1,MONTH($A1577),DAY($A1577)),$A:$A,0))-1),"") | K1577: =IFERROR(IF(OR(F1577="",INDEX(F:F,MATCH(DATE(YEAR($A1577)-1,MONTH($A1577),DAY($A1577)),$A:$A,0))=""),"",F1577/INDEX(F:F,MATCH(DATE(YEAR($A1577)-1,MONTH($A1577),DAY($A1577)),$A:$A,0))-1),"") | L1577: =IFERROR(IF(OR(G1577="",INDEX(G:G,MATCH(DATE(YEAR($A1577)-1,MONTH($A1577),DAY($A1577)),$A:$A,0))=""),"",G1577/INDEX(G:G,MATCH(DATE(YEAR($A1577)-1,MONTH($A1577),DAY($A1577)),$A:$A,0))-1),"") | M1577: =IF(OR(E1577="",E1576=""),"",E1577/E1576-1) | N1577: =IF(OR(F1577="",F1576=""),"",F1577/F1576-1) | O1577: =IF(OR(G1577="",G1576=""),"",G1577/G1576-1) | P1577: =IF(SUMIFS('Daily NSE Equity Options'!$L:$L,'Daily NSE Equity Options'!$A:$A,$A1577)=0,"",SUMIFS('Daily NSE Equity Options'!$L:$L,'Daily NSE Equity Options'!$A:$A,$A1577)) | Q1577: =IF(SUMIFS('Daily BSE Equity Options'!$L:$L,'Daily BSE Equity Options'!$A:$A,$A1577)=0,"",SUMIFS('Daily BSE Equity Options'!$L:$L,'Daily BSE Equity Options'!$A:$A,$A1577)) | R1577: =IF(OR(P1577="",Q1577=""),"",P1577+Q1577) | S1577: =IF(R1577="","",P1577/R1577) | T1577: =IF(R1577="","",Q1577/R1577) | U1577: =IF(SUMIFS('Daily NSE Equity Options'!$M:$M,'Daily NSE Equity Options'!$A:$A,$A1577)=0,"",SUMIFS('Daily NSE Equity Options'!$M:$M,'Daily NSE Equity Options'!$A:$A,$A1577)) | V1577: =IF(SUMIFS('Daily BSE Equity Options'!$M:$M,'Daily BSE Equity Options'!$A:$A,$A1577)=0,"",SUMIFS('Daily BSE Equity Options'!$M:$M,'Daily BSE Equity Options'!$A:$A,$A1577)) | W1577: =IF(OR(U1577="",V1577=""),"",U1577+V1577) | X1577: =IF(W1577="","",U1577/W1577) | Y1577: =IF(W1577="","",V1577/W1577)
A1579: YTD Comparison - FY2026-2027 YTD vs FY2025-2026 YTD (same number of trading days)
A1580: Trading days elapsed in FY2026-2027 (per NSE daily) | B1580: =COUNTIF('Daily NSE Equity Options'!$A:$A,">="&DATE(2026,4,1))
A1581: Matched FY2025-2026 window | B1581: =DATE(2025,4,1) | C1581: =INDEX('Daily NSE Equity Options'!$A:$A,COUNTIF('Daily NSE Equity Options'!$A:$A,"<"&DATE(2025,4,1))+1+$B1580)
E1582: NSE Premium Turnover (INR Bn) | F1582: BSE Premium Turnover (INR Bn) | G1582: Total Premium Turnover (INR Bn) | H1582: NSE Premium Market Share | I1582: BSE Premium Market Share | P1582: NSE Notional Turnover (INR Bn) | Q1582: BSE Notional Turnover (INR Bn) | R1582: Total Notional Turnover (INR Bn) | S1582: NSE Notional Market Share | T1582: BSE Notional Market Share | U1582: NSE No. of Contracts | V1582: BSE No. of Contracts | W1582: Total No. of Contracts | X1582: NSE Contracts Market Share | Y1582: BSE Contracts Market Share
A1583: FY2025-2026 YTD (first N trading days) | E1583: =SUMIFS('Daily NSE Equity Options'!$K:$K,'Daily NSE Equity Options'!$A:$A,">="&$B$1581,'Daily NSE Equity Options'!$A:$A,"<="&$C$1581) | F1583: =SUMIFS('Daily BSE Equity Options'!$K:$K,'Daily BSE Equity Options'!$A:$A,">="&$B$1581,'Daily BSE Equity Options'!$A:$A,"<="&$C$1581) | G1583: =E1583+F1583 | H1583: =IF(G1583=0,"",E1583/G1583) | I1583: =IF(G1583=0,"",F1583/G1583) | P1583: =SUMIFS('Daily NSE Equity Options'!$L:$L,'Daily NSE Equity Options'!$A:$A,">="&$B$1581,'Daily NSE Equity Options'!$A:$A,"<="&$C$1581) | Q1583: =SUMIFS('Daily BSE Equity Options'!$L:$L,'Daily BSE Equity Options'!$A:$A,">="&$B$1581,'Daily BSE Equity Options'!$A:$A,"<="&$C$1581) | R1583: =P1583+Q1583 | S1583: =IF(R1583=0,"",P1583/R1583) | T1583: =IF(R1583=0,"",Q1583/R1583) | U1583: =SUMIFS('Daily NSE Equity Options'!$M:$M,'Daily NSE Equity Options'!$A:$A,">="&$B$1581,'Daily NSE Equity Options'!$A:$A,"<="&$C$1581) | V1583: =SUMIFS('Daily BSE Equity Options'!$M:$M,'Daily BSE Equity Options'!$A:$A,">="&$B$1581,'Daily BSE Equity Options'!$A:$A,"<="&$C$1581) | W1583: =U1583+V1583 | X1583: =IF(W1583=0,"",U1583/W1583) | Y1583: =IF(W1583=0,"",V1583/W1583)
A1584: FY2026-2027 YTD | E1584: =SUMIFS('Daily NSE Equity Options'!$K:$K,'Daily NSE Equity Options'!$A:$A,">="&DATE(2026,4,1)) | F1584: =SUMIFS('Daily BSE Equity Options'!$K:$K,'Daily BSE Equity Options'!$A:$A,">="&DATE(2026,4,1)) | G1584: =E1584+F1584 | H1584: =IF(G1584=0,"",E1584/G1584) | I1584: =IF(G1584=0,"",F1584/G1584) | P1584: =SUMIFS('Daily NSE Equity Options'!$L:$L,'Daily NSE Equity Options'!$A:$A,">="&DATE(2026,4,1)) | Q1584: =SUMIFS('Daily BSE Equity Options'!$L:$L,'Daily BSE Equity Options'!$A:$A,">="&DATE(2026,4,1)) | R1584: =P1584+Q1584 | S1584: =IF(R1584=0,"",P1584/R1584) | T1584: =IF(R1584=0,"",Q1584/R1584) | U1584: =SUMIFS('Daily NSE Equity Options'!$M:$M,'Daily NSE Equity Options'!$A:$A,">="&DATE(2026,4,1)) | V1584: =SUMIFS('Daily BSE Equity Options'!$M:$M,'Daily BSE Equity Options'!$A:$A,">="&DATE(2026,4,1)) | W1584: =U1584+V1584 | X1584: =IF(W1584=0,"",U1584/W1584) | Y1584: =IF(W1584=0,"",V1584/W1584)
A1585: YTD Growth (FY2026-2027 vs FY2025-2026) | E1585: =IF(OR(E1583=0,E1583=""),"",E1584/E1583-1) | F1585: =IF(OR(F1583=0,F1583=""),"",F1584/F1583-1) | G1585: =IF(OR(G1583=0,G1583=""),"",G1584/G1583-1) | P1585: =IF(OR(P1583=0,P1583=""),"",P1584/P1583-1) | Q1585: =IF(OR(Q1583=0,Q1583=""),"",Q1584/Q1583-1) | R1585: =IF(OR(R1583=0,R1583=""),"",R1584/R1583-1) | U1585: =IF(OR(U1583=0,U1583=""),"",U1584/U1583-1) | V1585: =IF(OR(V1583=0,V1583=""),"",V1584/V1583-1) | W1585: =IF(OR(W1583=0,W1583=""),"",W1584/W1583-1)

Sheet Year NSE Equity Options
A1: Fiscal Year | B1: Index Options Premium Turnover (INR Bn) | C1: Index Options Notional Turnover (INR Bn) | D1: Index Options No. of Contracts | E1: Stock/Equity Options Premium Turnover (INR Bn) | F1: Stock/Equity Options Notional Turnover (INR Bn) | G1: Stock/Equity Options No. of Contracts | H1: Total Options Premium Turnover (INR Bn) | I1: Total Options Notional Turnover (INR Bn) | J1: Total Options No. of Contracts | K1: No. of Trading Days
A2: 2015-2016 | B2: 3530.9835 | C2: 489519.31 | D2: 1623528486 | E2: 613.9366 | F2: 34881.738 | G2: 100299174 | H2: 4144.9201 | I2: 524401.04 | J2: 1723827660 | K2: 247
A3: 2016-2017 | B3: 3500.2153 | C3: 727972.88 | D3: 1067244916 | E3: 955.7009 | F3: 61074.859 | G3: 92106012 | H3: 4455.9162 | I3: 789047.74 | J3: 1159350928 | K3: 248
A4: 2017-2018 | B4: 4606.5371 | C4: 1349218.8 | D4: 1515034222 | E4: 1482.175 | F4: 96550.086 | G4: 126411376 | H4: 6088.7121 | I4: 1445768.9 | J4: 1641445598 | K4: 246
A5: 2018-2019 | B5: 6540.9995 | C5: 2033024 | D5: 2652457487 | E5: 2000.1031 | F5: 125823.75 | G5: 186986542 | H5: 8541.1026 | I5: 2158847.8 | J5: 2839444029 | K5: 248
A6: 2019-2020 | B6: 10765.084 | C6: 3106919.7 | D6: 4576370297 | E6: 2283.5315 | F6: 122888.81 | G6: 197835132 | H6: 13048.616 | I6: 3229808.5 | J6: 4774205429 | K6: 247
A7: 2020-2021 | B7: 26294.261 | C7: 5900990.6 | D7: 7824035680 | E7: 5793.5162 | F7: 263730.34 | G7: 330394648 | H7: 32087.777 | I7: 6164721 | J7: 8154430328 | K7: 249
A8: 2021-2022 | B8: 58423.298 | C8: 16094972 | D8: 17623355691 | E8: 10388.303 | F8: 562676.21 | G8: 677512461 | H8: 68811.601 | I8: 16657648 | J8: 18300868152 | K8: 248
A9: 2022-2023 | B9: 109555.56 | C9: 37345257 | D9: 40541932269 | E9: 9327.0058 | F9: 592077.45 | G9: 834973590 | H9: 118882.56 | I9: 37937335 | J9: 41376905859 | K9: 249
A10: 2023-2024 | B10: 138195.64 | C10: 78676913 | D10: 93652071252 | E10: 13780.308 | F10: 921117.91 | G10: 1137647324 | H10: 151975.94 | I10: 79598031 | J10: 94789718576
A11: 2024-2025 | B11: 135745.24 | C11: 76585550 | D11: 100909131355 | E11: 19751.927 | F11: 1311173.3 | G11: 1748183790 | H11: 155497.16 | I11: 77896723 | J11: 102657315145
A12: 2025-2026 | B12: 124653.62 | C12: 62573958 | D12: 34686857259 | E12: 17770.909 | F12: 1222361.9 | G12: 1753963791 | H12: 142424.53 | I12: 63796320 | J12: 36440821050 | K12: 247
A13: 2026-2027 | B13: 45551.739 | C13: 20412854 | D13: 13055151290 | E13: 7032.0229 | F13: 437076.97 | G13: 638059793 | H13: 52583.762 | I13: 20849931 | J13: 13693211083 | K13: 88

Sheet Monthly NSE Equity Options
A1: Month | B1: Fiscal Year | C1: Qrtr - Year | D1: Index Options Premium Turnover (INR Bn) | E1: Index Options Notional Turnover (INR Bn) | F1: Index Options No. of Contracts | G1: Stock/Equity Options Premium Turnover (INR Bn) | H1: Stock/Equity Options Notional Turnover (INR Bn) | I1: Stock/Equity Options No. of Contracts | J1: Total Options Premium Turnover (INR Bn) | K1: Total Options Notional Turnover (INR Bn) | L1: Total Options No. of Contracts | M1: No. of Trading Days
A2: 39904 | B2: 2009-2010 | C2: Q1FY10 | E2: 4537.8816 | F2: 26881970 | H2: 314.2709 | I2: 807323 | K2: 4852.1525 | L2: 27689293 | M2: 17
A3: 39934 | B3: 2009-2010 | C3: Q1FY10 | E3: 4305.1468 | F3: 21495541 | H3: 311.6787 | I3: 644280 | K3: 4616.8255 | L3: 22139821 | M3: 20
A4: 39965 | B4: 2009-2010 | C4: Q1FY10 | E4: 5456.4326 | F4: 24189642 | H4: 497.4553 | I4: 882947 | K4: 5953.8879 | L4: 25072589 | M4: 22
A5: 39995 | B5: 2009-2010 | C5: Q2FY10 | E5: 7012.4724 | F5: 31786743 | H5: 387.0649 | I5: 1268003 | K5: 7399.5373 | L5: 33054746 | M5: 23
A6: 40026 | B6: 2009-2010 | C6: Q2FY10 | E6: 6587.569 | F6: 28535857 | H6: 362.1436 | I6: 1129195 | K6: 6949.7126 | L6: 29665052 | M6: 21
A7: 40057 | B7: 2009-2010 | C7: Q2FY10 | E7: 6090.7559 | F7: 25074041 | H7: 427.5822 | I7: 1237428 | K7: 6518.3381 | L7: 26311469 | M7: 20
A8: 40087 | B8: 2009-2010 | C8: Q3FY10 | E8: 6695.9103 | F8: 26671252 | H8: 453.8733 | I8: 1378569 | K8: 7149.7836 | L8: 28049821 | M8: 20
A9: 40118 | B9: 2009-2010 | C9: Q3FY10 | E9: 8164.0781 | F9: 32965274 | H9: 436.6554 | I9: 1360703 | K9: 8600.7335 | L9: 34325977 | M9: 20
A10: 40148 | B10: 2009-2010 | C10: Q3FY10 | E10: 7566.7708 | F10: 29525940 | H10: 428.5533 | I10: 1252898 | K10: 7995.3241 | L10: 30778838 | M10: 21
A11: 40179 | B11: 2009-2010 | C11: Q4FY10 | E11: 6958.6003 | F11: 27084605 | H11: 514.5382 | I11: 1414178 | K11: 7473.1385 | L11: 28498783 | M11: 19
A12: 40210 | B12: 2009-2010 | C12: Q4FY10 | E12: 8472.3575 | F12: 34588704 | H12: 412.8534 | I12: 1223627 | K12: 8885.2109 | L12: 35812331 | M12: 20
A13: 40238 | B13: 2009-2010 | C13: Q4FY10 | E13: 8431.6667 | F13: 32579954 | H13: 513.9826 | I13: 1417119 | K13: 8945.6493 | L13: 33997073 | M13: 21
... A73: 42064 | B73: 2014-2015 | C73: Q4FY15 | E73: 42886.843 | F73: 181027346 | H73: 2649.1492 | I73: 8109868 | K73: 45535.992 | L73: 189137214 | M73: 21
A74: 42095 | B74: 2015-2016 | C74: Q1FY16 | D74: 278.7429 | E74: 43539.558 | F74: 191781877 | G74: 46.7459 | H74: 2839.3259 | I74: 8656463 | J74: 325.4888 | K74: 46378.884 | L74: 200438340 | M74: 19
A75: 42125 | B75: 2015-2016 | C75: Q1FY16 | D75: 282.7715 | E75: 39525.229 | F75: 177590810 | G75: 44.0758 | H75: 2430.4759 | I75: 8971826 | J75: 326.8473 | K75: 41955.705 | L75: 186562636 | M75: 20
A76: 42156 | B76: 2015-2016 | C76: Q1FY16 | D76: 289.077 | E76: 42419.731 | F76: 190507944 | G76: 40.4869 | H76: 2403.8737 | I76: 9244178 | J76: 329.5639 | K76: 44823.605 | L76: 199752122 | M76: 22
A77: 42186 | B77: 2015-2016 | C77: Q2FY16 | D77: 267.674 | E77: 42704.053 | F77: 186578685 | G77: 53.1168 | H77: 3235.507 | I77: 11278298 | J77: 320.7908 | K77: 45939.56 | L77: 197856983 | M77: 23
A78: 42217 | B78: 2015-2016 | C78: Q2FY16 | D78: 328.0856 | E78: 43909.636 | F78: 196602536 | G78: 63.1849 | H78: 3376.6353 | I78: 11837426 | J78: 391.2705 | K78: 47286.271 | L78: 208439962 | M78: 21
A79: 42248 | B79: 2015-2016 | C79: Q2FY16 | D79: 346.2566 | E79: 37838.016 | F79: 174202738 | G79: 48.2292 | H79: 2198.7443 | I79: 8430228 | J79: 394.4858 | K79: 40036.761 | L79: 182632966 | M79: 20
A80: 42278 | B80: 2015-2016 | C80: Q3FY16 | D80: 222.8693 | E80: 31804.583 | F80: 133304452 | G80: 48.7869 | H80: 2859.1785 | I80: 9985259 | J80: 271.6562 | K80: 34663.762 | L80: 143289711 | M80: 20
A81: 42309 | B81: 2015-2016 | C81: Q3FY16 | D81: 213.9361 | E81: 31973.578 | F81: 54497693 | G81: 40.5886 | H81: 2626.2513 | I81: 5056362 | J81: 254.5247 | K81: 34599.829 | L81: 59554055 | M81: 19
A82: 42339 | B82: 2015-2016 | C82: Q3FY16 | D82: 228.6467 | E82: 34197.338 | F82: 58859095 | G82: 42.6985 | H82: 2805.5974 | I82: 5371176 | J82: 271.3452 | K82: 37002.935 | L82: 64230271 | M82: 22
A83: 42370 | B83: 2015-2016 | C83: Q4FY16 | D83: 326.8114 | E83: 43911.733 | F83: 78948191 | G83: 62.5246 | H83: 3598.0982 | I83: 7127920 | J83: 389.336 | K83: 47509.831 | L83: 86076111 | M83: 20
A84: 42401 | B84: 2015-2016 | C84: Q4FY16 | D84: 410.2156 | E84: 51262.799 | F84: 96800669 | G84: 67.4432 | H84: 3396.2048 | I84: 7743912 | J84: 477.6588 | K84: 54659.003 | L84: 104544581 | M84: 21
A85: 42430 | B85: 2015-2016 | C85: Q4FY16 | D85: 335.8968 | E85: 46433.052 | F85: 83853796 | G85: 56.0553 | H85: 3111.8452 | I85: 6596126 | J85: 391.9521 | K85: 49544.897 | L85: 90449922 | M85: 20
... A176: 45200 | B176: 2023-2024 | C176: Q3FY24 | D176: 9799.4868 | E176: 6288193.6 | F176: 8168193610 | G176: 841.1123 | H176: 65191.564 | I176: 79466614 | J176: 10640.599 | K176: 6353385.2 | L176: 8247660224 | M176: 20
A177: 45231 | B177: 2023-2024 | C177: Q3FY24 | D177: 8855.4314 | E177: 6452340.5 | F177: 8360673599 | G177: 926.5828 | H177: 69677.434 | I177: 92677464 | J177: 9782.0142 | K177: 6522018 | L177: 8453351063
A178: 45261 | B178: 2023-2024 | C178: Q3FY24 | D178: 12365.262 | E178: 7444299.1 | F178: 8944303395 | G178: 1803.1517 | H178: 101759.54 | I178: 125570810 | J178: 14168.413 | K178: 7546058.6 | L178: 9069874205 | M178: 20
A179: 45292 | B179: 2023-2024 | C179: Q4FY24 | D179: 15003.76 | E179: 8719595.7 | F179: 10573692528 | G179: 1775.0349 | H179: 102182.02 | I179: 121036631 | J179: 16778.795 | K179: 8821777.7 | L179: 10694729159 | M179: 22
A180: 45323 | B180: 2023-2024 | C180: Q4FY24 | D180: 15054.993 | E180: 8452113.5 | F180: 10060312505 | G180: 1721.6086 | H180: 104347.51 | I180: 116878136 | J180: 16776.601 | K180: 8556461 | L180: 10177190641 | M180: 21
A181: 45352 | B181: 2023-2024 | C181: Q4FY24 | D181: 11276.793 | E181: 7097935.4 | F181: 8371297488 | G181: 1266.6867 | H181: 86724.541 | I181: 96360188 | J181: 12543.48 | K181: 7184659.9 | L181: 8467657676 | M181: 19
A182: 45383 | B182: 2024-2025 | C182: Q1FY25 | D182: 10846.022 | E182: 7072373.6 | F182: 8337735024 | G182: 1559.4271 | H182: 99213.447 | I182: 111334639 | J182: 12405.45 | K182: 7171587.1 | L182: 8449069663 | M182: 20
A183: 45413 | B183: 2024-2025 | C183: Q1FY25 | D183: 12847.88 | E183: 7153565.1 | F183: 10646495090 | G183: 1866.1332 | H183: 110346.94 | I183: 134453588 | J183: 14714.013 | K183: 7263912 | L183: 10780948678 | M183: 22
A184: 45444 | B184: 2024-2025 | C184: Q1FY25 | D184: 14863.078 | E184: 7226150.3 | F184: 10133779313 | G184: 1913.6989 | H184: 111768.01 | I184: 134843181 | J184: 16776.777 | K184: 7337918.3 | L184: 10268622494
A185: 45474 | B185: 2024-2025 | C185: Q2FY25 | D185: 13121.965 | E185: 8214873 | F185: 11240001254 | G185: 1978.7695 | H185: 119275.31 | I185: 148229445 | J185: 15100.734 | K185: 8334148.4 | L185: 11388230699 | M185: 22
A186: 45505 | B186: 2024-2025 | C186: Q2FY25 | D186: 12186.781 | E186: 7768088.5 | F186: 11786111607 | G186: 1619.9825 | H186: 116393.62 | I186: 141097612 | J186: 13806.764 | K186: 7884482.1 | L186: 11927209219 | M186: 21
A187: 45536 | B187: 2024-2025 | C187: Q2FY25 | D187: 11366.725 | E187: 8097482.3 | F187: 11833360241 | G187: 1743.9333 | H187: 128839.57 | I187: 152068419 | J187: 13110.659 | K187: 8226321.8 | L187: 11985428660 | M187: 21
A188: 45566 | B188: 2024-2025 | C188: Q3FY25 | D188: 13674.333 | E188: 8601587.7 | F188: 12737058672 | G188: 1719.9141 | H188: 124688.54 | I188: 153087130 | J188: 15394.247 | K188: 8726276.3 | L188: 12890145802 | M188: 22
A189: 45597 | B189: 2024-2025 | C189: Q3FY25 | D189: 10315.016 | E189: 6244851.6 | F189: 9595744290 | G189: 1274.9672 | H189: 90525.984 | I189: 133628642 | J189: 11589.984 | K189: 6335377.6 | L189: 9729372932 | M189: 19
A190: 45627 | B190: 2024-2025 | C190: Q3FY25 | D190: 9601.1579 | E190: 4257543.1 | F190: 6443335785 | G190: 1417.5015 | H190: 104247.07 | I190: 152078002 | J190: 11018.659 | K190: 4361790.2 | L190: 6595413787 | M190: 21
A191: 45658 | B191: 2024-2025 | C191: Q4FY25 | D191: 10385.33 | E191: 4253744.8 | F191: 3609053742 | G191: 1919.4947 | H191: 124170.66 | I191: 192268414 | J191: 12304.825 | K191: 4377915.4 | L191: 3801322156 | M191: 23
A192: 45689 | B192: 2024-2025 | C192: Q4FY25 | D192: 8095.8266 | E192: 3561561.4 | F192: 2094518722 | G192: 1484.7154 | H192: 95992.227 | I192: 154440343 | J192: 9580.542 | K192: 3657553.6 | L192: 2248959065 | M192: 20
A193: 45717 | B193: 2024-2025 | C193: Q4FY25 | D193: 8441.1203 | E193: 4133728.1 | F193: 2451937615 | G193: 1253.3891 | H193: 85711.895 | I193: 140654375 | J193: 9694.5094 | K193: 4219440 | L193: 2592591990 | M193: 19
A194: 45748 | B194: 2025-2026 | C194: Q1FY26 | D194: 9519.6948 | E194: 4239222 | F194: 2426293562 | G194: 1529.2522 | H194: 89542.149 | I194: 142078947 | J194: 11048.947 | K194: 4328764.1 | L194: 2568372509 | M194: 19
A195: 45778 | B195: 2025-2026 | C195: Q1FY26 | D195: 10859.114 | E195: 4503252.5 | F195: 2456738838 | G195: 1654.8086 | H195: 102936.41 | I195: 155461046 | J195: 12513.923 | K195: 4606188.9 | L195: 2612199884 | M195: 21
A196: 45809 | B196: 2025-2026 | C196: Q1FY26 | D196: 8801.3673 | E196: 4434631.9 | F196: 2382867572 | G196: 1499.0642 | H196: 104575.35 | I196: 151228624 | J196: 10300.432 | K196: 4539207.3 | L196: 2534096196 | M196: 21
... A210: 46235 | B210: 2026-2027 | C210: Q2FY27 | D210: 1986.6946 | E210: 975748.98 | F210: 609786788 | G210: 437.4035 | H210: 23654.344 | I210: 32021597 | J210: 2424.0981 | K210: 999403.32 | L210: 641808385 | M210: 5

Sheet Daily NSE Equity Options
A1: Trade Date | B1: Trade Day | C1: Trade Month - Year | D1: Qrtr - Year | E1: Index Options Premium Turnover (INR Bn) | F1: Index Options Notional Turnover (INR Bn) | G1: Index Options No. of Contracts | H1: Stock/Equity Options Premium Turnover (INR Bn) | I1: Stock/Equity Options Notional Turnover (INR Bn) | J1: Stock/Equity Options No. of Contracts | K1: Total Options Premium Turnover (INR Bn) | L1: Total Options Notional Turnover (INR Bn) | M1: Total Options No. of Contracts | N1: India VIX Open | O1: India VIX High | P1: India VIX Low | Q1: India VIX Close | R1: India VIX Chg %
A2: 43922 | B2: Wednesday | C2: 43922 | D2: Q1FY21 | E2: 58.7353 | F2: 11732.103 | G2: 25232111 | H2: 7.2536 | I2: 125.0539 | J2: 259691 | K2: 65.9889 | L2: 11857.156 | M2: 25491802 | N2: 64.4075 | O2: 64.4075 | P2: 59.78 | Q2: 60.0525 | R2: -0.0676
A3: 43924 | B3: Friday | C3: 43922 | D3: Q1FY21 | E3: 53.3014 | F3: 3710.7606 | G3: 7488125 | H3: 8.2925 | I3: 165.8353 | J3: 348284 | K3: 61.5939 | L3: 3876.5959 | M3: 7836409 | N3: 60.0525 | O3: 60.59 | P3: 54.9 | Q3: 55.3025 | R3: -0.0791
A4: 43928 | B4: Tuesday | C4: 43922 | D4: Q1FY21 | E4: 77.2654 | F4: 6646.2195 | G4: 13216110 | H4: 11.2346 | I4: 240.6376 | J4: 484147 | K4: 88.5 | L4: 6886.8571 | M4: 13700257 | N4: 55.3025 | O4: 55.3025 | P4: 49.9425 | Q4: 51.8 | R4: -0.0633
A5: 43929 | B5: Wednesday | C5: 43922 | D5: Q1FY21 | E5: 99.4772 | F5: 10430.388 | G5: 20115506 | H5: 12.2758 | I5: 254.5269 | J5: 510854 | K5: 111.753 | L5: 10684.915 | M5: 20626360 | N5: 51.8 | O5: 53.7325 | P5: 46.975 | Q5: 52.2425 | R5: 0.0085
A6: 43930 | B6: Thursday | C6: 43922 | D6: Q1FY21 | E6: 76.3611 | F6: 16866.774 | G6: 34344572 | H6: 11.2835 | I6: 242.3541 | J6: 464598 | K6: 87.6446 | L6: 17109.128 | M6: 34809170 | N6: 52.2425 | O6: 52.2425 | P6: 46.9025 | Q6: 49.745 | R6: -0.0478
A7: 43934 | B7: Monday | C7: 43922 | D7: Q1FY21 | E7: 59.021 | F7: 5348.3542 | G7: 10009111 | H7: 11.4836 | I7: 259.3824 | J7: 496147 | K7: 70.5046 | L7: 5607.7366 | M7: 10505258 | N7: 49.745 | O7: 52.4925 | P7: 43.635 | Q7: 51.4575 | R7: 0.0344
A8: 43936 | B8: Wednesday | C8: 43922 | D8: Q1FY21 | E8: 78.1636 | F8: 9866.2898 | G8: 19043116 | H8: 13.8563 | I8: 336.5829 | J8: 643262 | K8: 92.0199 | L8: 10202.873 | M8: 19686378 | N8: 51.4575 | O8: 51.4575 | P8: 44.6475 | Q8: 49.735 | R8: -0.0335
A9: 43937 | B9: Thursday | C9: 43922 | D9: Q1FY21 | E9: 69.2867 | F9: 18525.732 | G9: 38969922 | H9: 10.2702 | I9: 266.113 | J9: 518571 | K9: 79.5569 | L9: 18791.845 | M9: 39488493 | N9: 49.735 | O9: 49.735 | P9: 42.255 | Q9: 46.095 | R9: -0.0732
A10: 43938 | B10: Friday | C10: 43922 | D10: Q1FY21 | E10: 74.5619 | F10: 6145.1931 | G10: 11488259 | H10: 13.3533 | I10: 380.5139 | J10: 755220 | K10: 87.9152 | L10: 6525.707 | M10: 12243479 | N10: 46.095 | O10: 46.095 | P10: 40.305 | Q10: 42.5925 | R10: -0.076
A11: 43941 | B11: Monday | C11: 43922 | D11: Q1FY21 | E11: 62.5624 | F11: 6309.6839 | G11: 11896082 | H11: 11.5585 | I11: 361.5141 | J11: 692010 | K11: 74.1209 | L11: 6671.198 | M11: 12588092 | N11: 42.5925 | O11: 44.0375 | P11: 40.295 | Q11: 43.455 | R11: 0.0203
A12: 43942 | B12: Tuesday | C12: 43922 | D12: Q1FY21 | E12: 62.0914 | F12: 6586.6284 | G12: 12840935 | H12: 13.2059 | I12: 428.467 | J12: 802516 | K12: 75.2973 | L12: 7015.0954 | M12: 13643451 | N12: 43.455 | O12: 45.9625 | P12: 36.215 | Q12: 45.1975 | R12: 0.0401
A13: 43943 | B13: Wednesday | C13: 43922 | D13: Q1FY21 | E13: 71.033 | F13: 9657.6803 | G13: 19060607 | H13: 15.4035 | I13: 530.7338 | J13: 943474 | K13: 86.4365 | L13: 10188.414 | M13: 20004081 | N13: 45.1975 | O13: 45.425 | P13: 40.465 | Q13: 42.8225 | R13: -0.0525
... A218: 44238 | B218: Thursday | C218: 44228 | D218: Q4FY21 | E218: 132.565 | F218: 66429.142 | G218: 68840489 | H218: 33.1339 | I218: 1427.2654 | J218: 1659202 | K218: 165.6989 | L218: 67856.407 | M218: 70499691 | N218: 23.9525 | O218: 24.2225 | P218: 21.0175 | Q218: 23.045 | R218: -0.0379
A219: 44239 | B219: Friday | C219: 44228 | D219: Q4FY21 | E219: 117.0602 | F219: 17556.854 | G219: 17716746 | H219: 41.2223 | I219: 1901.2567 | J219: 2065825 | K219: 158.2825 | L219: 19458.11 | M219: 19782571 | N219: 0 | O219: 0 | P219: 0 | Q219: 23.045
A220: 44242 | B220: Monday | C220: 44228 | D220: Q4FY21 | E220: 120.852 | F220: 21278.462 | G220: 21477938 | H220: 38.0139 | I220: 1824.9263 | J220: 1823647 | K220: 158.8659 | L220: 23103.388 | M220: 23301585 | N220: 22.0425 | O220: 22.39 | P220: 20.8225 | Q220: 21.475 | R220: -0.0257
A221: 44243 | B221: Tuesday | C221: 44228 | D221: Q4FY21 | E221: 175.5485 | F221: 33343.933 | G221: 33172822 | H221: 38.2127 | I221: 2008.7165 | J221: 2074776 | K221: 213.7612 | L221: 35352.65 | M221: 35247598 | N221: 21.475 | O221: 22.115 | P221: 20.535 | Q221: 21.78 | R221: 0.0142
A222: 44244 | B222: Wednesday | C222: 44228 | D222: Q4FY21 | E222: 151.2239 | F222: 40220.228 | G222: 39980339 | H222: 32.6079 | I222: 1756.9396 | J222: 1856241 | K222: 183.8318 | L222: 41977.167 | M222: 41836580 | N222: 21.78 | O222: 21.88 | P222: 21.0975 | Q222: 21.505 | R222: -0.0126
A223: 44245 | B223: Thursday | C223: 44228 | D223: Q4FY21 | E223: 148.0513 | F223: 76983.663 | G223: 78304731 | H223: 34.6338 | I223: 1943.1104 | J223: 2064075 | K223: 182.6851 | L223: 78926.773 | M223: 80368806 | N223: 21.505 | O223: 22.085 | P223: 19.9625 | Q223: 21.5425 | R223: 0.0017
A224: 44246 | B224: Friday | C224: 44228 | D224: Q4FY21 | E224: 157.9467 | F224: 23460.616 | G224: 23584565 | H224: 36.7738 | I224: 2451.6718 | J224: 2571103 | K224: 194.7205 | L224: 25912.288 | M224: 26155668 | N224: 21.5425 | O224: 22.8675 | P224: 19.345 | Q224: 22.25 | R224: 0.0328
A225: 44249 | B225: Monday | C225: 44228 | D225: Q4FY21 | E225: 182.0172 | F225: 29756.152 | G225: 30145546 | H225: 27.1746 | I225: 2188.3429 | J225: 2358961 | K225: 209.1918 | L225: 31944.495 | M225: 32504507 | N225: 22.25 | O225: 25.82 | P225: 20.0225 | Q225: 25.47 | R225: 0.1447
A226: 44250 | B226: Tuesday | C226: 44228 | D226: Q4FY21 | E226: 181.9465 | F226: 36057.644 | G226: 36911502 | H226: 28.1716 | I226: 2200.5665 | J226: 2299612 | K226: 210.1181 | L226: 38258.21 | M226: 39211114 | N226: 25.47 | O226: 25.6425 | P226: 23.8575 | Q226: 25.2275 | R226: -0.0095
A227: 44251 | B227: Wednesday | C227: 44228 | D227: Q4FY21 | E227: 118.2953 | F227: 28158.946 | G227: 28890895 | H227: 15.787 | I227: 1042.3328 | J227: 1098797 | K227: 134.0823 | L227: 29201.279 | M227: 29989692 | N227: 25.2275 | O227: 25.2275 | P227: 23.4825 | Q227: 24.1675 | R227: -0.042
A228: 44252 | B228: Thursday | C228: 44228 | D228: Q4FY21 | E228: 193.1669 | F228: 82193.653 | G228: 83480179 | H228: 37.8255 | I228: 1646.009 | J228: 1813021 | K228: 230.9924 | L228: 83839.662 | M228: 85293200 | N228: 24.1675 | O228: 24.1675 | P228: 22.6275 | Q228: 22.8925 | R228: -0.0528
A229: 44253 | B229: Friday | C229: 44228 | D229: Q4FY21 | E229: 251.1398 | F229: 27265.566 | G229: 27417497 | H229: 43.4613 | I229: 1464.048 | J229: 1579646 | K229: 294.6011 | L229: 28729.614 | M229: 28997143 | N229: 22.8925 | O229: 29.645 | P229: 22.8925 | Q229: 28.1425 | R229: 0.2293
A230: 44256 | B230: Monday | C230: 44256 | D230: Q4FY21 | E230: 168.4435 | F230: 24486.159 | G230: 24914040 | H230: 32.3402 | I230: 1105.4823 | J230: 1154115 | K230: 200.7837 | L230: 25591.642 | M230: 26068155 | N230: 28.1425 | O230: 28.1425 | P230: 24.95 | Q230: 25.625 | R230: -0.0895
A231: 44257 | B231: Tuesday | C231: 44256 | D231: Q4FY21 | E231: 183.6001 | F231: 33254.814 | G231: 34023858 | H231: 36.2518 | I231: 1226.7145 | J231: 1264112 | K231: 219.8519 | L231: 34481.529 | M231: 35287970 | N231: 25.625 | O231: 25.625 | P231: 23.21 | Q231: 23.605 | R231: -0.0788
... A248: 44281 | B248: Friday | C248: 44256 | D248: Q4FY21 | E248: 159.7776 | F248: 19548.891 | G248: 20392765 | H248: 25.5497 | I248: 988.611 | J248: 1047840 | K248: 185.3273 | L248: 20537.502 | M248: 21440605 | N248: 22.6975 | O248: 22.9175 | P248: 18.225 | Q248: 20.65 | R248: -0.0902
A249: 44285 | B249: Tuesday | C249: 44256 | D249: Q4FY21 | E249: 157.7841 | F249: 26152.785 | G249: 26930036 | H249: 22.0412 | I249: 868.1469 | J249: 935864 | K249: 179.8253 | L249: 27020.932 | M249: 27865900 | N249: 0 | O249: 0 | P249: 0 | Q249: 20.65
A250: 44286 | B250: Wednesday | C250: 44256 | D250: Q4FY21 | E250: 154.2982 | F250: 33635.746 | G250: 35184527 | H250: 22.311 | I250: 874.6756 | J250: 934299 | K250: 176.6092 | L250: 34510.421 | M250: 36118826 | N250: 20.485 | O250: 20.83 | P250: 19.995 | Q250: 20.645 | R250: 0.0078
A251: 44287 | B251: Thursday | C251: 44287 | D251: Q1FY22 | E251: 161.6992 | F251: 71401.995 | G251: 76645897 | H251: 26.4294 | I251: 1031.0089 | J251: 1023153 | K251: 188.1286 | L251: 72433.004 | M251: 77669050 | N251: 20.645 | O251: 20.675 | P251: 19.73 | Q251: 19.9875 | R251: -0.0318
A252: 44291 | B252: Monday | C252: 44287 | D252: Q1FY22 | E252: 196.6193 | F252: 27163.117 | G252: 28218437 | H252: 32.6615 | I252: 1374.3587 | J252: 1421180 | K252: 229.2808 | L252: 28537.475 | M252: 29639617 | N252: 19.9875 | O252: 23.305 | P252: 19.9875 | Q252: 21.215 | R252: 0.0614
A253: 44292 | B253: Tuesday | C253: 44287 | D253: Q1FY22 | E253: 188.0833 | F253: 32563.563 | G253: 34266325 | H253: 35.0119 | I253: 1336.3234 | J253: 1262384 | K253: 223.0952 | L253: 33899.886 | M253: 35528709 | N253: 21.215 | O253: 22.24 | P253: 19.805 | Q253: 20.84 | R253: -0.0177
A254: 44293 | B254: Wednesday | C254: 44287 | D254: Q1FY22 | E254: 182.7036 | F254: 41401.594 | G254: 44165323 | H254: 36.0886 | I254: 1432.2434 | J254: 1370975 | K254: 218.7922 | L254: 42833.837 | M254: 45536298 | N254: 20.84 | O254: 21.2975 | P254: 19.43 | Q254: 20.2475 | R254: -0.0284
A255: 44294 | B255: Thursday | C255: 44287 | D255: Q1FY22 | E255: 168.7281 | F255: 82480.465 | G255: 89376673 | H255: 39.426 | I255: 1561.0104 | J255: 1403244 | K255: 208.1541 | L255: 84041.475 | M255: 90779917 | N255: 20.2475 | O255: 20.585 | P255: 19.17 | Q255: 20.3125 | R255: 0.0032
A256: 44295 | B256: Friday | C256: 44287 | D256: Q1FY22 | E256: 142.3714 | F256: 19722.467 | G256: 20832601 | H256: 37.4306 | I256: 1649.9593 | J256: 1595237 | K256: 179.802 | L256: 21372.426 | M256: 22427838 | N256: 20.3125 | O256: 20.9675 | P256: 19.6825 | Q256: 19.785 | R256: -0.026
A257: 44298 | B257: Monday | C257: 44287 | D257: Q1FY22 | E257: 228.7157 | F257: 31778.138 | G257: 33875513 | H257: 48.3429 | I257: 2278.761 | J257: 2372674 | K257: 277.0586 | L257: 34056.899 | M257: 36248187 | N257: 19.785 | O257: 23.3025 | P257: 19.785 | Q257: 22.995 | R257: 0.1622
A258: 44299 | B258: Tuesday | C258: 44287 | D258: Q1FY22 | E258: 190.2236 | F258: 40031.228 | G258: 44154495 | H258: 35.1582 | I258: 1819.1227 | J258: 1846452 | K258: 225.3818 | L258: 41850.351 | M258: 46000947 | N258: 22.995 | O258: 22.995 | P258: 20.2975 | Q258: 20.46 | R258: -0.1102
A259: 44301 | B259: Thursday | C259: 44287 | D259: Q1FY22 | E259: 230.4334 | F259: 89780.999 | G259: 100934979 | H259: 30.8107 | I259: 1648.8371 | J259: 1718747 | K259: 261.2441 | L259: 91429.836 | M259: 102653726 | N259: 20.46 | O259: 21.545 | P259: 18.245 | Q259: 20.89 | R259: 0.021
A260: 44302 | B260: Friday | C260: 44287 | D260: Q1FY22 | E260: 136.6017 | F260: 18858.197 | G260: 20065380 | H260: 35.5488 | I260: 1917.8345 | J260: 1845114 | K260: 172.1505 | L260: 20776.032 | M260: 21910494 | N260: 20.89 | O260: 21.09 | P260: 19.4825 | Q260: 20.4025 | R260: -0.0233
A261: 44305 | B261: Monday | C261: 44287 | D261: Q1FY22 | E261: 199.1886 | F261: 27857.451 | G261: 30475109 | H261: 32.2526 | I261: 1911.9241 | J261: 2014369 | K261: 231.4412 | L261: 29769.375 | M261: 32489478 | N261: 20.4025 | O261: 23.1075 | P261: 19.8075 | Q261: 22.485 | R261: 0.1021
... A975: 45352 | B975: Friday | C975: 45352 | D975: Q4FY24 | E975: 522.715 | F975: 123281.41 | G975: 147169707 | H975: 77.1672 | I975: 3582.8091 | J975: 4029052 | K975: 599.8822 | L975: 126864.22 | M975: 151198759 | N975: 15.5725 | O975: 15.6425 | P975: 15 | Q975: 15.235 | R975: -0.0217
A976: 45353 | B976: Saturday | C976: 45352 | D976: Q4FY24 | E976: 79.4086 | F976: 27461.6 | G976: 32521120 | H976: 13.4279 | I976: 586.9037 | J976: 624812 | K976: 92.8365 | L976: 28048.504 | M976: 33145932
A977: 45355 | B977: Monday | C977: 45352 | D977: Q4FY24 | E977: 526.2372 | F977: 233737.08 | G977: 284332777 | H977: 79.4611 | I977: 3409.9281 | J977: 3579529 | K977: 605.6983 | L977: 237147.01 | M977: 287912306 | N977: 14.9925 | O977: 15.3025 | P977: 14.8225 | Q977: 14.9225 | R977: -0.0047
A978: 45356 | B978: Tuesday | C978: 45352 | D978: Q4FY24 | E978: 657.5628 | F978: 449076.31 | G978: 542228616 | H978: 90.0611 | I978: 4325.9016 | J978: 4435223 | K978: 747.6239 | L978: 453402.21 | M978: 546663839 | N978: 14.9225 | O978: 15.165 | P978: 14.1775 | Q978: 14.38 | R978: -0.0364
A979: 45357 | B979: Wednesday | C979: 45352 | D979: Q4FY24 | E979: 787.3769 | F979: 631436.93 | G979: 818534071 | H979: 90.0784 | I979: 4667.3378 | J979: 5196741 | K979: 877.4553 | L979: 636104.26 | M979: 823730812 | N979: 14.38 | O979: 14.71 | P979: 13.905 | Q979: 14.295 | R979: -0.0059
A980: 45358 | B980: Thursday | C980: 45352 | D980: Q4FY24 | E980: 464.0348 | F980: 365862.4 | G980: 348145101 | H980: 99.4565 | I980: 4807.9857 | J980: 5192669 | K980: 563.4913 | L980: 370670.39 | M980: 353337770 | N980: 14.295 | O980: 14.4325 | P980: 13.56 | Q980: 13.6125 | R980: -0.0477
A981: 45362 | B981: Monday | C981: 45352 | D981: Q4FY24 | E981: 517.4214 | F981: 231802.88 | G981: 277797479 | H981: 72.3482 | I981: 4091.7488 | J981: 4349986 | K981: 589.7696 | L981: 235894.63 | M981: 282147465 | N981: 13.6125 | O981: 14.5525 | P981: 13.6125 | Q981: 13.995 | R981: 0.0281
A982: 45363 | B982: Tuesday | C982: 45352 | D982: Q4FY24 | E982: 759.5673 | F982: 470086.9 | G982: 568861385 | H982: 69.7205 | I982: 4395.7093 | J982: 4843588 | K982: 829.2878 | L982: 474482.61 | M982: 573704973 | N982: 13.995 | O982: 14.195 | P982: 13.5775 | Q982: 13.6375 | R982: -0.0255
A983: 45364 | B983: Wednesday | C983: 45352 | D983: Q4FY24 | E983: 821.6244 | F983: 626978.85 | G983: 805563581 | H983: 89.2854 | I983: 5908.7096 | J983: 6512382 | K983: 910.9098 | L983: 632887.56 | M983: 812075963 | N983: 13.6375 | O983: 15.005 | P983: 13.5325 | Q983: 14.4325 | R983: 0.0583
A984: 45365 | B984: Thursday | C984: 45352 | D984: Q4FY24 | E984: 709.0494 | F984: 515523.71 | G984: 491238564 | H984: 69.765 | I984: 4523.0602 | J984: 4998845 | K984: 778.8144 | L984: 520046.77 | M984: 496237409 | N984: 14.4325 | O984: 14.6825 | P984: 13.5225 | Q984: 13.6225 | R984: -0.0561
A985: 45366 | B985: Friday | C985: 45352 | D985: Q4FY24 | E985: 555.9976 | F985: 142228.4 | G985: 169063767 | H985: 75.4103 | I985: 5327.2933 | J985: 5728062 | K985: 631.4079 | L985: 147555.69 | M985: 174791829 | N985: 13.6225 | O985: 14.3325 | P985: 13.59 | Q985: 13.69 | R985: 0.005
A986: 45369 | B986: Monday | C986: 45352 | D986: Q4FY24 | E986: 642.4672 | F986: 270162.07 | G986: 333843662 | H986: 55.9778 | I986: 4396.3828 | J986: 4922362 | K986: 698.445 | L986: 274558.46 | M986: 338766024 | N986: 13.69 | O986: 14.615 | P986: 13.69 | Q986: 13.895 | R986: 0.015
A987: 45370 | B987: Tuesday | C987: 45352 | D987: Q4FY24 | E987: 625.401 | F987: 402573.89 | G987: 488377742 | H987: 54.7831 | I987: 4877.8263 | J987: 5519612 | K987: 680.1841 | L987: 407451.71 | M987: 493897354 | N987: 13.895 | O987: 14.445 | P987: 13.875 | Q987: 14.1125 | R987: 0.0157
A988: 45371 | B988: Wednesday | C988: 45352 | D988: Q4FY24 | E988: 822.8447 | F988: 680376.63 | G988: 922313593 | H988: 57.719 | I988: 5530.1454 | J988: 6438985 | K988: 880.5637 | L988: 685906.78 | M988: 928752578 | N988: 14.1125 | O988: 14.2825 | P988: 13.085 | Q988: 13.4725 | R988: -0.0453
... A1577: 46241 | B1577: Friday | C1577: 46235 | D1577: Q2FY27 | E1577: 361.9504 | F1577: 113347.27 | G1577: 70480215 | H1577: 98.3302 | I1577: 5648.129 | J1577: 7503917 | K1577: 460.2806 | L1577: 118995.4 | M1577: 77984132 | N1577: 12.1575 | O1577: 12.5475 | P1577: 11.3 | Q1577: 12.16 | R1577: 0.0002

Sheet Year BSE Equity Options
A1: Fiscal Year | B1: Index Options Premium Turnover (INR Bn) | C1: Index Options Notional Turnover (INR Bn) | D1: Index Options No. of Contracts | E1: Stock/Equity Options Premium Turnover (INR Bn) | F1: Stock/Equity Options Notional Turnover (INR Bn) | G1: Stock/Equity Options No. of Contracts | H1: Total Options Premium Turnover (INR Bn) | I1: Total Options Notional Turnover (INR Bn) | J1: Total Options No. of Contracts | K1: No. of Trading Days
A2: 2003-2004 | C2: 0 | D2: 0 | F2: 2.5884 | G2: 6010 | I2: 2.5884 | J2: 6010 | K2: 254
A3: 2004-2005 | C3: 22.9723 | D3: 75275 | F3: 0.0258 | G3: 89 | I3: 22.9981 | J3: 75364 | K3: 253
A4: 2005-2006 | C4: 0.032 | D4: 100 | F4: 0.0009 | G4: 2 | I4: 0.0329 | J4: 102 | K4: 251
A5: 2006-2007 | C5: 0.0006 | D5: 2 | F5: 0.002 | G5: 6 | I5: 0.0026 | J5: 8 | K5: 249
A6: 2007-2008 | C6: 0.3866 | D6: 1161 | F6: 0.0035 | G6: 15 | I6: 0.3901 | J6: 1176 | K6: 251
A7: 2008-2009 | C7: 0.0912 | D7: 373 | F7: 0 | G7: 0 | I7: 0.0912 | J7: 373 | K7: 243
A8: 2009-2010 | C8: 1.3776 | D8: 5276 | F8: 0 | G8: 0 | I8: 1.3776 | J8: 5276 | K8: 244
A9: 2010-2011 | C9: 0.0025 | D9: 10 | F9: 0 | G9: 0 | I9: 0.0025 | J9: 10 | K9: 255
A10: 2011-2012 | C10: 6183.4236 | D10: 24775644 | F10: 14.6909 | G10: 47505 | I10: 6198.1145 | J10: 24823149 | K10: 249
A11: 2012-2013 | C11: 70274.816 | D11: 257233961 | F11: 102.4632 | G11: 387870 | I11: 70377.279 | J11: 257621831 | K11: 250
A12: 2013-2014 | C12: 90552.006 | D12: 296359575 | F12: 461.3069 | G12: 1544720 | I12: 91013.313 | J12: 297904295 | K12: 251
A13: 2014-2015 | C13: 201292.26 | D13: 498234687 | F13: 1750.8834 | G13: 5710542 | I13: 203043.15 | J13: 503945229 | K13: 243
A14: 2015-2016 | B14: 6.5983 | C14: 43862.489 | D14: 103427976 | E14: 7.2557 | F14: 743.1269 | G14: 2422891 | H14: 13.854 | I14: 44605.616 | J14: 105850867 | K14: 247
A15: 2016-2017 | B15: 0.3337 | C15: 44.6935 | D15: 88349 | E15: 0 | F15: 0 | G15: 0 | H15: 0.3337 | I15: 44.6935 | J15: 88349 | K15: 248
A16: 2017-2018 | B16: 0.0003 | C16: 0.0821 | D16: 114 | E16: 0.0001 | F16: 0.0018 | G16: 3 | H16: 0.0004 | I16: 0.0839 | J16: 117 | K16: 246
A17: 2018-2019 | B17: 0.0867 | C17: 21.9313 | D17: 30456 | E17: 0 | F17: 0.0008 | G17: 2 | H17: 0.0867 | I17: 21.9321 | J17: 30458 | K17: 247
A18: 2019-2020 | B18: 5.0017 | C18: 2459.6257 | D18: 2512339 | E18: 0.3344 | F18: 12.0936 | G18: 16349 | H18: 5.3361 | I18: 2471.7193 | J18: 2528688 | K18: 247
A19: 2020-2021 | B19: 15.5501 | C19: 350551.59 | D19: 338107329 | E19: 0 | F19: 0 | G19: 0 | H19: 15.5501 | I19: 350551.59 | J19: 338107329 | K19: 248
A20: 2021-2022 | B20: 11.8773 | C20: 660778.34 | D20: 670516570 | E20: 0 | F20: 0 | G20: 0 | H20: 11.8773 | I20: 660778.34 | J20: 670516570 | K20: 248
A21: 2022-2023 | B21: 8.7993 | C21: 343152.54 | D21: 372584451 | E21: 0 | F21: 0.0005 | G21: 1 | H21: 8.7993 | I21: 343152.54 | J21: 372584452 | K21: 249
A22: 2023-2024 | B22: 4926.6057 | C22: 8028151.4 | D22: 11299666388 | E22: 0 | F22: 0 | G22: 0 | H22: 4926.6057 | I22: 8028151.4 | J22: 11299666388 | K22: 231
A23: 2024-2025 | B23: 22354.164 | C23: 27555993 | D23: 30548072767 | E23: 0.1933 | F23: 26.0138 | G23: 40795 | H23: 22354.357 | I23: 27556019 | J23: 30548113562 | K23: 249
A24: 2025-2026 | B24: 48221.009 | C24: 46226973 | D24: 28155184847 | E24: 0.0311 | F24: 3.3045 | G24: 4743 | H24: 48221.04 | I24: 46226976 | J24: 28155189590 | K24: 247
A25: 2026-2027 | B25: 24784.669 | C25: 20285293 | D25: 13246921200 | E25: 0.0241 | F25: 1.0036 | G25: 1443 | H25: 24784.693 | I25: 20285294 | J25: 13246922643 | K25: 88

Sheet Monthly BSE Equity Options
A1: Month | B1: Fiscal Year | C1: Qrtr - Year | D1: Index Options Premium Turnover (INR Bn) | E1: Index Options Notional Turnover (INR Bn) | F1: Index Options No. of Contracts | G1: Stock/Equity Options Premium Turnover (INR Bn) | H1: Stock/Equity Options Notional Turnover (INR Bn) | I1: Stock/Equity Options No. of Contracts | J1: Total Options Premium Turnover (INR Bn) | K1: Total Options Notional Turnover (INR Bn) | L1: Total Options No. of Contracts | M1: No. of Trading Days
A2: 37987 | B2: 2003-2004 | C2: Q4FY04 | E2: 0 | F2: 0 | H2: 0.7532 | I2: 1648 | K2: 0.7532 | L2: 1648 | M2: 21
A3: 38018 | B3: 2003-2004 | C3: Q4FY04 | E3: 0 | F3: 0 | H3: 0.9619 | I3: 1479 | K3: 0.9619 | L3: 1479 | M3: 19
A4: 38047 | B4: 2003-2004 | C4: Q4FY04 | E4: 0 | F4: 0 | H4: 0.8733 | I4: 2883 | K4: 0.8733 | L4: 2883 | M4: 22
A5: 38078 | B5: 2004-2005 | C5: Q1FY05 | E5: 0 | F5: 0 | H5: 0 | I5: 0 | K5: 0 | L5: 0 | M5: 20
A6: 38108 | B6: 2004-2005 | C6: Q1FY05 | E6: 0 | F6: 0 | H6: 0 | I6: 0 | K6: 0 | L6: 0 | M6: 21
A7: 38139 | B7: 2004-2005 | C7: Q1FY05 | E7: 0 | F7: 0 | H7: 0 | I7: 0 | K7: 0 | L7: 0 | M7: 22
A8: 38169 | B8: 2004-2005 | C8: Q2FY05 | E8: 0 | F8: 0 | H8: 0 | I8: 0 | K8: 0 | L8: 0 | M8: 22
A9: 38200 | B9: 2004-2005 | C9: Q2FY05 | E9: 0 | F9: 0 | H9: 0 | I9: 0 | K9: 0 | L9: 0 | M9: 22
A10: 38231 | B10: 2004-2005 | C10: Q2FY05 | E10: 2.2794 | F10: 8238 | H10: 0.0018 | I10: 8 | K10: 2.2812 | L10: 8246 | M10: 22
A11: 38261 | B11: 2004-2005 | C11: Q3FY05 | E11: 5.1385 | F11: 17883 | H11: 0.0029 | I11: 10 | K11: 5.1414 | L11: 17893 | M11: 20
A12: 38292 | B12: 2004-2005 | C12: Q3FY05 | E12: 4.8178 | F12: 16156 | H12: 0.0003 | I12: 1 | K12: 4.8181 | L12: 16157 | M12: 20
A13: 38322 | B13: 2004-2005 | C13: Q3FY05 | E13: 4.426 | F13: 13769 | H13: 0 | I13: 0 | K13: 4.426 | L13: 13769 | M13: 23
... A141: 42217 | B141: 2015-2016 | C141: Q2FY16 | E141: 6178.4867 | F141: 14656134 | H141: 79.6473 | I141: 289194 | K141: 6258.134 | L141: 14945328 | M141: 21
A142: 42248 | B142: 2015-2016 | C142: Q2FY16 | D142: 1.3072 | E142: 2242.44 | F142: 5845277 | G142: 0.9917 | H142: 25.2969 | I142: 95637 | J142: 2.2989 | K142: 2267.7369 | L142: 5940914 | M142: 20
A143: 42278 | B143: 2015-2016 | C143: Q3FY16 | D143: 1.1744 | E143: 3187.8986 | F143: 7998356 | G143: 0.7765 | H143: 24.7711 | I143: 86090 | J143: 1.9509 | K143: 3212.6697 | L143: 8084446 | M143: 20
A144: 42309 | B144: 2015-2016 | C144: Q3FY16 | D144: 0.3608 | E144: 1016.1154 | F144: 1928905 | G144: 1.9222 | H144: 34.9299 | I144: 68170 | J144: 2.283 | K144: 1051.0453 | L144: 1997075 | M144: 19
A145: 42339 | B145: 2015-2016 | C145: Q3FY16 | D145: 0.3117 | E145: 1136.3535 | F145: 2179628 | G145: 2.0449 | H145: 62.4404 | I145: 121108 | J145: 2.3566 | K145: 1198.7939 | L145: 2300736 | M145: 22
A146: 42370 | B146: 2015-2016 | C146: Q4FY16 | D146: 0.5084 | E146: 1297.1715 | F146: 2572913 | G146: 0.835 | H146: 24.8709 | I146: 48081 | J146: 1.3434 | K146: 1322.0424 | L146: 2620994 | M146: 20
A147: 42401 | B147: 2015-2016 | C147: Q4FY16 | D147: 0.6824 | E147: 1159.7415 | F147: 2391860 | G147: 0.6833 | H147: 32.412 | I147: 78174 | J147: 1.3657 | K147: 1192.1535 | L147: 2470034 | M147: 21
A148: 42430 | B148: 2015-2016 | C148: Q4FY16 | D148: 2.2534 | E148: 747.4963 | F148: 1497720 | G148: 0.0021 | H148: 0.219 | I148: 643 | J148: 2.2555 | K148: 747.7153 | L148: 1498363 | M148: 20
A149: 42461 | B149: 2016-2017 | C149: Q1FY17 | D149: 0.3242 | E149: 44.2971 | F149: 87593 | G149: 0 | H149: 0 | I149: 0 | J149: 0.3242 | K149: 44.2971 | L149: 87593 | M149: 18
A150: 42491 | B150: 2016-2017 | C150: Q1FY17 | D150: 0.0095 | E150: 0.3935 | F150: 752 | G150: 0 | H150: 0 | I150: 0 | J150: 0.0095 | K150: 0.3935 | L150: 752 | M150: 22
A151: 42522 | B151: 2016-2017 | C151: Q1FY17 | D151: 0 | E151: 0 | F151: 0 | G151: 0 | H151: 0 | I151: 0 | J151: 0 | K151: 0 | L151: 0 | M151: 22
A152: 42552 | B152: 2016-2017 | C152: Q2FY17 | D152: 0 | E152: 0 | F152: 0 | G152: 0 | H152: 0 | I152: 0 | J152: 0 | K152: 0 | L152: 0 | M152: 20
A153: 42583 | B153: 2016-2017 | C153: Q2FY17 | D153: 0 | E153: 0 | F153: 0 | G153: 0 | H153: 0 | I153: 0 | J153: 0 | K153: 0 | L153: 0 | M153: 22
... A273: 46235 | B273: 2026-2027 | C273: Q2FY27 | D273: 1173.2221 | E273: 709658.55 | F273: 450345107 | G273: 0.0007 | H273: 0.0287 | I273: 39 | J273: 1173.2228 | K273: 709658.58 | L273: 450345146 | M273: 5

Sheet Daily BSE Equity Options
A1: Trade Date | B1: Trade Day | C1: Trade Month - Year | D1: Qrtr - Year | E1: Index Options Premium Turnover (INR Bn) | F1: Index Options Notional Turnover (INR Bn) | G1: Index Options No. of Contracts | H1: Stock/Equity Options Premium Turnover (INR Bn) | I1: Stock/Equity Options Notional Turnover (INR Bn) | J1: Stock/Equity Options No. of Contracts | K1: Total Options Premium Turnover (INR Bn) | L1: Total Options Notional Turnover (INR Bn) | M1: Total Options No. of Contracts | N1: India VIX Open | O1: India VIX High | P1: India VIX Low | Q1: India VIX Close | R1: India VIX Chg %
A2: 43922 | B2: Wednesday | C2: 43922 | D2: Q1FY21 | E2: 0.0657 | F2: 47.7733 | G2: 52188 | H2: 0 | I2: 0 | J2: 0 | K2: 0.0657 | L2: 47.7733 | M2: 52188 | N2: 64.4075 | O2: 64.4075 | P2: 59.78 | Q2: 60.0525 | R2: -0.0676
A3: 43924 | B3: Friday | C3: 43922 | D3: Q1FY21 | E3: 0.099 | F3: 59.746 | G3: 68789 | H3: 0 | I3: 0 | J3: 0 | K3: 0.099 | L3: 59.746 | M3: 68789 | N3: 60.0525 | O3: 60.59 | P3: 54.9 | Q3: 55.3025 | R3: -0.0791
A4: 43928 | B4: Tuesday | C4: 43922 | D4: Q1FY21 | E4: 0.0878 | F4: 60.2072 | G4: 68830 | H4: 0 | I4: 0 | J4: 0 | K4: 0.0878 | L4: 60.2072 | M4: 68830 | N4: 55.3025 | O4: 55.3025 | P4: 49.9425 | Q4: 51.8 | R4: -0.0633
A5: 43929 | B5: Wednesday | C5: 43922 | D5: Q1FY21 | E5: 0.0956 | F5: 60.8632 | G5: 67089 | H5: 0 | I5: 0 | J5: 0 | K5: 0.0956 | L5: 60.8632 | M5: 67089 | N5: 51.8 | O5: 53.7325 | P5: 46.975 | Q5: 52.2425 | R5: 0.0085
A6: 43930 | B6: Thursday | C6: 43922 | D6: Q1FY21 | E6: 0.0809 | F6: 60.1329 | G6: 66133 | H6: 0 | I6: 0 | J6: 0 | K6: 0.0809 | L6: 60.1329 | M6: 66133 | N6: 52.2425 | O6: 52.2425 | P6: 46.9025 | Q6: 49.745 | R6: -0.0478
A7: 43934 | B7: Monday | C7: 43922 | D7: Q1FY21 | E7: 0.0858 | F7: 60.6551 | G7: 67355 | H7: 0 | I7: 0 | J7: 0 | K7: 0.0858 | L7: 60.6551 | M7: 67355 | N7: 49.745 | O7: 52.4925 | P7: 43.635 | Q7: 51.4575 | R7: 0.0344
A8: 43936 | B8: Wednesday | C8: 43922 | D8: Q1FY21 | E8: 0.0629 | F8: 58.5589 | G8: 64331 | H8: 0 | I8: 0 | J8: 0 | K8: 0.0629 | L8: 58.5589 | M8: 64331 | N8: 51.4575 | O8: 51.4575 | P8: 44.6475 | Q8: 49.735 | R8: -0.0335
A9: 43937 | B9: Thursday | C9: 43922 | D9: Q1FY21 | E9: 0.0631 | F9: 61.6546 | G9: 70128 | H9: 0 | I9: 0 | J9: 0 | K9: 0.0631 | L9: 61.6546 | M9: 70128 | N9: 49.735 | O9: 49.735 | P9: 42.255 | Q9: 46.095 | R9: -0.0732
A10: 43938 | B10: Friday | C10: 43922 | D10: Q1FY21 | E10: 0.0731 | F10: 61.1935 | G10: 81234 | H10: 0 | I10: 0 | J10: 0 | K10: 0.0731 | L10: 61.1935 | M10: 81234 | N10: 46.095 | O10: 46.095 | P10: 40.305 | Q10: 42.5925 | R10: -0.076
A11: 43941 | B11: Monday | C11: 43922 | D11: Q1FY21 | E11: 0.072 | F11: 60.4794 | G11: 68972 | H11: 0 | I11: 0 | J11: 0 | K11: 0.072 | L11: 60.4794 | M11: 68972 | N11: 42.5925 | O11: 44.0375 | P11: 40.295 | Q11: 43.455 | R11: 0.0203
A12: 43942 | B12: Tuesday | C12: 43922 | D12: Q1FY21 | E12: 0.0768 | F12: 60.0519 | G12: 76390 | H12: 0 | I12: 0 | J12: 0 | K12: 0.0768 | L12: 60.0519 | M12: 76390 | N12: 43.455 | O12: 45.9625 | P12: 36.215 | Q12: 45.1975 | R12: 0.0401
A13: 43943 | B13: Wednesday | C13: 43922 | D13: Q1FY21 | E13: 0.079 | F13: 60.0708 | G13: 81800 | H13: 0 | I13: 0 | J13: 0 | K13: 0.079 | L13: 60.0708 | M13: 81800 | N13: 45.1975 | O13: 45.425 | P13: 40.465 | Q13: 42.8225 | R13: -0.0525
... A199: 44238 | B199: Thursday | C199: 44228 | D199: Q4FY21 | E199: 0.0768 | F199: 3057.5668 | G199: 2612751 | H199: 0 | I199: 0 | J199: 0 | K199: 0.0768 | L199: 3057.5668 | M199: 2612751 | N199: 23.9525 | O199: 24.2225 | P199: 21.0175 | Q199: 23.045 | R199: -0.0379
A200: 44239 | B200: Friday | C200: 44228 | D200: Q4FY21 | E200: 0.0433 | F200: 3058.2354 | G200: 2717199 | H200: 0 | I200: 0 | J200: 0 | K200: 0.0433 | L200: 3058.2354 | M200: 2717199 | N200: 0 | O200: 0 | P200: 0 | Q200: 23.045
A201: 44242 | B201: Monday | C201: 44228 | D201: Q4FY21 | E201: 0.1479 | F201: 2775.2938 | G201: 2500908 | H201: 0 | I201: 0 | J201: 0 | K201: 0.1479 | L201: 2775.2938 | M201: 2500908 | N201: 22.0425 | O201: 22.39 | P201: 20.8225 | Q201: 21.475 | R201: -0.0257
A202: 44243 | B202: Tuesday | C202: 44228 | D202: Q4FY21 | E202: 0.0953 | F202: 2782.6303 | G202: 2378923 | H202: 0 | I202: 0 | J202: 0 | K202: 0.0953 | L202: 2782.6303 | M202: 2378923 | N202: 21.475 | O202: 22.115 | P202: 20.535 | Q202: 21.78 | R202: 0.0142
A203: 44244 | B203: Wednesday | C203: 44228 | D203: Q4FY21 | E203: 0.072 | F203: 2772.0305 | G203: 2347222 | H203: 0 | I203: 0 | J203: 0 | K203: 0.072 | L203: 2772.0305 | M203: 2347222 | N203: 21.78 | O203: 21.88 | P203: 21.0975 | Q203: 21.505 | R203: -0.0126
A204: 44245 | B204: Thursday | C204: 44228 | D204: Q4FY21 | E204: 0.0742 | F204: 3053.7897 | G204: 2469912 | H204: 0 | I204: 0 | J204: 0 | K204: 0.0742 | L204: 3053.7897 | M204: 2469912 | N204: 21.505 | O204: 22.085 | P204: 19.9625 | Q204: 21.5425 | R204: 0.0017
A205: 44246 | B205: Friday | C205: 44228 | D205: Q4FY21 | E205: 0.0224 | F205: 2886.8826 | G205: 2328568 | H205: 0 | I205: 0 | J205: 0 | K205: 0.0224 | L205: 2886.8826 | M205: 2328568 | N205: 21.5425 | O205: 22.8675 | P205: 19.345 | Q205: 22.25 | R205: 0.0328
A206: 44249 | B206: Monday | C206: 44228 | D206: Q4FY21 | E206: 0.1313 | F206: 3204.8787 | G206: 2622232 | H206: 0 | I206: 0 | J206: 0 | K206: 0.1313 | L206: 3204.8787 | M206: 2622232 | N206: 22.25 | O206: 25.82 | P206: 20.0225 | Q206: 25.47 | R206: 0.1447
A207: 44250 | B207: Tuesday | C207: 44228 | D207: Q4FY21 | E207: 0.1 | F207: 3156.7329 | G207: 2744646 | H207: 0 | I207: 0 | J207: 0 | K207: 0.1 | L207: 3156.7329 | M207: 2744646 | N207: 25.47 | O207: 25.6425 | P207: 23.8575 | Q207: 25.2275 | R207: -0.0095
A208: 44251 | B208: Wednesday | C208: 44228 | D208: Q4FY21 | E208: 0.056 | F208: 3128.0036 | G208: 2674033 | H208: 0 | I208: 0 | J208: 0 | K208: 0.056 | L208: 3128.0036 | M208: 2674033 | N208: 25.2275 | O208: 25.2275 | P208: 23.4825 | Q208: 24.1675 | R208: -0.042
A209: 44252 | B209: Thursday | C209: 44228 | D209: Q4FY21 | E209: 0.0866 | F209: 3320.7054 | G209: 2711789 | H209: 0 | I209: 0 | J209: 0 | K209: 0.0866 | L209: 3320.7054 | M209: 2711789 | N209: 24.1675 | O209: 24.1675 | P209: 22.6275 | Q209: 22.8925 | R209: -0.0528
A210: 44253 | B210: Friday | C210: 44228 | D210: Q4FY21 | E210: 0.0336 | F210: 3049.8169 | G210: 2548473 | H210: 0 | I210: 0 | J210: 0 | K210: 0.0336 | L210: 3049.8169 | M210: 2548473 | N210: 22.8925 | O210: 29.645 | P210: 22.8925 | Q210: 28.1425 | R210: 0.2293
A211: 44256 | B211: Monday | C211: 44256 | D211: Q4FY21 | E211: 0.1037 | F211: 2727.8917 | G211: 2198138 | H211: 0 | I211: 0 | J211: 0 | K211: 0.1037 | L211: 2727.8917 | M211: 2198138 | N211: 28.1425 | O211: 28.1425 | P211: 24.95 | Q211: 25.625 | R211: -0.0895
A212: 44257 | B212: Tuesday | C212: 44256 | D212: Q4FY21 | E212: 0.1058 | F212: 2889.4539 | G212: 2458792 | H212: 0 | I212: 0 | J212: 0 | K212: 0.1058 | L212: 2889.4539 | M212: 2458792 | N212: 25.625 | O212: 25.625 | P212: 23.21 | Q212: 23.605 | R212: -0.0788
... A229: 44281 | B229: Friday | C229: 44256 | D229: Q4FY21 | E229: 0.0369 | F229: 3008.0544 | G229: 2530838 | H229: 0 | I229: 0 | J229: 0 | K229: 0.0369 | L229: 3008.0544 | M229: 2530838 | N229: 22.6975 | O229: 22.9175 | P229: 18.225 | Q229: 20.65 | R229: -0.0902
A230: 44285 | B230: Tuesday | C230: 44256 | D230: Q4FY21 | E230: 0.2131 | F230: 2969.5566 | G230: 2356644 | H230: 0 | I230: 0 | J230: 0 | K230: 0.2131 | L230: 2969.5566 | M230: 2356644 | N230: 0 | O230: 0 | P230: 0 | Q230: 20.65
A231: 44286 | B231: Wednesday | C231: 44256 | D231: Q4FY21 | E231: 0.0639 | F231: 3084.747 | G231: 2475808 | H231: 0 | I231: 0 | J231: 0 | K231: 0.0639 | L231: 3084.747 | M231: 2475808 | N231: 20.485 | O231: 20.83 | P231: 19.995 | Q231: 20.645 | R231: 0.0078
A232: 44287 | B232: Thursday | C232: 44287 | D232: Q1FY22 | E232: 0.088 | F232: 3136.2773 | G232: 2640514 | H232: 0 | I232: 0 | J232: 0 | K232: 0.088 | L232: 3136.2773 | M232: 2640514 | N232: 20.645 | O232: 20.675 | P232: 19.73 | Q232: 19.9875 | R232: -0.0318
A233: 44291 | B233: Monday | C233: 44287 | D233: Q1FY22 | E233: 0.0958 | F233: 3121.4361 | G233: 2501593 | H233: 0 | I233: 0 | J233: 0 | K233: 0.0958 | L233: 3121.4361 | M233: 2501593 | N233: 19.9875 | O233: 23.305 | P233: 19.9875 | Q233: 21.215 | R233: 0.0614
A234: 44292 | B234: Tuesday | C234: 44287 | D234: Q1FY22 | E234: 0.0691 | F234: 3105.8072 | G234: 2497919 | H234: 0 | I234: 0 | J234: 0 | K234: 0.0691 | L234: 3105.8072 | M234: 2497919 | N234: 21.215 | O234: 22.24 | P234: 19.805 | Q234: 20.84 | R234: -0.0177
A235: 44293 | B235: Wednesday | C235: 44287 | D235: Q1FY22 | E235: 0.0587 | F235: 3177.711 | G235: 2549379 | H235: 0 | I235: 0 | J235: 0 | K235: 0.0587 | L235: 3177.711 | M235: 2549379 | N235: 20.84 | O235: 21.2975 | P235: 19.43 | Q235: 20.2475 | R235: -0.0284
A236: 44294 | B236: Thursday | C236: 44287 | D236: Q1FY22 | E236: 0.0504 | F236: 3216.212 | G236: 2640667 | H236: 0 | I236: 0 | J236: 0 | K236: 0.0504 | L236: 3216.212 | M236: 2640667 | N236: 20.2475 | O236: 20.585 | P236: 19.17 | Q236: 20.3125 | R236: 0.0032
A237: 44295 | B237: Friday | C237: 44287 | D237: Q1FY22 | E237: 0.025 | F237: 3179.0418 | G237: 2658768 | H237: 0 | I237: 0 | J237: 0 | K237: 0.025 | L237: 3179.0418 | M237: 2658768 | N237: 20.3125 | O237: 20.9675 | P237: 19.6825 | Q237: 19.785 | R237: -0.026
A238: 44298 | B238: Monday | C238: 44287 | D238: Q1FY22 | E238: 0.0872 | F238: 3086.203 | G238: 2471086 | H238: 0 | I238: 0 | J238: 0 | K238: 0.0872 | L238: 3086.203 | M238: 2471086 | N238: 19.785 | O238: 23.3025 | P238: 19.785 | Q238: 22.995 | R238: 0.1622
A239: 44299 | B239: Tuesday | C239: 44287 | D239: Q1FY22 | E239: 0.0534 | F239: 3179.1401 | G239: 2557798 | H239: 0 | I239: 0 | J239: 0 | K239: 0.0534 | L239: 3179.1401 | M239: 2557798 | N239: 22.995 | O239: 22.995 | P239: 20.2975 | Q239: 20.46 | R239: -0.1102
A240: 44301 | B240: Thursday | C240: 44287 | D240: Q1FY22 | E240: 0.061 | F240: 3126.7496 | G240: 2525526 | H240: 0 | I240: 0 | J240: 0 | K240: 0.061 | L240: 3126.7496 | M240: 2525526 | N240: 20.46 | O240: 21.545 | P240: 18.245 | Q240: 20.89 | R240: 0.021
A241: 44302 | B241: Friday | C241: 44287 | D241: Q1FY22 | E241: 0.0262 | F241: 3187.23 | G241: 2704698 | H241: 0 | I241: 0 | J241: 0 | K241: 0.0262 | L241: 3187.23 | M241: 2704698 | N241: 20.89 | O241: 21.09 | P241: 19.4825 | Q241: 20.4025 | R241: -0.0233
A242: 44305 | B242: Monday | C242: 44287 | D242: Q1FY22 | E242: 0.0866 | F242: 3188.1143 | G242: 2577554 | H242: 0 | I242: 0 | J242: 0 | K242: 0.0866 | L242: 3188.1143 | M242: 2577554 | N242: 20.4025 | O242: 23.1075 | P242: 19.8075 | Q242: 22.485 | R242: 0.1021
... A941: 45352 | B941: Friday | C941: 45352 | D941: Q4FY24 | E941: 199.4203 | F941: 294945.91 | G941: 401407288 | H941: 0 | I941: 0 | J941: 0 | K941: 199.4203 | L941: 294945.91 | M941: 401407288 | N941: 15.5725 | O941: 15.6425 | P941: 15 | Q941: 15.235 | R941: -0.0217
A942: 45353 | B942: Saturday | C942: 45352 | D942: Q4FY24 | E942: 3.4203 | F942: 2059.6995 | G942: 2575974 | H942: 0 | I942: 0 | J942: 0 | K942: 3.4203 | L942: 2059.6995 | M942: 2575974
A943: 45355 | B943: Monday | C943: 45352 | D943: Q4FY24 | E943: 54.5595 | F943: 93031.645 | G943: 115183990 | H943: 0 | I943: 0 | J943: 0 | K943: 54.5595 | L943: 93031.645 | M943: 115183990 | N943: 14.9925 | O943: 15.3025 | P943: 14.8225 | Q943: 14.9225 | R943: -0.0047
A944: 45356 | B944: Tuesday | C944: 45352 | D944: Q4FY24 | E944: 6.6199 | F944: 2822.7584 | G944: 3806915 | H944: 0 | I944: 0 | J944: 0 | K944: 6.6199 | L944: 2822.7584 | M944: 3806915 | N944: 14.9225 | O944: 15.165 | P944: 14.1775 | Q944: 14.38 | R944: -0.0364
A945: 45357 | B945: Wednesday | C945: 45352 | D945: Q4FY24 | E945: 12.591 | F945: 7180.1439 | G945: 9664307 | H945: 0 | I945: 0 | J945: 0 | K945: 12.591 | L945: 7180.1439 | M945: 9664307 | N945: 14.38 | O945: 14.71 | P945: 13.905 | Q945: 14.295 | R945: -0.0059
A946: 45358 | B946: Thursday | C946: 45352 | D946: Q4FY24 | E946: 53.0027 | F946: 116812.25 | G946: 157419479 | H946: 0 | I946: 0 | J946: 0 | K946: 53.0027 | L946: 116812.25 | M946: 157419479 | N946: 14.295 | O946: 14.4325 | P946: 13.56 | Q946: 13.6125 | R946: -0.0477
A947: 45362 | B947: Monday | C947: 45352 | D947: Q4FY24 | E947: 59.1294 | F947: 99788.798 | G947: 123394475 | H947: 0 | I947: 0 | J947: 0 | K947: 59.1294 | L947: 99788.798 | M947: 123394475 | N947: 13.6125 | O947: 14.5525 | P947: 13.6125 | Q947: 13.995 | R947: 0.0281
A948: 45363 | B948: Tuesday | C948: 45352 | D948: Q4FY24 | E948: 4.3973 | F948: 1416.0186 | G948: 1899285 | H948: 0 | I948: 0 | J948: 0 | K948: 4.3973 | L948: 1416.0186 | M948: 1899285 | N948: 13.995 | O948: 14.195 | P948: 13.5775 | Q948: 13.6375 | R948: -0.0255
A949: 45364 | B949: Wednesday | C949: 45352 | D949: Q4FY24 | E949: 11.9497 | F949: 5766.3877 | G949: 7753485 | H949: 0 | I949: 0 | J949: 0 | K949: 11.9497 | L949: 5766.3877 | M949: 7753485 | N949: 13.6375 | O949: 15.005 | P949: 13.5325 | Q949: 14.4325 | R949: 0.0583
A950: 45365 | B950: Thursday | C950: 45352 | D950: Q4FY24 | E950: 19.45 | F950: 11840.361 | G950: 16139680 | H950: 0 | I950: 0 | J950: 0 | K950: 19.45 | L950: 11840.361 | M950: 16139680 | N950: 14.4325 | O950: 14.6825 | P950: 13.5225 | Q950: 13.6225 | R950: -0.0561
A951: 45366 | B951: Friday | C951: 45352 | D951: Q4FY24 | E951: 138.3727 | F951: 276414.27 | G951: 379778369 | H951: 0 | I951: 0 | J951: 0 | K951: 138.3727 | L951: 276414.27 | M951: 379778369 | N951: 13.6225 | O951: 14.3325 | P951: 13.59 | Q951: 13.69 | R951: 0.005
A952: 45369 | B952: Monday | C952: 45352 | D952: Q4FY24 | E952: 80.3968 | F952: 111228.44 | G952: 140396063 | H952: 0 | I952: 0 | J952: 0 | K952: 80.3968 | L952: 111228.44 | M952: 140396063 | N952: 13.69 | O952: 14.615 | P952: 13.69 | Q952: 13.895 | R952: 0.015
A953: 45370 | B953: Tuesday | C953: 45352 | D953: Q4FY24 | E953: 4.656 | F953: 1570.4925 | G953: 2147713 | H953: 0 | I953: 0 | J953: 0 | K953: 4.656 | L953: 1570.4925 | M953: 2147713 | N953: 13.895 | O953: 14.445 | P953: 13.875 | Q953: 14.1125 | R953: 0.0157
A954: 45371 | B954: Wednesday | C954: 45352 | D954: Q4FY24 | E954: 8.3486 | F954: 3116.8347 | G954: 4231988 | H954: 0 | I954: 0 | J954: 0 | K954: 8.3486 | L954: 3116.8347 | M954: 4231988 | N954: 14.1125 | O954: 14.2825 | P954: 13.085 | Q954: 13.4725 | R954: -0.0453
... A1543: 46241 | B1543: Friday | C1543: 46235 | D1543: Q2FY27 | E1543: 78.4215 | F1543: 20613.827 | G1543: 13064279 | H1543: 0.0002 | I1543: 0.0068 | J1543: 8 | K1543: 78.4217 | L1543: 20613.834 | M1543: 13064287 | N1543: 12.1575 | O1543: 12.5475 | P1543: 11.3 | Q1543: 12.16 | R1543: 0.0002
