Workbook

Sheet Quality Check
A1: Quality Check — Exchanges Monthly Weekly Expiry (MASTER FILE)
A3: Exchange | B3: Sheet | C3: Data From | D3: Data To | E3: Data Rows | F3: Premium Turnover (INR Crs)
A4: NSE | B4: NSE - NIFTY Index Options | C4: ='NSE - NIFTY Index Options'!A2 -> 01-Sep-2025 | D4: =LOOKUP(2,1/('NSE - NIFTY Index Options'!$A$2:$A$100000<>""),'NSE - NIFTY Index Options'!$A$2:$A$100000) -> 08-Jul-2026 | E4: =COUNTA('NSE - NIFTY Index Options'!A:A)-1 -> 3780 | F4: =SUM('NSE - NIFTY Index Options'!L:L) -> 10395049
A5: NSE | B5: NSE - Other Index Options | C5: ='NSE - Other Index Options'!A2 -> 01-Sep-2025 | D5: =LOOKUP(2,1/('NSE - Other Index Options'!$A$2:$A$100000<>""),'NSE - Other Index Options'!$A$2:$A$100000) -> 08-Jul-2026 | E5: =COUNTA('NSE - Other Index Options'!A:A)-1 -> 1260 | F5: =SUM('NSE - Other Index Options'!L:L) -> 1130835
A6: BSE | B6: BSE - SENSEX Index Options | C6: ='BSE - SENSEX Index Options'!A2 -> 01-Sep-2025 | D6: =LOOKUP(2,1/('BSE - SENSEX Index Options'!$A$2:$A$100000<>""),'BSE - SENSEX Index Options'!$A$2:$A$100000) -> 08-Jul-2026 | E6: =COUNTA('BSE - SENSEX Index Options'!A:A)-1 -> 1367 | F6: =SUM('BSE - SENSEX Index Options'!L:L) -> 5219777.2
A7: BSE | B7: BSE - Other Index Options | C7: ='BSE - Other Index Options'!A2 -> 01-Sep-2025 | D7: =LOOKUP(2,1/('BSE - Other Index Options'!$A$2:$A$100000<>""),'BSE - Other Index Options'!$A$2:$A$100000) -> 08-Jul-2026 | E7: =COUNTA('BSE - Other Index Options'!A:A)-1 -> 389 | F7: =SUM('BSE - Other Index Options'!L:L) -> 13306
A9: NSE data updated through: | B9: =IF(D4=D5,D4,"MISMATCH between NSE sheets") -> 08-Jul-2026
A10: BSE data updated through: | B10: =IF(D6=D7,D6,"MISMATCH between BSE sheets") -> 08-Jul-2026
A11: NSE & BSE end dates aligned? | B11: =IF(B9=B10,"YES","NO — update the lagging exchange") -> YES
A12: Master file created: | B12: 46210
A13: Last data refresh: | B13: 46212
A14: Monthly Totals (live — populates as data is updated)
A15: Month | B15: NSE - Number of Contracts | C15: NSE - Notional Turnover (INR Crs) | D15: NSE - Premium Turnover (INR Crs) | E15: BSE - Number of Contracts | F15: BSE - Notional Turnover (INR Crs) | G15: BSE - Premium Turnover (INR Crs)
A16: 45901 | B16: =IF(SUMIFS('NSE - NIFTY Index Options'!$J:$J,'NSE - NIFTY Index Options'!$D:$D,$A16)+SUMIFS('NSE - Other Index Options'!$J:$J,'NSE - Other Index Options'!$D:$D,$A16)=0,"",SUMIFS('NSE - NIFTY Index Options'!$J:$J,'NSE - NIFTY Index Options'!$D:$D,$A16)+SUMIFS('NSE - Other Index Options'!$J:$J,'NSE - Other Index Options'!$D:$D,$A16)) -> 3099992966 | C16: =IF(SUMIFS('NSE - NIFTY Index Options'!$K:$K,'NSE - NIFTY Index Options'!$D:$D,$A16)+SUMIFS('NSE - Other Index Options'!$K:$K,'NSE - Other Index Options'!$D:$D,$A16)=0,"",SUMIFS('NSE - NIFTY Index Options'!$K:$K,'NSE - NIFTY Index Options'!$D:$D,$A16)+SUMIFS('NSE - Other Index Options'!$K:$K,'NSE - Other Index Options'!$D:$D,$A16)) -> 5.8073345e+08 | D16: =IF(SUMIFS('NSE - NIFTY Index Options'!$L:$L,'NSE - NIFTY Index Options'!$D:$D,$A16)+SUMIFS('NSE - Other Index Options'!$L:$L,'NSE - Other Index Options'!$D:$D,$A16)=0,"",SUMIFS('NSE - NIFTY Index Options'!$L:$L,'NSE - NIFTY Index Options'!$D:$D,$A16)+SUMIFS('NSE - Other Index Options'!$L:$L,'NSE - Other Index Options'!$D:$D,$A16)) -> 933317.58 | E16: =IF(SUMIFS('BSE - SENSEX Index Options'!$J:$J,'BSE - SENSEX Index Options'!$D:$D,$A16)+SUMIFS('BSE - Other Index Options'!$J:$J,'BSE - Other Index Options'!$D:$D,$A16)=0,"",SUMIFS('BSE - SENSEX Index Options'!$J:$J,'BSE - SENSEX Index Options'!$D:$D,$A16)+SUMIFS('BSE - Other Index Options'!$J:$J,'BSE - Other Index Options'!$D:$D,$A16)) -> 2235360301 | F16: =IF(SUMIFS('BSE - SENSEX Index Options'!$K:$K,'BSE - SENSEX Index Options'!$D:$D,$A16)+SUMIFS('BSE - Other Index Options'!$K:$K,'BSE - Other Index Options'!$D:$D,$A16)=0,"",SUMIFS('BSE - SENSEX Index Options'!$K:$K,'BSE - SENSEX Index Options'!$D:$D,$A16)+SUMIFS('BSE - Other Index Options'!$K:$K,'BSE - Other Index Options'!$D:$D,$A16)) -> 3.6518155e+08 | G16: =IF(SUMIFS('BSE - SENSEX Index Options'!$L:$L,'BSE - SENSEX Index Options'!$D:$D,$A16)+SUMIFS('BSE - Other Index Options'!$L:$L,'BSE - Other Index Options'!$D:$D,$A16)=0,"",SUMIFS('BSE - SENSEX Index Options'!$L:$L,'BSE - SENSEX Index Options'!$D:$D,$A16)+SUMIFS('BSE - Other Index Options'!$L:$L,'BSE - Other Index Options'!$D:$D,$A16)) -> 346224.72
A17: 45931 | B17: =IF(SUMIFS('NSE - NIFTY Index Options'!$J:$J,'NSE - NIFTY Index Options'!$D:$D,$A17)+SUMIFS('NSE - Other Index Options'!$J:$J,'NSE - Other Index Options'!$D:$D,$A17)=0,"",SUMIFS('NSE - NIFTY Index Options'!$J:$J,'NSE - NIFTY Index Options'!$D:$D,$A17)+SUMIFS('NSE - Other Index Options'!$J:$J,'NSE - Other Index Options'!$D:$D,$A17)) -> 3053547719 | C17: =IF(SUMIFS('NSE - NIFTY Index Options'!$K:$K,'NSE - NIFTY Index Options'!$D:$D,$A17)+SUMIFS('NSE - Other Index Options'!$K:$K,'NSE - Other Index Options'!$D:$D,$A17)=0,"",SUMIFS('NSE - NIFTY Index Options'!$K:$K,'NSE - NIFTY Index Options'!$D:$D,$A17)+SUMIFS('NSE - Other Index Options'!$K:$K,'NSE - Other Index Options'!$D:$D,$A17)) -> 5.859561e+08 | D17: =IF(SUMIFS('NSE - NIFTY Index Options'!$L:$L,'NSE - NIFTY Index Options'!$D:$D,$A17)+SUMIFS('NSE - Other Index Options'!$L:$L,'NSE - Other Index Options'!$D:$D,$A17)=0,"",SUMIFS('NSE - NIFTY Index Options'!$L:$L,'NSE - NIFTY Index Options'!$D:$D,$A17)+SUMIFS('NSE - Other Index Options'!$L:$L,'NSE - Other Index Options'!$D:$D,$A17)) -> 1041799 | E17: =IF(SUMIFS('BSE - SENSEX Index Options'!$J:$J,'BSE - SENSEX Index Options'!$D:$D,$A17)+SUMIFS('BSE - Other Index Options'!$J:$J,'BSE - Other Index Options'!$D:$D,$A17)=0,"",SUMIFS('BSE - SENSEX Index Options'!$J:$J,'BSE - SENSEX Index Options'!$D:$D,$A17)+SUMIFS('BSE - Other Index Options'!$J:$J,'BSE - Other Index Options'!$D:$D,$A17)) -> 2790051623 | F17: =IF(SUMIFS('BSE - SENSEX Index Options'!$K:$K,'BSE - SENSEX Index Options'!$D:$D,$A17)+SUMIFS('BSE - Other Index Options'!$K:$K,'BSE - Other Index Options'!$D:$D,$A17)=0,"",SUMIFS('BSE - SENSEX Index Options'!$K:$K,'BSE - SENSEX Index Options'!$D:$D,$A17)+SUMIFS('BSE - Other Index Options'!$K:$K,'BSE - Other Index Options'!$D:$D,$A17)) -> 4.6412525e+08 | G17: =IF(SUMIFS('BSE - SENSEX Index Options'!$L:$L,'BSE - SENSEX Index Options'!$D:$D,$A17)+SUMIFS('BSE - Other Index Options'!$L:$L,'BSE - Other Index Options'!$D:$D,$A17)=0,"",SUMIFS('BSE - SENSEX Index Options'!$L:$L,'BSE - SENSEX Index Options'!$D:$D,$A17)+SUMIFS('BSE - Other Index Options'!$L:$L,'BSE - Other Index Options'!$D:$D,$A17)) -> 430427.39
A18: 45962 | B18: =IF(SUMIFS('NSE - NIFTY Index Options'!$J:$J,'NSE - NIFTY Index Options'!$D:$D,$A18)+SUMIFS('NSE - Other Index Options'!$J:$J,'NSE - Other Index Options'!$D:$D,$A18)=0,"",SUMIFS('NSE - NIFTY Index Options'!$J:$J,'NSE - NIFTY Index Options'!$D:$D,$A18)+SUMIFS('NSE - Other Index Options'!$J:$J,'NSE - Other Index Options'!$D:$D,$A18)) -> 2587888973 | C18: =IF(SUMIFS('NSE - NIFTY Index Options'!$K:$K,'NSE - NIFTY Index Options'!$D:$D,$A18)+SUMIFS('NSE - Other Index Options'!$K:$K,'NSE - Other Index Options'!$D:$D,$A18)=0,"",SUMIFS('NSE - NIFTY Index Options'!$K:$K,'NSE - NIFTY Index Options'!$D:$D,$A18)+SUMIFS('NSE - Other Index Options'!$K:$K,'NSE - Other Index Options'!$D:$D,$A18)) -> 5.0405879e+08 | D18: =IF(SUMIFS('NSE - NIFTY Index Options'!$L:$L,'NSE - NIFTY Index Options'!$D:$D,$A18)+SUMIFS('NSE - Other Index Options'!$L:$L,'NSE - Other Index Options'!$D:$D,$A18)=0,"",SUMIFS('NSE - NIFTY Index Options'!$L:$L,'NSE - NIFTY Index Options'!$D:$D,$A18)+SUMIFS('NSE - Other Index Options'!$L:$L,'NSE - Other Index Options'!$D:$D,$A18)) -> 913277.33 | E18: =IF(SUMIFS('BSE - SENSEX Index Options'!$J:$J,'BSE - SENSEX Index Options'!$D:$D,$A18)+SUMIFS('BSE - Other Index Options'!$J:$J,'BSE - Other Index Options'!$D:$D,$A18)=0,"",SUMIFS('BSE - SENSEX Index Options'!$J:$J,'BSE - SENSEX Index Options'!$D:$D,$A18)+SUMIFS('BSE - Other Index Options'!$J:$J,'BSE - Other Index Options'!$D:$D,$A18)) -> 2335516230 | F18: =IF(SUMIFS('BSE - SENSEX Index Options'!$K:$K,'BSE - SENSEX Index Options'!$D:$D,$A18)+SUMIFS('BSE - Other Index Options'!$K:$K,'BSE - Other Index Options'!$D:$D,$A18)=0,"",SUMIFS('BSE - SENSEX Index Options'!$K:$K,'BSE - SENSEX Index Options'!$D:$D,$A18)+SUMIFS('BSE - Other Index Options'!$K:$K,'BSE - Other Index Options'!$D:$D,$A18)) -> 3.963897e+08 | G18: =IF(SUMIFS('BSE - SENSEX Index Options'!$L:$L,'BSE - SENSEX Index Options'!$D:$D,$A18)+SUMIFS('BSE - Other Index Options'!$L:$L,'BSE - Other Index Options'!$D:$D,$A18)=0,"",SUMIFS('BSE - SENSEX Index Options'!$L:$L,'BSE - SENSEX Index Options'!$D:$D,$A18)+SUMIFS('BSE - Other Index Options'!$L:$L,'BSE - Other Index Options'!$D:$D,$A18)) -> 363132.11
A19: 45992 | B19: =IF(SUMIFS('NSE - NIFTY Index Options'!$J:$J,'NSE - NIFTY Index Options'!$D:$D,$A19)+SUMIFS('NSE - Other Index Options'!$J:$J,'NSE - Other Index Options'!$D:$D,$A19)=0,"",SUMIFS('NSE - NIFTY Index Options'!$J:$J,'NSE - NIFTY Index Options'!$D:$D,$A19)+SUMIFS('NSE - Other Index Options'!$J:$J,'NSE - Other Index Options'!$D:$D,$A19)) -> 2990707367 | C19: =IF(SUMIFS('NSE - NIFTY Index Options'!$K:$K,'NSE - NIFTY Index Options'!$D:$D,$A19)+SUMIFS('NSE - Other Index Options'!$K:$K,'NSE - Other Index Options'!$D:$D,$A19)=0,"",SUMIFS('NSE - NIFTY Index Options'!$K:$K,'NSE - NIFTY Index Options'!$D:$D,$A19)+SUMIFS('NSE - Other Index Options'!$K:$K,'NSE - Other Index Options'!$D:$D,$A19)) -> 5.8344601e+08 | D19: =IF(SUMIFS('NSE - NIFTY Index Options'!$L:$L,'NSE - NIFTY Index Options'!$D:$D,$A19)+SUMIFS('NSE - Other Index Options'!$L:$L,'NSE - Other Index Options'!$D:$D,$A19)=0,"",SUMIFS('NSE - NIFTY Index Options'!$L:$L,'NSE - NIFTY Index Options'!$D:$D,$A19)+SUMIFS('NSE - Other Index Options'!$L:$L,'NSE - Other Index Options'!$D:$D,$A19)) -> 946922.96 | E19: =IF(SUMIFS('BSE - SENSEX Index Options'!$J:$J,'BSE - SENSEX Index Options'!$D:$D,$A19)+SUMIFS('BSE - Other Index Options'!$J:$J,'BSE - Other Index Options'!$D:$D,$A19)=0,"",SUMIFS('BSE - SENSEX Index Options'!$J:$J,'BSE - SENSEX Index Options'!$D:$D,$A19)+SUMIFS('BSE - Other Index Options'!$J:$J,'BSE - Other Index Options'!$D:$D,$A19)) -> 2594328292 | F19: =IF(SUMIFS('BSE - SENSEX Index Options'!$K:$K,'BSE - SENSEX Index Options'!$D:$D,$A19)+SUMIFS('BSE - Other Index Options'!$K:$K,'BSE - Other Index Options'!$D:$D,$A19)=0,"",SUMIFS('BSE - SENSEX Index Options'!$K:$K,'BSE - SENSEX Index Options'!$D:$D,$A19)+SUMIFS('BSE - Other Index Options'!$K:$K,'BSE - Other Index Options'!$D:$D,$A19)) -> 4.4144495e+08 | G19: =IF(SUMIFS('BSE - SENSEX Index Options'!$L:$L,'BSE - SENSEX Index Options'!$D:$D,$A19)+SUMIFS('BSE - Other Index Options'!$L:$L,'BSE - Other Index Options'!$D:$D,$A19)=0,"",SUMIFS('BSE - SENSEX Index Options'!$L:$L,'BSE - SENSEX Index Options'!$D:$D,$A19)+SUMIFS('BSE - Other Index Options'!$L:$L,'BSE - Other Index Options'!$D:$D,$A19)) -> 412902.5
A20: 46023 | B20: =IF(SUMIFS('NSE - NIFTY Index Options'!$J:$J,'NSE - NIFTY Index Options'!$D:$D,$A20)+SUMIFS('NSE - Other Index Options'!$J:$J,'NSE - Other Index Options'!$D:$D,$A20)=0,"",SUMIFS('NSE - NIFTY Index Options'!$J:$J,'NSE - NIFTY Index Options'!$D:$D,$A20)+SUMIFS('NSE - Other Index Options'!$J:$J,'NSE - Other Index Options'!$D:$D,$A20)) -> 3556776860 | C20: =IF(SUMIFS('NSE - NIFTY Index Options'!$K:$K,'NSE - NIFTY Index Options'!$D:$D,$A20)+SUMIFS('NSE - Other Index Options'!$K:$K,'NSE - Other Index Options'!$D:$D,$A20)=0,"",SUMIFS('NSE - NIFTY Index Options'!$K:$K,'NSE - NIFTY Index Options'!$D:$D,$A20)+SUMIFS('NSE - Other Index Options'!$K:$K,'NSE - Other Index Options'!$D:$D,$A20)) -> 5.9597918e+08 | D20: =IF(SUMIFS('NSE - NIFTY Index Options'!$L:$L,'NSE - NIFTY Index Options'!$D:$D,$A20)+SUMIFS('NSE - Other Index Options'!$L:$L,'NSE - Other Index Options'!$D:$D,$A20)=0,"",SUMIFS('NSE - NIFTY Index Options'!$L:$L,'NSE - NIFTY Index Options'!$D:$D,$A20)+SUMIFS('NSE - Other Index Options'!$L:$L,'NSE - Other Index Options'!$D:$D,$A20)) -> 1153154 | E20: =IF(SUMIFS('BSE - SENSEX Index Options'!$J:$J,'BSE - SENSEX Index Options'!$D:$D,$A20)+SUMIFS('BSE - Other Index Options'!$J:$J,'BSE - Other Index Options'!$D:$D,$A20)=0,"",SUMIFS('BSE - SENSEX Index Options'!$J:$J,'BSE - SENSEX Index Options'!$D:$D,$A20)+SUMIFS('BSE - Other Index Options'!$J:$J,'BSE - Other Index Options'!$D:$D,$A20)) -> 3431358943 | F20: =IF(SUMIFS('BSE - SENSEX Index Options'!$K:$K,'BSE - SENSEX Index Options'!$D:$D,$A20)+SUMIFS('BSE - Other Index Options'!$K:$K,'BSE - Other Index Options'!$D:$D,$A20)=0,"",SUMIFS('BSE - SENSEX Index Options'!$K:$K,'BSE - SENSEX Index Options'!$D:$D,$A20)+SUMIFS('BSE - Other Index Options'!$K:$K,'BSE - Other Index Options'!$D:$D,$A20)) -> 5.7316405e+08 | G20: =IF(SUMIFS('BSE - SENSEX Index Options'!$L:$L,'BSE - SENSEX Index Options'!$D:$D,$A20)+SUMIFS('BSE - Other Index Options'!$L:$L,'BSE - Other Index Options'!$D:$D,$A20)=0,"",SUMIFS('BSE - SENSEX Index Options'!$L:$L,'BSE - SENSEX Index Options'!$D:$D,$A20)+SUMIFS('BSE - Other Index Options'!$L:$L,'BSE - Other Index Options'!$D:$D,$A20)) -> 575377.84
A21: 46054 | B21: =IF(SUMIFS('NSE - NIFTY Index Options'!$J:$J,'NSE - NIFTY Index Options'!$D:$D,$A21)+SUMIFS('NSE - Other Index Options'!$J:$J,'NSE - Other Index Options'!$D:$D,$A21)=0,"",SUMIFS('NSE - NIFTY Index Options'!$J:$J,'NSE - NIFTY Index Options'!$D:$D,$A21)+SUMIFS('NSE - Other Index Options'!$J:$J,'NSE - Other Index Options'!$D:$D,$A21)) -> 3553974028 | C21: =IF(SUMIFS('NSE - NIFTY Index Options'!$K:$K,'NSE - NIFTY Index Options'!$D:$D,$A21)+SUMIFS('NSE - Other Index Options'!$K:$K,'NSE - Other Index Options'!$D:$D,$A21)=0,"",SUMIFS('NSE - NIFTY Index Options'!$K:$K,'NSE - NIFTY Index Options'!$D:$D,$A21)+SUMIFS('NSE - Other Index Options'!$K:$K,'NSE - Other Index Options'!$D:$D,$A21)) -> 5.9499979e+08 | D21: =IF(SUMIFS('NSE - NIFTY Index Options'!$L:$L,'NSE - NIFTY Index Options'!$D:$D,$A21)+SUMIFS('NSE - Other Index Options'!$L:$L,'NSE - Other Index Options'!$D:$D,$A21)=0,"",SUMIFS('NSE - NIFTY Index Options'!$L:$L,'NSE - NIFTY Index Options'!$D:$D,$A21)+SUMIFS('NSE - Other Index Options'!$L:$L,'NSE - Other Index Options'!$D:$D,$A21)) -> 1283969.3 | E21: =IF(SUMIFS('BSE - SENSEX Index Options'!$J:$J,'BSE - SENSEX Index Options'!$D:$D,$A21)+SUMIFS('BSE - Other Index Options'!$J:$J,'BSE - Other Index Options'!$D:$D,$A21)=0,"",SUMIFS('BSE - SENSEX Index Options'!$J:$J,'BSE - SENSEX Index Options'!$D:$D,$A21)+SUMIFS('BSE - Other Index Options'!$J:$J,'BSE - Other Index Options'!$D:$D,$A21)) -> 2818479299 | F21: =IF(SUMIFS('BSE - SENSEX Index Options'!$K:$K,'BSE - SENSEX Index Options'!$D:$D,$A21)+SUMIFS('BSE - Other Index Options'!$K:$K,'BSE - Other Index Options'!$D:$D,$A21)=0,"",SUMIFS('BSE - SENSEX Index Options'!$K:$K,'BSE - SENSEX Index Options'!$D:$D,$A21)+SUMIFS('BSE - Other Index Options'!$K:$K,'BSE - Other Index Options'!$D:$D,$A21)) -> 4.6934097e+08 | G21: =IF(SUMIFS('BSE - SENSEX Index Options'!$L:$L,'BSE - SENSEX Index Options'!$D:$D,$A21)+SUMIFS('BSE - Other Index Options'!$L:$L,'BSE - Other Index Options'!$D:$D,$A21)=0,"",SUMIFS('BSE - SENSEX Index Options'!$L:$L,'BSE - SENSEX Index Options'!$D:$D,$A21)+SUMIFS('BSE - Other Index Options'!$L:$L,'BSE - Other Index Options'!$D:$D,$A21)) -> 532063.59
A22: 46082 | B22: =IF(SUMIFS('NSE - NIFTY Index Options'!$J:$J,'NSE - NIFTY Index Options'!$D:$D,$A22)+SUMIFS('NSE - Other Index Options'!$J:$J,'NSE - Other Index Options'!$D:$D,$A22)=0,"",SUMIFS('NSE - NIFTY Index Options'!$J:$J,'NSE - NIFTY Index Options'!$D:$D,$A22)+SUMIFS('NSE - Other Index Options'!$J:$J,'NSE - Other Index Options'!$D:$D,$A22)) -> 3507526776 | C22: =IF(SUMIFS('NSE - NIFTY Index Options'!$K:$K,'NSE - NIFTY Index Options'!$D:$D,$A22)+SUMIFS('NSE - Other Index Options'!$K:$K,'NSE - Other Index Options'!$D:$D,$A22)=0,"",SUMIFS('NSE - NIFTY Index Options'!$K:$K,'NSE - NIFTY Index Options'!$D:$D,$A22)+SUMIFS('NSE - Other Index Options'!$K:$K,'NSE - Other Index Options'!$D:$D,$A22)) -> 5.41044e+08 | D22: =IF(SUMIFS('NSE - NIFTY Index Options'!$L:$L,'NSE - NIFTY Index Options'!$D:$D,$A22)+SUMIFS('NSE - Other Index Options'!$L:$L,'NSE - Other Index Options'!$D:$D,$A22)=0,"",SUMIFS('NSE - NIFTY Index Options'!$L:$L,'NSE - NIFTY Index Options'!$D:$D,$A22)+SUMIFS('NSE - Other Index Options'!$L:$L,'NSE - Other Index Options'!$D:$D,$A22)) -> 1624667.9 | E22: =IF(SUMIFS('BSE - SENSEX Index Options'!$J:$J,'BSE - SENSEX Index Options'!$D:$D,$A22)+SUMIFS('BSE - Other Index Options'!$J:$J,'BSE - Other Index Options'!$D:$D,$A22)=0,"",SUMIFS('BSE - SENSEX Index Options'!$J:$J,'BSE - SENSEX Index Options'!$D:$D,$A22)+SUMIFS('BSE - Other Index Options'!$J:$J,'BSE - Other Index Options'!$D:$D,$A22)) -> 2780655501 | F22: =IF(SUMIFS('BSE - SENSEX Index Options'!$K:$K,'BSE - SENSEX Index Options'!$D:$D,$A22)+SUMIFS('BSE - Other Index Options'!$K:$K,'BSE - Other Index Options'!$D:$D,$A22)=0,"",SUMIFS('BSE - SENSEX Index Options'!$K:$K,'BSE - SENSEX Index Options'!$D:$D,$A22)+SUMIFS('BSE - Other Index Options'!$K:$K,'BSE - Other Index Options'!$D:$D,$A22)) -> 4.2746291e+08 | G22: =IF(SUMIFS('BSE - SENSEX Index Options'!$L:$L,'BSE - SENSEX Index Options'!$D:$D,$A22)+SUMIFS('BSE - Other Index Options'!$L:$L,'BSE - Other Index Options'!$D:$D,$A22)=0,"",SUMIFS('BSE - SENSEX Index Options'!$L:$L,'BSE - SENSEX Index Options'!$D:$D,$A22)+SUMIFS('BSE - Other Index Options'!$L:$L,'BSE - Other Index Options'!$D:$D,$A22)) -> 627803.99
A23: 46113 | B23: =IF(SUMIFS('NSE - NIFTY Index Options'!$J:$J,'NSE - NIFTY Index Options'!$D:$D,$A23)+SUMIFS('NSE - Other Index Options'!$J:$J,'NSE - Other Index Options'!$D:$D,$A23)=0,"",SUMIFS('NSE - NIFTY Index Options'!$J:$J,'NSE - NIFTY Index Options'!$D:$D,$A23)+SUMIFS('NSE - Other Index Options'!$J:$J,'NSE - Other Index Options'!$D:$D,$A23)) -> 2704917038 | C23: =IF(SUMIFS('NSE - NIFTY Index Options'!$K:$K,'NSE - NIFTY Index Options'!$D:$D,$A23)+SUMIFS('NSE - Other Index Options'!$K:$K,'NSE - Other Index Options'!$D:$D,$A23)=0,"",SUMIFS('NSE - NIFTY Index Options'!$K:$K,'NSE - NIFTY Index Options'!$D:$D,$A23)+SUMIFS('NSE - Other Index Options'!$K:$K,'NSE - Other Index Options'!$D:$D,$A23)) -> 4.2128809e+08 | D23: =IF(SUMIFS('NSE - NIFTY Index Options'!$L:$L,'NSE - NIFTY Index Options'!$D:$D,$A23)+SUMIFS('NSE - Other Index Options'!$L:$L,'NSE - Other Index Options'!$D:$D,$A23)=0,"",SUMIFS('NSE - NIFTY Index Options'!$L:$L,'NSE - NIFTY Index Options'!$D:$D,$A23)+SUMIFS('NSE - Other Index Options'!$L:$L,'NSE - Other Index Options'!$D:$D,$A23)) -> 1124391.5 | E23: =IF(SUMIFS('BSE - SENSEX Index Options'!$J:$J,'BSE - SENSEX Index Options'!$D:$D,$A23)+SUMIFS('BSE - Other Index Options'!$J:$J,'BSE - Other Index Options'!$D:$D,$A23)=0,"",SUMIFS('BSE - SENSEX Index Options'!$J:$J,'BSE - SENSEX Index Options'!$D:$D,$A23)+SUMIFS('BSE - Other Index Options'!$J:$J,'BSE - Other Index Options'!$D:$D,$A23)) -> 3511987765 | F23: =IF(SUMIFS('BSE - SENSEX Index Options'!$K:$K,'BSE - SENSEX Index Options'!$D:$D,$A23)+SUMIFS('BSE - Other Index Options'!$K:$K,'BSE - Other Index Options'!$D:$D,$A23)=0,"",SUMIFS('BSE - SENSEX Index Options'!$K:$K,'BSE - SENSEX Index Options'!$D:$D,$A23)+SUMIFS('BSE - Other Index Options'!$K:$K,'BSE - Other Index Options'!$D:$D,$A23)) -> 5.3776498e+08 | G23: =IF(SUMIFS('BSE - SENSEX Index Options'!$L:$L,'BSE - SENSEX Index Options'!$D:$D,$A23)+SUMIFS('BSE - Other Index Options'!$L:$L,'BSE - Other Index Options'!$D:$D,$A23)=0,"",SUMIFS('BSE - SENSEX Index Options'!$L:$L,'BSE - SENSEX Index Options'!$D:$D,$A23)+SUMIFS('BSE - Other Index Options'!$L:$L,'BSE - Other Index Options'!$D:$D,$A23)) -> 662899.61
A24: 46143 | B24: =IF(SUMIFS('NSE - NIFTY Index Options'!$J:$J,'NSE - NIFTY Index Options'!$D:$D,$A24)+SUMIFS('NSE - Other Index Options'!$J:$J,'NSE - Other Index Options'!$D:$D,$A24)=0,"",SUMIFS('NSE - NIFTY Index Options'!$J:$J,'NSE - NIFTY Index Options'!$D:$D,$A24)+SUMIFS('NSE - Other Index Options'!$J:$J,'NSE - Other Index Options'!$D:$D,$A24)) -> 3038254197 | C24: =IF(SUMIFS('NSE - NIFTY Index Options'!$K:$K,'NSE - NIFTY Index Options'!$D:$D,$A24)+SUMIFS('NSE - Other Index Options'!$K:$K,'NSE - Other Index Options'!$D:$D,$A24)=0,"",SUMIFS('NSE - NIFTY Index Options'!$K:$K,'NSE - NIFTY Index Options'!$D:$D,$A24)+SUMIFS('NSE - Other Index Options'!$K:$K,'NSE - Other Index Options'!$D:$D,$A24)) -> 4.7374534e+08 | D24: =IF(SUMIFS('NSE - NIFTY Index Options'!$L:$L,'NSE - NIFTY Index Options'!$D:$D,$A24)+SUMIFS('NSE - Other Index Options'!$L:$L,'NSE - Other Index Options'!$D:$D,$A24)=0,"",SUMIFS('NSE - NIFTY Index Options'!$L:$L,'NSE - NIFTY Index Options'!$D:$D,$A24)+SUMIFS('NSE - Other Index Options'!$L:$L,'NSE - Other Index Options'!$D:$D,$A24)) -> 1112871.6 | E24: =IF(SUMIFS('BSE - SENSEX Index Options'!$J:$J,'BSE - SENSEX Index Options'!$D:$D,$A24)+SUMIFS('BSE - Other Index Options'!$J:$J,'BSE - Other Index Options'!$D:$D,$A24)=0,"",SUMIFS('BSE - SENSEX Index Options'!$J:$J,'BSE - SENSEX Index Options'!$D:$D,$A24)+SUMIFS('BSE - Other Index Options'!$J:$J,'BSE - Other Index Options'!$D:$D,$A24)) -> 2859237260 | F24: =IF(SUMIFS('BSE - SENSEX Index Options'!$K:$K,'BSE - SENSEX Index Options'!$D:$D,$A24)+SUMIFS('BSE - Other Index Options'!$K:$K,'BSE - Other Index Options'!$D:$D,$A24)=0,"",SUMIFS('BSE - SENSEX Index Options'!$K:$K,'BSE - SENSEX Index Options'!$D:$D,$A24)+SUMIFS('BSE - Other Index Options'!$K:$K,'BSE - Other Index Options'!$D:$D,$A24)) -> 4.3603399e+08 | G24: =IF(SUMIFS('BSE - SENSEX Index Options'!$L:$L,'BSE - SENSEX Index Options'!$D:$D,$A24)+SUMIFS('BSE - Other Index Options'!$L:$L,'BSE - Other Index Options'!$D:$D,$A24)=0,"",SUMIFS('BSE - SENSEX Index Options'!$L:$L,'BSE - SENSEX Index Options'!$D:$D,$A24)+SUMIFS('BSE - Other Index Options'!$L:$L,'BSE - Other Index Options'!$D:$D,$A24)) -> 563688.26
A25: 46174 | B25: =IF(SUMIFS('NSE - NIFTY Index Options'!$J:$J,'NSE - NIFTY Index Options'!$D:$D,$A25)+SUMIFS('NSE - Other Index Options'!$J:$J,'NSE - Other Index Options'!$D:$D,$A25)=0,"",SUMIFS('NSE - NIFTY Index Options'!$J:$J,'NSE - NIFTY Index Options'!$D:$D,$A25)+SUMIFS('NSE - Other Index Options'!$J:$J,'NSE - Other Index Options'!$D:$D,$A25)) -> 3676370909 | C25: =IF(SUMIFS('NSE - NIFTY Index Options'!$K:$K,'NSE - NIFTY Index Options'!$D:$D,$A25)+SUMIFS('NSE - Other Index Options'!$K:$K,'NSE - Other Index Options'!$D:$D,$A25)=0,"",SUMIFS('NSE - NIFTY Index Options'!$K:$K,'NSE - NIFTY Index Options'!$D:$D,$A25)+SUMIFS('NSE - Other Index Options'!$K:$K,'NSE - Other Index Options'!$D:$D,$A25)) -> 5.7035593e+08 | D25: =IF(SUMIFS('NSE - NIFTY Index Options'!$L:$L,'NSE - NIFTY Index Options'!$D:$D,$A25)+SUMIFS('NSE - Other Index Options'!$L:$L,'NSE - Other Index Options'!$D:$D,$A25)=0,"",SUMIFS('NSE - NIFTY Index Options'!$L:$L,'NSE - NIFTY Index Options'!$D:$D,$A25)+SUMIFS('NSE - Other Index Options'!$L:$L,'NSE - Other Index Options'!$D:$D,$A25)) -> 1148733.7 | E25: =IF(SUMIFS('BSE - SENSEX Index Options'!$J:$J,'BSE - SENSEX Index Options'!$D:$D,$A25)+SUMIFS('BSE - Other Index Options'!$J:$J,'BSE - Other Index Options'!$D:$D,$A25)=0,"",SUMIFS('BSE - SENSEX Index Options'!$J:$J,'BSE - SENSEX Index Options'!$D:$D,$A25)+SUMIFS('BSE - Other Index Options'!$J:$J,'BSE - Other Index Options'!$D:$D,$A25)) -> 2968566958 | F25: =IF(SUMIFS('BSE - SENSEX Index Options'!$K:$K,'BSE - SENSEX Index Options'!$D:$D,$A25)+SUMIFS('BSE - Other Index Options'!$K:$K,'BSE - Other Index Options'!$D:$D,$A25)=0,"",SUMIFS('BSE - SENSEX Index Options'!$K:$K,'BSE - SENSEX Index Options'!$D:$D,$A25)+SUMIFS('BSE - Other Index Options'!$K:$K,'BSE - Other Index Options'!$D:$D,$A25)) -> 4.497161e+08 | G25: =IF(SUMIFS('BSE - SENSEX Index Options'!$L:$L,'BSE - SENSEX Index Options'!$D:$D,$A25)+SUMIFS('BSE - Other Index Options'!$L:$L,'BSE - Other Index Options'!$D:$D,$A25)=0,"",SUMIFS('BSE - SENSEX Index Options'!$L:$L,'BSE - SENSEX Index Options'!$D:$D,$A25)+SUMIFS('BSE - Other Index Options'!$L:$L,'BSE - Other Index Options'!$D:$D,$A25)) -> 550333.89
A26: 46204 | B26: =IF(SUMIFS('NSE - NIFTY Index Options'!$J:$J,'NSE - NIFTY Index Options'!$D:$D,$A26)+SUMIFS('NSE - Other Index Options'!$J:$J,'NSE - Other Index Options'!$D:$D,$A26)=0,"",SUMIFS('NSE - NIFTY Index Options'!$J:$J,'NSE - NIFTY Index Options'!$D:$D,$A26)+SUMIFS('NSE - Other Index Options'!$J:$J,'NSE - Other Index Options'!$D:$D,$A26)) -> 773569308 | C26: =IF(SUMIFS('NSE - NIFTY Index Options'!$K:$K,'NSE - NIFTY Index Options'!$D:$D,$A26)+SUMIFS('NSE - Other Index Options'!$K:$K,'NSE - Other Index Options'!$D:$D,$A26)=0,"",SUMIFS('NSE - NIFTY Index Options'!$K:$K,'NSE - NIFTY Index Options'!$D:$D,$A26)+SUMIFS('NSE - Other Index Options'!$K:$K,'NSE - Other Index Options'!$D:$D,$A26)) -> 1.2267554e+08 | D26: =IF(SUMIFS('NSE - NIFTY Index Options'!$L:$L,'NSE - NIFTY Index Options'!$D:$D,$A26)+SUMIFS('NSE - Other Index Options'!$L:$L,'NSE - Other Index Options'!$D:$D,$A26)=0,"",SUMIFS('NSE - NIFTY Index Options'!$L:$L,'NSE - NIFTY Index Options'!$D:$D,$A26)+SUMIFS('NSE - Other Index Options'!$L:$L,'NSE - Other Index Options'!$D:$D,$A26)) -> 242778.79 | E26: =IF(SUMIFS('BSE - SENSEX Index Options'!$J:$J,'BSE - SENSEX Index Options'!$D:$D,$A26)+SUMIFS('BSE - Other Index Options'!$J:$J,'BSE - Other Index Options'!$D:$D,$A26)=0,"",SUMIFS('BSE - SENSEX Index Options'!$J:$J,'BSE - SENSEX Index Options'!$D:$D,$A26)+SUMIFS('BSE - Other Index Options'!$J:$J,'BSE - Other Index Options'!$D:$D,$A26)) -> 845622618 | F26: =IF(SUMIFS('BSE - SENSEX Index Options'!$K:$K,'BSE - SENSEX Index Options'!$D:$D,$A26)+SUMIFS('BSE - Other Index Options'!$K:$K,'BSE - Other Index Options'!$D:$D,$A26)=0,"",SUMIFS('BSE - SENSEX Index Options'!$K:$K,'BSE - SENSEX Index Options'!$D:$D,$A26)+SUMIFS('BSE - Other Index Options'!$K:$K,'BSE - Other Index Options'!$D:$D,$A26)) -> 1.3085316e+08 | G26: =IF(SUMIFS('BSE - SENSEX Index Options'!$L:$L,'BSE - SENSEX Index Options'!$D:$D,$A26)+SUMIFS('BSE - Other Index Options'!$L:$L,'BSE - Other Index Options'!$D:$D,$A26)=0,"",SUMIFS('BSE - SENSEX Index Options'!$L:$L,'BSE - SENSEX Index Options'!$D:$D,$A26)+SUMIFS('BSE - Other Index Options'!$L:$L,'BSE - Other Index Options'!$D:$D,$A26)) -> 168229.27
A27: 46235 | B27: =IF(SUMIFS('NSE - NIFTY Index Options'!$J:$J,'NSE - NIFTY Index Options'!$D:$D,$A27)+SUMIFS('NSE - Other Index Options'!$J:$J,'NSE - Other Index Options'!$D:$D,$A27)=0,"",SUMIFS('NSE - NIFTY Index Options'!$J:$J,'NSE - NIFTY Index Options'!$D:$D,$A27)+SUMIFS('NSE - Other Index Options'!$J:$J,'NSE - Other Index Options'!$D:$D,$A27)) | C27: =IF(SUMIFS('NSE - NIFTY Index Options'!$K:$K,'NSE - NIFTY Index Options'!$D:$D,$A27)+SUMIFS('NSE - Other Index Options'!$K:$K,'NSE - Other Index Options'!$D:$D,$A27)=0,"",SUMIFS('NSE - NIFTY Index Options'!$K:$K,'NSE - NIFTY Index Options'!$D:$D,$A27)+SUMIFS('NSE - Other Index Options'!$K:$K,'NSE - Other Index Options'!$D:$D,$A27)) | D27: =IF(SUMIFS('NSE - NIFTY Index Options'!$L:$L,'NSE - NIFTY Index Options'!$D:$D,$A27)+SUMIFS('NSE - Other Index Options'!$L:$L,'NSE - Other Index Options'!$D:$D,$A27)=0,"",SUMIFS('NSE - NIFTY Index Options'!$L:$L,'NSE - NIFTY Index Options'!$D:$D,$A27)+SUMIFS('NSE - Other Index Options'!$L:$L,'NSE - Other Index Options'!$D:$D,$A27)) | E27: =IF(SUMIFS('BSE - SENSEX Index Options'!$J:$J,'BSE - SENSEX Index Options'!$D:$D,$A27)+SUMIFS('BSE - Other Index Options'!$J:$J,'BSE - Other Index Options'!$D:$D,$A27)=0,"",SUMIFS('BSE - SENSEX Index Options'!$J:$J,'BSE - SENSEX Index Options'!$D:$D,$A27)+SUMIFS('BSE - Other Index Options'!$J:$J,'BSE - Other Index Options'!$D:$D,$A27)) | F27: =IF(SUMIFS('BSE - SENSEX Index Options'!$K:$K,'BSE - SENSEX Index Options'!$D:$D,$A27)+SUMIFS('BSE - Other Index Options'!$K:$K,'BSE - Other Index Options'!$D:$D,$A27)=0,"",SUMIFS('BSE - SENSEX Index Options'!$K:$K,'BSE - SENSEX Index Options'!$D:$D,$A27)+SUMIFS('BSE - Other Index Options'!$K:$K,'BSE - Other Index Options'!$D:$D,$A27)) | G27: =IF(SUMIFS('BSE - SENSEX Index Options'!$L:$L,'BSE - SENSEX Index Options'!$D:$D,$A27)+SUMIFS('BSE - Other Index Options'!$L:$L,'BSE - Other Index Options'!$D:$D,$A27)=0,"",SUMIFS('BSE - SENSEX Index Options'!$L:$L,'BSE - SENSEX Index Options'!$D:$D,$A27)+SUMIFS('BSE - Other Index Options'!$L:$L,'BSE - Other Index Options'!$D:$D,$A27))
... A43: 46722 | B43: =IF(SUMIFS('NSE - NIFTY Index Options'!$J:$J,'NSE - NIFTY Index Options'!$D:$D,$A43)+SUMIFS('NSE - Other Index Options'!$J:$J,'NSE - Other Index Options'!$D:$D,$A43)=0,"",SUMIFS('NSE - NIFTY Index Options'!$J:$J,'NSE - NIFTY Index Options'!$D:$D,$A43)+SUMIFS('NSE - Other Index Options'!$J:$J,'NSE - Other Index Options'!$D:$D,$A43)) | C43: =IF(SUMIFS('NSE - NIFTY Index Options'!$K:$K,'NSE - NIFTY Index Options'!$D:$D,$A43)+SUMIFS('NSE - Other Index Options'!$K:$K,'NSE - Other Index Options'!$D:$D,$A43)=0,"",SUMIFS('NSE - NIFTY Index Options'!$K:$K,'NSE - NIFTY Index Options'!$D:$D,$A43)+SUMIFS('NSE - Other Index Options'!$K:$K,'NSE - Other Index Options'!$D:$D,$A43)) | D43: =IF(SUMIFS('NSE - NIFTY Index Options'!$L:$L,'NSE - NIFTY Index Options'!$D:$D,$A43)+SUMIFS('NSE - Other Index Options'!$L:$L,'NSE - Other Index Options'!$D:$D,$A43)=0,"",SUMIFS('NSE - NIFTY Index Options'!$L:$L,'NSE - NIFTY Index Options'!$D:$D,$A43)+SUMIFS('NSE - Other Index Options'!$L:$L,'NSE - Other Index Options'!$D:$D,$A43)) | E43: =IF(SUMIFS('BSE - SENSEX Index Options'!$J:$J,'BSE - SENSEX Index Options'!$D:$D,$A43)+SUMIFS('BSE - Other Index Options'!$J:$J,'BSE - Other Index Options'!$D:$D,$A43)=0,"",SUMIFS('BSE - SENSEX Index Options'!$J:$J,'BSE - SENSEX Index Options'!$D:$D,$A43)+SUMIFS('BSE - Other Index Options'!$J:$J,'BSE - Other Index Options'!$D:$D,$A43)) | F43: =IF(SUMIFS('BSE - SENSEX Index Options'!$K:$K,'BSE - SENSEX Index Options'!$D:$D,$A43)+SUMIFS('BSE - Other Index Options'!$K:$K,'BSE - Other Index Options'!$D:$D,$A43)=0,"",SUMIFS('BSE - SENSEX Index Options'!$K:$K,'BSE - SENSEX Index Options'!$D:$D,$A43)+SUMIFS('BSE - Other Index Options'!$K:$K,'BSE - Other Index Options'!$D:$D,$A43)) | G43: =IF(SUMIFS('BSE - SENSEX Index Options'!$L:$L,'BSE - SENSEX Index Options'!$D:$D,$A43)+SUMIFS('BSE - Other Index Options'!$L:$L,'BSE - Other Index Options'!$D:$D,$A43)=0,"",SUMIFS('BSE - SENSEX Index Options'!$L:$L,'BSE - SENSEX Index Options'!$D:$D,$A43)+SUMIFS('BSE - Other Index Options'!$L:$L,'BSE - Other Index Options'!$D:$D,$A43))
A44: Total | B44: =IF(SUM(B16:B43)=0,"",SUM(B16:B43)) -> 32543526141 | C44: =IF(SUM(C16:C43)=0,"",SUM(C16:C43)) -> 5.5742822e+09 | D44: =IF(SUM(D16:D43)=0,"",SUM(D16:D43)) -> 11525884 | E44: =IF(SUM(E16:E43)=0,"",SUM(E16:E43)) -> 29171164790 | F44: =IF(SUM(F16:F43)=0,"",SUM(F16:F43)) -> 4.6914776e+09 | G44: =IF(SUM(G16:G43)=0,"",SUM(G16:G43)) -> 5233083.2

Sheet Analysis1
A1: Premium Turnover Time Series by Trade Day — NSE vs BSE (Sep-2025 onwards, live — populates as master data is updated)
A3: Monday Trade Day
A4: Month | B4: NSE Premium Turnover (INR Crs) | C4: BSE Premium Turnover (INR Crs) | D4: NSE Market Share | E4: BSE Market Share
A5: 45901 | B5: =IF(SUMIFS('NSE - NIFTY Index Options'!$L:$L,'NSE - NIFTY Index Options'!$D:$D,$A5,'NSE - NIFTY Index Options'!$B:$B,"Monday")+SUMIFS('NSE - Other Index Options'!$L:$L,'NSE - Other Index Options'!$D:$D,$A5,'NSE - Other Index Options'!$B:$B,"Monday")=0,"",SUMIFS('NSE - NIFTY Index Options'!$L:$L,'NSE - NIFTY Index Options'!$D:$D,$A5,'NSE - NIFTY Index Options'!$B:$B,"Monday")+SUMIFS('NSE - Other Index Options'!$L:$L,'NSE - Other Index Options'!$D:$D,$A5,'NSE - Other Index Options'!$B:$B,"Monday")) -> 218242.89 | C5: =IF(SUMIFS('BSE - SENSEX Index Options'!$L:$L,'BSE - SENSEX Index Options'!$D:$D,$A5,'BSE - SENSEX Index Options'!$B:$B,"Monday")+SUMIFS('BSE - Other Index Options'!$L:$L,'BSE - Other Index Options'!$D:$D,$A5,'BSE - Other Index Options'!$B:$B,"Monday")=0,"",SUMIFS('BSE - SENSEX Index Options'!$L:$L,'BSE - SENSEX Index Options'!$D:$D,$A5,'BSE - SENSEX Index Options'!$B:$B,"Monday")+SUMIFS('BSE - Other Index Options'!$L:$L,'BSE - Other Index Options'!$D:$D,$A5,'BSE - Other Index Options'!$B:$B,"Monday")) -> 40591.17 | D5: =IF(SUM(B5:C5)=0,"",SUM(B5)/SUM(B5:C5)) -> 0.84317686 | E5: =IF(SUM(B5:C5)=0,"",SUM(C5)/SUM(B5:C5)) -> 0.15682314
A6: 45931 | B6: =IF(SUMIFS('NSE - NIFTY Index Options'!$L:$L,'NSE - NIFTY Index Options'!$D:$D,$A6,'NSE - NIFTY Index Options'!$B:$B,"Monday")+SUMIFS('NSE - Other Index Options'!$L:$L,'NSE - Other Index Options'!$D:$D,$A6,'NSE - Other Index Options'!$B:$B,"Monday")=0,"",SUMIFS('NSE - NIFTY Index Options'!$L:$L,'NSE - NIFTY Index Options'!$D:$D,$A6,'NSE - NIFTY Index Options'!$B:$B,"Monday")+SUMIFS('NSE - Other Index Options'!$L:$L,'NSE - Other Index Options'!$D:$D,$A6,'NSE - Other Index Options'!$B:$B,"Monday")) -> 224685.02 | C6: =IF(SUMIFS('BSE - SENSEX Index Options'!$L:$L,'BSE - SENSEX Index Options'!$D:$D,$A6,'BSE - SENSEX Index Options'!$B:$B,"Monday")+SUMIFS('BSE - Other Index Options'!$L:$L,'BSE - Other Index Options'!$D:$D,$A6,'BSE - Other Index Options'!$B:$B,"Monday")=0,"",SUMIFS('BSE - SENSEX Index Options'!$L:$L,'BSE - SENSEX Index Options'!$D:$D,$A6,'BSE - SENSEX Index Options'!$B:$B,"Monday")+SUMIFS('BSE - Other Index Options'!$L:$L,'BSE - Other Index Options'!$D:$D,$A6,'BSE - Other Index Options'!$B:$B,"Monday")) -> 39126.67 | D6: =IF(SUM(B6:C6)=0,"",SUM(B6)/SUM(B6:C6)) -> 0.85168713 | E6: =IF(SUM(B6:C6)=0,"",SUM(C6)/SUM(B6:C6)) -> 0.14831287
A7: 45962 | B7: =IF(SUMIFS('NSE - NIFTY Index Options'!$L:$L,'NSE - NIFTY Index Options'!$D:$D,$A7,'NSE - NIFTY Index Options'!$B:$B,"Monday")+SUMIFS('NSE - Other Index Options'!$L:$L,'NSE - Other Index Options'!$D:$D,$A7,'NSE - Other Index Options'!$B:$B,"Monday")=0,"",SUMIFS('NSE - NIFTY Index Options'!$L:$L,'NSE - NIFTY Index Options'!$D:$D,$A7,'NSE - NIFTY Index Options'!$B:$B,"Monday")+SUMIFS('NSE - Other Index Options'!$L:$L,'NSE - Other Index Options'!$D:$D,$A7,'NSE - Other Index Options'!$B:$B,"Monday")) -> 196832.15 | C7: =IF(SUMIFS('BSE - SENSEX Index Options'!$L:$L,'BSE - SENSEX Index Options'!$D:$D,$A7,'BSE - SENSEX Index Options'!$B:$B,"Monday")+SUMIFS('BSE - Other Index Options'!$L:$L,'BSE - Other Index Options'!$D:$D,$A7,'BSE - Other Index Options'!$B:$B,"Monday")=0,"",SUMIFS('BSE - SENSEX Index Options'!$L:$L,'BSE - SENSEX Index Options'!$D:$D,$A7,'BSE - SENSEX Index Options'!$B:$B,"Monday")+SUMIFS('BSE - Other Index Options'!$L:$L,'BSE - Other Index Options'!$D:$D,$A7,'BSE - Other Index Options'!$B:$B,"Monday")) -> 34746.32 | D7: =IF(SUM(B7:C7)=0,"",SUM(B7)/SUM(B7:C7)) -> 0.84995876 | E7: =IF(SUM(B7:C7)=0,"",SUM(C7)/SUM(B7:C7)) -> 0.15004124
A8: 45992 | B8: =IF(SUMIFS('NSE - NIFTY Index Options'!$L:$L,'NSE - NIFTY Index Options'!$D:$D,$A8,'NSE - NIFTY Index Options'!$B:$B,"Monday")+SUMIFS('NSE - Other Index Options'!$L:$L,'NSE - Other Index Options'!$D:$D,$A8,'NSE - Other Index Options'!$B:$B,"Monday")=0,"",SUMIFS('NSE - NIFTY Index Options'!$L:$L,'NSE - NIFTY Index Options'!$D:$D,$A8,'NSE - NIFTY Index Options'!$B:$B,"Monday")+SUMIFS('NSE - Other Index Options'!$L:$L,'NSE - Other Index Options'!$D:$D,$A8,'NSE - Other Index Options'!$B:$B,"Monday")) -> 224662.09 | C8: =IF(SUMIFS('BSE - SENSEX Index Options'!$L:$L,'BSE - SENSEX Index Options'!$D:$D,$A8,'BSE - SENSEX Index Options'!$B:$B,"Monday")+SUMIFS('BSE - Other Index Options'!$L:$L,'BSE - Other Index Options'!$D:$D,$A8,'BSE - Other Index Options'!$B:$B,"Monday")=0,"",SUMIFS('BSE - SENSEX Index Options'!$L:$L,'BSE - SENSEX Index Options'!$D:$D,$A8,'BSE - SENSEX Index Options'!$B:$B,"Monday")+SUMIFS('BSE - Other Index Options'!$L:$L,'BSE - Other Index Options'!$D:$D,$A8,'BSE - Other Index Options'!$B:$B,"Monday")) -> 44420.45 | D8: =IF(SUM(B8:C8)=0,"",SUM(B8)/SUM(B8:C8)) -> 0.83491887 | E8: =IF(SUM(B8:C8)=0,"",SUM(C8)/SUM(B8:C8)) -> 0.16508113
A9: 46023 | B9: =IF(SUMIFS('NSE - NIFTY Index Options'!$L:$L,'NSE - NIFTY Index Options'!$D:$D,$A9,'NSE - NIFTY Index Options'!$B:$B,"Monday")+SUMIFS('NSE - Other Index Options'!$L:$L,'NSE - Other Index Options'!$D:$D,$A9,'NSE - Other Index Options'!$B:$B,"Monday")=0,"",SUMIFS('NSE - NIFTY Index Options'!$L:$L,'NSE - NIFTY Index Options'!$D:$D,$A9,'NSE - NIFTY Index Options'!$B:$B,"Monday")+SUMIFS('NSE - Other Index Options'!$L:$L,'NSE - Other Index Options'!$D:$D,$A9,'NSE - Other Index Options'!$B:$B,"Monday")) -> 188703.59 | C9: =IF(SUMIFS('BSE - SENSEX Index Options'!$L:$L,'BSE - SENSEX Index Options'!$D:$D,$A9,'BSE - SENSEX Index Options'!$B:$B,"Monday")+SUMIFS('BSE - Other Index Options'!$L:$L,'BSE - Other Index Options'!$D:$D,$A9,'BSE - Other Index Options'!$B:$B,"Monday")=0,"",SUMIFS('BSE - SENSEX Index Options'!$L:$L,'BSE - SENSEX Index Options'!$D:$D,$A9,'BSE - SENSEX Index Options'!$B:$B,"Monday")+SUMIFS('BSE - Other Index Options'!$L:$L,'BSE - Other Index Options'!$D:$D,$A9,'BSE - Other Index Options'!$B:$B,"Monday")) -> 40606.1 | D9: =IF(SUM(B9:C9)=0,"",SUM(B9)/SUM(B9:C9)) -> 0.82292026 | E9: =IF(SUM(B9:C9)=0,"",SUM(C9)/SUM(B9:C9)) -> 0.17707974
A10: 46054 | B10: =IF(SUMIFS('NSE - NIFTY Index Options'!$L:$L,'NSE - NIFTY Index Options'!$D:$D,$A10,'NSE - NIFTY Index Options'!$B:$B,"Monday")+SUMIFS('NSE - Other Index Options'!$L:$L,'NSE - Other Index Options'!$D:$D,$A10,'NSE - Other Index Options'!$B:$B,"Monday")=0,"",SUMIFS('NSE - NIFTY Index Options'!$L:$L,'NSE - NIFTY Index Options'!$D:$D,$A10,'NSE - NIFTY Index Options'!$B:$B,"Monday")+SUMIFS('NSE - Other Index Options'!$L:$L,'NSE - Other Index Options'!$D:$D,$A10,'NSE - Other Index Options'!$B:$B,"Monday")) -> 273585.4 | C10: =IF(SUMIFS('BSE - SENSEX Index Options'!$L:$L,'BSE - SENSEX Index Options'!$D:$D,$A10,'BSE - SENSEX Index Options'!$B:$B,"Monday")+SUMIFS('BSE - Other Index Options'!$L:$L,'BSE - Other Index Options'!$D:$D,$A10,'BSE - Other Index Options'!$B:$B,"Monday")=0,"",SUMIFS('BSE - SENSEX Index Options'!$L:$L,'BSE - SENSEX Index Options'!$D:$D,$A10,'BSE - SENSEX Index Options'!$B:$B,"Monday")+SUMIFS('BSE - Other Index Options'!$L:$L,'BSE - Other Index Options'!$D:$D,$A10,'BSE - Other Index Options'!$B:$B,"Monday")) -> 49539.82 | D10: =IF(SUM(B10:C10)=0,"",SUM(B10)/SUM(B10:C10)) -> 0.84668538 | E10: =IF(SUM(B10:C10)=0,"",SUM(C10)/SUM(B10:C10)) -> 0.15331462
A11: 46082 | B11: =IF(SUMIFS('NSE - NIFTY Index Options'!$L:$L,'NSE - NIFTY Index Options'!$D:$D,$A11,'NSE - NIFTY Index Options'!$B:$B,"Monday")+SUMIFS('NSE - Other Index Options'!$L:$L,'NSE - Other Index Options'!$D:$D,$A11,'NSE - Other Index Options'!$B:$B,"Monday")=0,"",SUMIFS('NSE - NIFTY Index Options'!$L:$L,'NSE - NIFTY Index Options'!$D:$D,$A11,'NSE - NIFTY Index Options'!$B:$B,"Monday")+SUMIFS('NSE - Other Index Options'!$L:$L,'NSE - Other Index Options'!$D:$D,$A11,'NSE - Other Index Options'!$B:$B,"Monday")) -> 550323.86 | C11: =IF(SUMIFS('BSE - SENSEX Index Options'!$L:$L,'BSE - SENSEX Index Options'!$D:$D,$A11,'BSE - SENSEX Index Options'!$B:$B,"Monday")+SUMIFS('BSE - Other Index Options'!$L:$L,'BSE - Other Index Options'!$D:$D,$A11,'BSE - Other Index Options'!$B:$B,"Monday")=0,"",SUMIFS('BSE - SENSEX Index Options'!$L:$L,'BSE - SENSEX Index Options'!$D:$D,$A11,'BSE - SENSEX Index Options'!$B:$B,"Monday")+SUMIFS('BSE - Other Index Options'!$L:$L,'BSE - Other Index Options'!$D:$D,$A11,'BSE - Other Index Options'!$B:$B,"Monday")) -> 80746.14 | D11: =IF(SUM(B11:C11)=0,"",SUM(B11)/SUM(B11:C11)) -> 0.87204884 | E11: =IF(SUM(B11:C11)=0,"",SUM(C11)/SUM(B11:C11)) -> 0.12795116
A12: 46113 | B12: =IF(SUMIFS('NSE - NIFTY Index Options'!$L:$L,'NSE - NIFTY Index Options'!$D:$D,$A12,'NSE - NIFTY Index Options'!$B:$B,"Monday")+SUMIFS('NSE - Other Index Options'!$L:$L,'NSE - Other Index Options'!$D:$D,$A12,'NSE - Other Index Options'!$B:$B,"Monday")=0,"",SUMIFS('NSE - NIFTY Index Options'!$L:$L,'NSE - NIFTY Index Options'!$D:$D,$A12,'NSE - NIFTY Index Options'!$B:$B,"Monday")+SUMIFS('NSE - Other Index Options'!$L:$L,'NSE - Other Index Options'!$D:$D,$A12,'NSE - Other Index Options'!$B:$B,"Monday")) -> 300947.8 | C12: =IF(SUMIFS('BSE - SENSEX Index Options'!$L:$L,'BSE - SENSEX Index Options'!$D:$D,$A12,'BSE - SENSEX Index Options'!$B:$B,"Monday")+SUMIFS('BSE - Other Index Options'!$L:$L,'BSE - Other Index Options'!$D:$D,$A12,'BSE - Other Index Options'!$B:$B,"Monday")=0,"",SUMIFS('BSE - SENSEX Index Options'!$L:$L,'BSE - SENSEX Index Options'!$D:$D,$A12,'BSE - SENSEX Index Options'!$B:$B,"Monday")+SUMIFS('BSE - Other Index Options'!$L:$L,'BSE - Other Index Options'!$D:$D,$A12,'BSE - Other Index Options'!$B:$B,"Monday")) -> 49042.14 | D12: =IF(SUM(B12:C12)=0,"",SUM(B12)/SUM(B12:C12)) -> 0.85987557 | E12: =IF(SUM(B12:C12)=0,"",SUM(C12)/SUM(B12:C12)) -> 0.14012443
A13: 46143 | B13: =IF(SUMIFS('NSE - NIFTY Index Options'!$L:$L,'NSE - NIFTY Index Options'!$D:$D,$A13,'NSE - NIFTY Index Options'!$B:$B,"Monday")+SUMIFS('NSE - Other Index Options'!$L:$L,'NSE - Other Index Options'!$D:$D,$A13,'NSE - Other Index Options'!$B:$B,"Monday")=0,"",SUMIFS('NSE - NIFTY Index Options'!$L:$L,'NSE - NIFTY Index Options'!$D:$D,$A13,'NSE - NIFTY Index Options'!$B:$B,"Monday")+SUMIFS('NSE - Other Index Options'!$L:$L,'NSE - Other Index Options'!$D:$D,$A13,'NSE - Other Index Options'!$B:$B,"Monday")) -> 275956.83 | C13: =IF(SUMIFS('BSE - SENSEX Index Options'!$L:$L,'BSE - SENSEX Index Options'!$D:$D,$A13,'BSE - SENSEX Index Options'!$B:$B,"Monday")+SUMIFS('BSE - Other Index Options'!$L:$L,'BSE - Other Index Options'!$D:$D,$A13,'BSE - Other Index Options'!$B:$B,"Monday")=0,"",SUMIFS('BSE - SENSEX Index Options'!$L:$L,'BSE - SENSEX Index Options'!$D:$D,$A13,'BSE - SENSEX Index Options'!$B:$B,"Monday")+SUMIFS('BSE - Other Index Options'!$L:$L,'BSE - Other Index Options'!$D:$D,$A13,'BSE - Other Index Options'!$B:$B,"Monday")) -> 51821.24 | D13: =IF(SUM(B13:C13)=0,"",SUM(B13)/SUM(B13:C13)) -> 0.84190144 | E13: =IF(SUM(B13:C13)=0,"",SUM(C13)/SUM(B13:C13)) -> 0.15809856
A14: 46174 | B14: =IF(SUMIFS('NSE - NIFTY Index Options'!$L:$L,'NSE - NIFTY Index Options'!$D:$D,$A14,'NSE - NIFTY Index Options'!$B:$B,"Monday")+SUMIFS('NSE - Other Index Options'!$L:$L,'NSE - Other Index Options'!$D:$D,$A14,'NSE - Other Index Options'!$B:$B,"Monday")=0,"",SUMIFS('NSE - NIFTY Index Options'!$L:$L,'NSE - NIFTY Index Options'!$D:$D,$A14,'NSE - NIFTY Index Options'!$B:$B,"Monday")+SUMIFS('NSE - Other Index Options'!$L:$L,'NSE - Other Index Options'!$D:$D,$A14,'NSE - Other Index Options'!$B:$B,"Monday")) -> 292181.6 | C14: =IF(SUMIFS('BSE - SENSEX Index Options'!$L:$L,'BSE - SENSEX Index Options'!$D:$D,$A14,'BSE - SENSEX Index Options'!$B:$B,"Monday")+SUMIFS('BSE - Other Index Options'!$L:$L,'BSE - Other Index Options'!$D:$D,$A14,'BSE - Other Index Options'!$B:$B,"Monday")=0,"",SUMIFS('BSE - SENSEX Index Options'!$L:$L,'BSE - SENSEX Index Options'!$D:$D,$A14,'BSE - SENSEX Index Options'!$B:$B,"Monday")+SUMIFS('BSE - Other Index Options'!$L:$L,'BSE - Other Index Options'!$D:$D,$A14,'BSE - Other Index Options'!$B:$B,"Monday")) -> 52472.05 | D14: =IF(SUM(B14:C14)=0,"",SUM(B14)/SUM(B14:C14)) -> 0.84775426 | E14: =IF(SUM(B14:C14)=0,"",SUM(C14)/SUM(B14:C14)) -> 0.15224574
A15: 46204 | B15: =IF(SUMIFS('NSE - NIFTY Index Options'!$L:$L,'NSE - NIFTY Index Options'!$D:$D,$A15,'NSE - NIFTY Index Options'!$B:$B,"Monday")+SUMIFS('NSE - Other Index Options'!$L:$L,'NSE - Other Index Options'!$D:$D,$A15,'NSE - Other Index Options'!$B:$B,"Monday")=0,"",SUMIFS('NSE - NIFTY Index Options'!$L:$L,'NSE - NIFTY Index Options'!$D:$D,$A15,'NSE - NIFTY Index Options'!$B:$B,"Monday")+SUMIFS('NSE - Other Index Options'!$L:$L,'NSE - Other Index Options'!$D:$D,$A15,'NSE - Other Index Options'!$B:$B,"Monday")) -> 38844.05 | C15: =IF(SUMIFS('BSE - SENSEX Index Options'!$L:$L,'BSE - SENSEX Index Options'!$D:$D,$A15,'BSE - SENSEX Index Options'!$B:$B,"Monday")+SUMIFS('BSE - Other Index Options'!$L:$L,'BSE - Other Index Options'!$D:$D,$A15,'BSE - Other Index Options'!$B:$B,"Monday")=0,"",SUMIFS('BSE - SENSEX Index Options'!$L:$L,'BSE - SENSEX Index Options'!$D:$D,$A15,'BSE - SENSEX Index Options'!$B:$B,"Monday")+SUMIFS('BSE - Other Index Options'!$L:$L,'BSE - Other Index Options'!$D:$D,$A15,'BSE - Other Index Options'!$B:$B,"Monday")) -> 8708.01 | D15: =IF(SUM(B15:C15)=0,"",SUM(B15)/SUM(B15:C15)) -> 0.81687418 | E15: =IF(SUM(B15:C15)=0,"",SUM(C15)/SUM(B15:C15)) -> 0.18312582
A16: 46235 | B16: =IF(SUMIFS('NSE - NIFTY Index Options'!$L:$L,'NSE - NIFTY Index Options'!$D:$D,$A16,'NSE - NIFTY Index Options'!$B:$B,"Monday")+SUMIFS('NSE - Other Index Options'!$L:$L,'NSE - Other Index Options'!$D:$D,$A16,'NSE - Other Index Options'!$B:$B,"Monday")=0,"",SUMIFS('NSE - NIFTY Index Options'!$L:$L,'NSE - NIFTY Index Options'!$D:$D,$A16,'NSE - NIFTY Index Options'!$B:$B,"Monday")+SUMIFS('NSE - Other Index Options'!$L:$L,'NSE - Other Index Options'!$D:$D,$A16,'NSE - Other Index Options'!$B:$B,"Monday")) | C16: =IF(SUMIFS('BSE - SENSEX Index Options'!$L:$L,'BSE - SENSEX Index Options'!$D:$D,$A16,'BSE - SENSEX Index Options'!$B:$B,"Monday")+SUMIFS('BSE - Other Index Options'!$L:$L,'BSE - Other Index Options'!$D:$D,$A16,'BSE - Other Index Options'!$B:$B,"Monday")=0,"",SUMIFS('BSE - SENSEX Index Options'!$L:$L,'BSE - SENSEX Index Options'!$D:$D,$A16,'BSE - SENSEX Index Options'!$B:$B,"Monday")+SUMIFS('BSE - Other Index Options'!$L:$L,'BSE - Other Index Options'!$D:$D,$A16,'BSE - Other Index Options'!$B:$B,"Monday")) | D16: =IF(SUM(B16:C16)=0,"",SUM(B16)/SUM(B16:C16)) | E16: =IF(SUM(B16:C16)=0,"",SUM(C16)/SUM(B16:C16))
... A32: 46722 | B32: =IF(SUMIFS('NSE - NIFTY Index Options'!$L:$L,'NSE - NIFTY Index Options'!$D:$D,$A32,'NSE - NIFTY Index Options'!$B:$B,"Monday")+SUMIFS('NSE - Other Index Options'!$L:$L,'NSE - Other Index Options'!$D:$D,$A32,'NSE - Other Index Options'!$B:$B,"Monday")=0,"",SUMIFS('NSE - NIFTY Index Options'!$L:$L,'NSE - NIFTY Index Options'!$D:$D,$A32,'NSE - NIFTY Index Options'!$B:$B,"Monday")+SUMIFS('NSE - Other Index Options'!$L:$L,'NSE - Other Index Options'!$D:$D,$A32,'NSE - Other Index Options'!$B:$B,"Monday")) | C32: =IF(SUMIFS('BSE - SENSEX Index Options'!$L:$L,'BSE - SENSEX Index Options'!$D:$D,$A32,'BSE - SENSEX Index Options'!$B:$B,"Monday")+SUMIFS('BSE - Other Index Options'!$L:$L,'BSE - Other Index Options'!$D:$D,$A32,'BSE - Other Index Options'!$B:$B,"Monday")=0,"",SUMIFS('BSE - SENSEX Index Options'!$L:$L,'BSE - SENSEX Index Options'!$D:$D,$A32,'BSE - SENSEX Index Options'!$B:$B,"Monday")+SUMIFS('BSE - Other Index Options'!$L:$L,'BSE - Other Index Options'!$D:$D,$A32,'BSE - Other Index Options'!$B:$B,"Monday")) | D32: =IF(SUM(B32:C32)=0,"",SUM(B32)/SUM(B32:C32)) | E32: =IF(SUM(B32:C32)=0,"",SUM(C32)/SUM(B32:C32))
A33: Total | B33: =IF(SUM(B5:B32)=0,"",SUM(B5:B32)) -> 2784965.3 | C33: =IF(SUM(C5:C32)=0,"",SUM(C5:C32)) -> 491820.11 | D33: =IF(SUM(B33:C33)=0,"",SUM(B33)/SUM(B33:C33)) -> 0.84990774 | E33: =IF(SUM(B33:C33)=0,"",SUM(C33)/SUM(B33:C33)) -> 0.15009226
A35: Tuesday Trade Day
A36: Month | B36: NSE Premium Turnover (INR Crs) | C36: BSE Premium Turnover (INR Crs) | D36: NSE Market Share | E36: BSE Market Share
A37: 45901 | B37: =IF(SUMIFS('NSE - NIFTY Index Options'!$L:$L,'NSE - NIFTY Index Options'!$D:$D,$A37,'NSE - NIFTY Index Options'!$B:$B,"Tuesday")+SUMIFS('NSE - Other Index Options'!$L:$L,'NSE - Other Index Options'!$D:$D,$A37,'NSE - Other Index Options'!$B:$B,"Tuesday")=0,"",SUMIFS('NSE - NIFTY Index Options'!$L:$L,'NSE - NIFTY Index Options'!$D:$D,$A37,'NSE - NIFTY Index Options'!$B:$B,"Tuesday")+SUMIFS('NSE - Other Index Options'!$L:$L,'NSE - Other Index Options'!$D:$D,$A37,'NSE - Other Index Options'!$B:$B,"Tuesday")) -> 295244.49 | C37: =IF(SUMIFS('BSE - SENSEX Index Options'!$L:$L,'BSE - SENSEX Index Options'!$D:$D,$A37,'BSE - SENSEX Index Options'!$B:$B,"Tuesday")+SUMIFS('BSE - Other Index Options'!$L:$L,'BSE - Other Index Options'!$D:$D,$A37,'BSE - Other Index Options'!$B:$B,"Tuesday")=0,"",SUMIFS('BSE - SENSEX Index Options'!$L:$L,'BSE - SENSEX Index Options'!$D:$D,$A37,'BSE - SENSEX Index Options'!$B:$B,"Tuesday")+SUMIFS('BSE - Other Index Options'!$L:$L,'BSE - Other Index Options'!$D:$D,$A37,'BSE - Other Index Options'!$B:$B,"Tuesday")) -> 41472.37 | D37: =IF(SUM(B37:C37)=0,"",SUM(B37)/SUM(B37:C37)) -> 0.87683311 | E37: =IF(SUM(B37:C37)=0,"",SUM(C37)/SUM(B37:C37)) -> 0.12316689
A38: 45931 | B38: =IF(SUMIFS('NSE - NIFTY Index Options'!$L:$L,'NSE - NIFTY Index Options'!$D:$D,$A38,'NSE - NIFTY Index Options'!$B:$B,"Tuesday")+SUMIFS('NSE - Other Index Options'!$L:$L,'NSE - Other Index Options'!$D:$D,$A38,'NSE - Other Index Options'!$B:$B,"Tuesday")=0,"",SUMIFS('NSE - NIFTY Index Options'!$L:$L,'NSE - NIFTY Index Options'!$D:$D,$A38,'NSE - NIFTY Index Options'!$B:$B,"Tuesday")+SUMIFS('NSE - Other Index Options'!$L:$L,'NSE - Other Index Options'!$D:$D,$A38,'NSE - Other Index Options'!$B:$B,"Tuesday")) -> 235273.76 | C38: =IF(SUMIFS('BSE - SENSEX Index Options'!$L:$L,'BSE - SENSEX Index Options'!$D:$D,$A38,'BSE - SENSEX Index Options'!$B:$B,"Tuesday")+SUMIFS('BSE - Other Index Options'!$L:$L,'BSE - Other Index Options'!$D:$D,$A38,'BSE - Other Index Options'!$B:$B,"Tuesday")=0,"",SUMIFS('BSE - SENSEX Index Options'!$L:$L,'BSE - SENSEX Index Options'!$D:$D,$A38,'BSE - SENSEX Index Options'!$B:$B,"Tuesday")+SUMIFS('BSE - Other Index Options'!$L:$L,'BSE - Other Index Options'!$D:$D,$A38,'BSE - Other Index Options'!$B:$B,"Tuesday")) -> 36671.18 | D38: =IF(SUM(B38:C38)=0,"",SUM(B38)/SUM(B38:C38)) -> 0.86515219 | E38: =IF(SUM(B38:C38)=0,"",SUM(C38)/SUM(B38:C38)) -> 0.13484781
A39: 45962 | B39: =IF(SUMIFS('NSE - NIFTY Index Options'!$L:$L,'NSE - NIFTY Index Options'!$D:$D,$A39,'NSE - NIFTY Index Options'!$B:$B,"Tuesday")+SUMIFS('NSE - Other Index Options'!$L:$L,'NSE - Other Index Options'!$D:$D,$A39,'NSE - Other Index Options'!$B:$B,"Tuesday")=0,"",SUMIFS('NSE - NIFTY Index Options'!$L:$L,'NSE - NIFTY Index Options'!$D:$D,$A39,'NSE - NIFTY Index Options'!$B:$B,"Tuesday")+SUMIFS('NSE - Other Index Options'!$L:$L,'NSE - Other Index Options'!$D:$D,$A39,'NSE - Other Index Options'!$B:$B,"Tuesday")) -> 258753.37 | C39: =IF(SUMIFS('BSE - SENSEX Index Options'!$L:$L,'BSE - SENSEX Index Options'!$D:$D,$A39,'BSE - SENSEX Index Options'!$B:$B,"Tuesday")+SUMIFS('BSE - Other Index Options'!$L:$L,'BSE - Other Index Options'!$D:$D,$A39,'BSE - Other Index Options'!$B:$B,"Tuesday")=0,"",SUMIFS('BSE - SENSEX Index Options'!$L:$L,'BSE - SENSEX Index Options'!$D:$D,$A39,'BSE - SENSEX Index Options'!$B:$B,"Tuesday")+SUMIFS('BSE - Other Index Options'!$L:$L,'BSE - Other Index Options'!$D:$D,$A39,'BSE - Other Index Options'!$B:$B,"Tuesday")) -> 37451.27 | D39: =IF(SUM(B39:C39)=0,"",SUM(B39)/SUM(B39:C39)) -> 0.87356285 | E39: =IF(SUM(B39:C39)=0,"",SUM(C39)/SUM(B39:C39)) -> 0.12643715
A40: 45992 | B40: =IF(SUMIFS('NSE - NIFTY Index Options'!$L:$L,'NSE - NIFTY Index Options'!$D:$D,$A40,'NSE - NIFTY Index Options'!$B:$B,"Tuesday")+SUMIFS('NSE - Other Index Options'!$L:$L,'NSE - Other Index Options'!$D:$D,$A40,'NSE - Other Index Options'!$B:$B,"Tuesday")=0,"",SUMIFS('NSE - NIFTY Index Options'!$L:$L,'NSE - NIFTY Index Options'!$D:$D,$A40,'NSE - NIFTY Index Options'!$B:$B,"Tuesday")+SUMIFS('NSE - Other Index Options'!$L:$L,'NSE - Other Index Options'!$D:$D,$A40,'NSE - Other Index Options'!$B:$B,"Tuesday")) -> 294368.69 | C40: =IF(SUMIFS('BSE - SENSEX Index Options'!$L:$L,'BSE - SENSEX Index Options'!$D:$D,$A40,'BSE - SENSEX Index Options'!$B:$B,"Tuesday")+SUMIFS('BSE - Other Index Options'!$L:$L,'BSE - Other Index Options'!$D:$D,$A40,'BSE - Other Index Options'!$B:$B,"Tuesday")=0,"",SUMIFS('BSE - SENSEX Index Options'!$L:$L,'BSE - SENSEX Index Options'!$D:$D,$A40,'BSE - SENSEX Index Options'!$B:$B,"Tuesday")+SUMIFS('BSE - Other Index Options'!$L:$L,'BSE - Other Index Options'!$D:$D,$A40,'BSE - Other Index Options'!$B:$B,"Tuesday")) -> 44711.59 | D40: =IF(SUM(B40:C40)=0,"",SUM(B40)/SUM(B40:C40)) -> 0.86813863 | E40: =IF(SUM(B40:C40)=0,"",SUM(C40)/SUM(B40:C40)) -> 0.13186137
A41: 46023 | B41: =IF(SUMIFS('NSE - NIFTY Index Options'!$L:$L,'NSE - NIFTY Index Options'!$D:$D,$A41,'NSE - NIFTY Index Options'!$B:$B,"Tuesday")+SUMIFS('NSE - Other Index Options'!$L:$L,'NSE - Other Index Options'!$D:$D,$A41,'NSE - Other Index Options'!$B:$B,"Tuesday")=0,"",SUMIFS('NSE - NIFTY Index Options'!$L:$L,'NSE - NIFTY Index Options'!$D:$D,$A41,'NSE - NIFTY Index Options'!$B:$B,"Tuesday")+SUMIFS('NSE - Other Index Options'!$L:$L,'NSE - Other Index Options'!$D:$D,$A41,'NSE - Other Index Options'!$B:$B,"Tuesday")) -> 325809.67 | C41: =IF(SUMIFS('BSE - SENSEX Index Options'!$L:$L,'BSE - SENSEX Index Options'!$D:$D,$A41,'BSE - SENSEX Index Options'!$B:$B,"Tuesday")+SUMIFS('BSE - Other Index Options'!$L:$L,'BSE - Other Index Options'!$D:$D,$A41,'BSE - Other Index Options'!$B:$B,"Tuesday")=0,"",SUMIFS('BSE - SENSEX Index Options'!$L:$L,'BSE - SENSEX Index Options'!$D:$D,$A41,'BSE - SENSEX Index Options'!$B:$B,"Tuesday")+SUMIFS('BSE - Other Index Options'!$L:$L,'BSE - Other Index Options'!$D:$D,$A41,'BSE - Other Index Options'!$B:$B,"Tuesday")) -> 56750.32 | D41: =IF(SUM(B41:C41)=0,"",SUM(B41)/SUM(B41:C41)) -> 0.85165642 | E41: =IF(SUM(B41:C41)=0,"",SUM(C41)/SUM(B41:C41)) -> 0.14834358
A42: 46054 | B42: =IF(SUMIFS('NSE - NIFTY Index Options'!$L:$L,'NSE - NIFTY Index Options'!$D:$D,$A42,'NSE - NIFTY Index Options'!$B:$B,"Tuesday")+SUMIFS('NSE - Other Index Options'!$L:$L,'NSE - Other Index Options'!$D:$D,$A42,'NSE - Other Index Options'!$B:$B,"Tuesday")=0,"",SUMIFS('NSE - NIFTY Index Options'!$L:$L,'NSE - NIFTY Index Options'!$D:$D,$A42,'NSE - NIFTY Index Options'!$B:$B,"Tuesday")+SUMIFS('NSE - Other Index Options'!$L:$L,'NSE - Other Index Options'!$D:$D,$A42,'NSE - Other Index Options'!$B:$B,"Tuesday")) -> 344645.84 | C42: =IF(SUMIFS('BSE - SENSEX Index Options'!$L:$L,'BSE - SENSEX Index Options'!$D:$D,$A42,'BSE - SENSEX Index Options'!$B:$B,"Tuesday")+SUMIFS('BSE - Other Index Options'!$L:$L,'BSE - Other Index Options'!$D:$D,$A42,'BSE - Other Index Options'!$B:$B,"Tuesday")=0,"",SUMIFS('BSE - SENSEX Index Options'!$L:$L,'BSE - SENSEX Index Options'!$D:$D,$A42,'BSE - SENSEX Index Options'!$B:$B,"Tuesday")+SUMIFS('BSE - Other Index Options'!$L:$L,'BSE - Other Index Options'!$D:$D,$A42,'BSE - Other Index Options'!$B:$B,"Tuesday")) -> 52376.41 | D42: =IF(SUM(B42:C42)=0,"",SUM(B42)/SUM(B42:C42)) -> 0.86807689 | E42: =IF(SUM(B42:C42)=0,"",SUM(C42)/SUM(B42:C42)) -> 0.13192311
A43: 46082 | B43: =IF(SUMIFS('NSE - NIFTY Index Options'!$L:$L,'NSE - NIFTY Index Options'!$D:$D,$A43,'NSE - NIFTY Index Options'!$B:$B,"Tuesday")+SUMIFS('NSE - Other Index Options'!$L:$L,'NSE - Other Index Options'!$D:$D,$A43,'NSE - Other Index Options'!$B:$B,"Tuesday")=0,"",SUMIFS('NSE - NIFTY Index Options'!$L:$L,'NSE - NIFTY Index Options'!$D:$D,$A43,'NSE - NIFTY Index Options'!$B:$B,"Tuesday")+SUMIFS('NSE - Other Index Options'!$L:$L,'NSE - Other Index Options'!$D:$D,$A43,'NSE - Other Index Options'!$B:$B,"Tuesday")) -> 333055.23 | C43: =IF(SUMIFS('BSE - SENSEX Index Options'!$L:$L,'BSE - SENSEX Index Options'!$D:$D,$A43,'BSE - SENSEX Index Options'!$B:$B,"Tuesday")+SUMIFS('BSE - Other Index Options'!$L:$L,'BSE - Other Index Options'!$D:$D,$A43,'BSE - Other Index Options'!$B:$B,"Tuesday")=0,"",SUMIFS('BSE - SENSEX Index Options'!$L:$L,'BSE - SENSEX Index Options'!$D:$D,$A43,'BSE - SENSEX Index Options'!$B:$B,"Tuesday")+SUMIFS('BSE - Other Index Options'!$L:$L,'BSE - Other Index Options'!$D:$D,$A43,'BSE - Other Index Options'!$B:$B,"Tuesday")) -> 49767.1 | D43: =IF(SUM(B43:C43)=0,"",SUM(B43)/SUM(B43:C43)) -> 0.86999949 | E43: =IF(SUM(B43:C43)=0,"",SUM(C43)/SUM(B43:C43)) -> 0.13000051
A44: 46113 | B44: =IF(SUMIFS('NSE - NIFTY Index Options'!$L:$L,'NSE - NIFTY Index Options'!$D:$D,$A44,'NSE - NIFTY Index Options'!$B:$B,"Tuesday")+SUMIFS('NSE - Other Index Options'!$L:$L,'NSE - Other Index Options'!$D:$D,$A44,'NSE - Other Index Options'!$B:$B,"Tuesday")=0,"",SUMIFS('NSE - NIFTY Index Options'!$L:$L,'NSE - NIFTY Index Options'!$D:$D,$A44,'NSE - NIFTY Index Options'!$B:$B,"Tuesday")+SUMIFS('NSE - Other Index Options'!$L:$L,'NSE - Other Index Options'!$D:$D,$A44,'NSE - Other Index Options'!$B:$B,"Tuesday")) -> 245311.47 | C44: =IF(SUMIFS('BSE - SENSEX Index Options'!$L:$L,'BSE - SENSEX Index Options'!$D:$D,$A44,'BSE - SENSEX Index Options'!$B:$B,"Tuesday")+SUMIFS('BSE - Other Index Options'!$L:$L,'BSE - Other Index Options'!$D:$D,$A44,'BSE - Other Index Options'!$B:$B,"Tuesday")=0,"",SUMIFS('BSE - SENSEX Index Options'!$L:$L,'BSE - SENSEX Index Options'!$D:$D,$A44,'BSE - SENSEX Index Options'!$B:$B,"Tuesday")+SUMIFS('BSE - Other Index Options'!$L:$L,'BSE - Other Index Options'!$D:$D,$A44,'BSE - Other Index Options'!$B:$B,"Tuesday")) -> 32501.9 | D44: =IF(SUM(B44:C44)=0,"",SUM(B44)/SUM(B44:C44)) -> 0.88300815 | E44: =IF(SUM(B44:C44)=0,"",SUM(C44)/SUM(B44:C44)) -> 0.11699185
A45: 46143 | B45: =IF(SUMIFS('NSE - NIFTY Index Options'!$L:$L,'NSE - NIFTY Index Options'!$D:$D,$A45,'NSE - NIFTY Index Options'!$B:$B,"Tuesday")+SUMIFS('NSE - Other Index Options'!$L:$L,'NSE - Other Index Options'!$D:$D,$A45,'NSE - Other Index Options'!$B:$B,"Tuesday")=0,"",SUMIFS('NSE - NIFTY Index Options'!$L:$L,'NSE - NIFTY Index Options'!$D:$D,$A45,'NSE - NIFTY Index Options'!$B:$B,"Tuesday")+SUMIFS('NSE - Other Index Options'!$L:$L,'NSE - Other Index Options'!$D:$D,$A45,'NSE - Other Index Options'!$B:$B,"Tuesday")) -> 319647.91 | C45: =IF(SUMIFS('BSE - SENSEX Index Options'!$L:$L,'BSE - SENSEX Index Options'!$D:$D,$A45,'BSE - SENSEX Index Options'!$B:$B,"Tuesday")+SUMIFS('BSE - Other Index Options'!$L:$L,'BSE - Other Index Options'!$D:$D,$A45,'BSE - Other Index Options'!$B:$B,"Tuesday")=0,"",SUMIFS('BSE - SENSEX Index Options'!$L:$L,'BSE - SENSEX Index Options'!$D:$D,$A45,'BSE - SENSEX Index Options'!$B:$B,"Tuesday")+SUMIFS('BSE - Other Index Options'!$L:$L,'BSE - Other Index Options'!$D:$D,$A45,'BSE - Other Index Options'!$B:$B,"Tuesday")) -> 46010.85 | D45: =IF(SUM(B45:C45)=0,"",SUM(B45)/SUM(B45:C45)) -> 0.87416998 | E45: =IF(SUM(B45:C45)=0,"",SUM(C45)/SUM(B45:C45)) -> 0.12583002
A46: 46174 | B46: =IF(SUMIFS('NSE - NIFTY Index Options'!$L:$L,'NSE - NIFTY Index Options'!$D:$D,$A46,'NSE - NIFTY Index Options'!$B:$B,"Tuesday")+SUMIFS('NSE - Other Index Options'!$L:$L,'NSE - Other Index Options'!$D:$D,$A46,'NSE - Other Index Options'!$B:$B,"Tuesday")=0,"",SUMIFS('NSE - NIFTY Index Options'!$L:$L,'NSE - NIFTY Index Options'!$D:$D,$A46,'NSE - NIFTY Index Options'!$B:$B,"Tuesday")+SUMIFS('NSE - Other Index Options'!$L:$L,'NSE - Other Index Options'!$D:$D,$A46,'NSE - Other Index Options'!$B:$B,"Tuesday")) -> 385735.92 | C46: =IF(SUMIFS('BSE - SENSEX Index Options'!$L:$L,'BSE - SENSEX Index Options'!$D:$D,$A46,'BSE - SENSEX Index Options'!$B:$B,"Tuesday")+SUMIFS('BSE - Other Index Options'!$L:$L,'BSE - Other Index Options'!$D:$D,$A46,'BSE - Other Index Options'!$B:$B,"Tuesday")=0,"",SUMIFS('BSE - SENSEX Index Options'!$L:$L,'BSE - SENSEX Index Options'!$D:$D,$A46,'BSE - SENSEX Index Options'!$B:$B,"Tuesday")+SUMIFS('BSE - Other Index Options'!$L:$L,'BSE - Other Index Options'!$D:$D,$A46,'BSE - Other Index Options'!$B:$B,"Tuesday")) -> 56164.73 | D46: =IF(SUM(B46:C46)=0,"",SUM(B46)/SUM(B46:C46)) -> 0.87290191 | E46: =IF(SUM(B46:C46)=0,"",SUM(C46)/SUM(B46:C46)) -> 0.12709809
A47: 46204 | B47: =IF(SUMIFS('NSE - NIFTY Index Options'!$L:$L,'NSE - NIFTY Index Options'!$D:$D,$A47,'NSE - NIFTY Index Options'!$B:$B,"Tuesday")+SUMIFS('NSE - Other Index Options'!$L:$L,'NSE - Other Index Options'!$D:$D,$A47,'NSE - Other Index Options'!$B:$B,"Tuesday")=0,"",SUMIFS('NSE - NIFTY Index Options'!$L:$L,'NSE - NIFTY Index Options'!$D:$D,$A47,'NSE - NIFTY Index Options'!$B:$B,"Tuesday")+SUMIFS('NSE - Other Index Options'!$L:$L,'NSE - Other Index Options'!$D:$D,$A47,'NSE - Other Index Options'!$B:$B,"Tuesday")) -> 59870.49 | C47: =IF(SUMIFS('BSE - SENSEX Index Options'!$L:$L,'BSE - SENSEX Index Options'!$D:$D,$A47,'BSE - SENSEX Index Options'!$B:$B,"Tuesday")+SUMIFS('BSE - Other Index Options'!$L:$L,'BSE - Other Index Options'!$D:$D,$A47,'BSE - Other Index Options'!$B:$B,"Tuesday")=0,"",SUMIFS('BSE - SENSEX Index Options'!$L:$L,'BSE - SENSEX Index Options'!$D:$D,$A47,'BSE - SENSEX Index Options'!$B:$B,"Tuesday")+SUMIFS('BSE - Other Index Options'!$L:$L,'BSE - Other Index Options'!$D:$D,$A47,'BSE - Other Index Options'!$B:$B,"Tuesday")) -> 10159.3 | D47: =IF(SUM(B47:C47)=0,"",SUM(B47)/SUM(B47:C47)) -> 0.85492888 | E47: =IF(SUM(B47:C47)=0,"",SUM(C47)/SUM(B47:C47)) -> 0.14507112
A48: 46235 | B48: =IF(SUMIFS('NSE - NIFTY Index Options'!$L:$L,'NSE - NIFTY Index Options'!$D:$D,$A48,'NSE - NIFTY Index Options'!$B:$B,"Tuesday")+SUMIFS('NSE - Other Index Options'!$L:$L,'NSE - Other Index Options'!$D:$D,$A48,'NSE - Other Index Options'!$B:$B,"Tuesday")=0,"",SUMIFS('NSE - NIFTY Index Options'!$L:$L,'NSE - NIFTY Index Options'!$D:$D,$A48,'NSE - NIFTY Index Options'!$B:$B,"Tuesday")+SUMIFS('NSE - Other Index Options'!$L:$L,'NSE - Other Index Options'!$D:$D,$A48,'NSE - Other Index Options'!$B:$B,"Tuesday")) | C48: =IF(SUMIFS('BSE - SENSEX Index Options'!$L:$L,'BSE - SENSEX Index Options'!$D:$D,$A48,'BSE - SENSEX Index Options'!$B:$B,"Tuesday")+SUMIFS('BSE - Other Index Options'!$L:$L,'BSE - Other Index Options'!$D:$D,$A48,'BSE - Other Index Options'!$B:$B,"Tuesday")=0,"",SUMIFS('BSE - SENSEX Index Options'!$L:$L,'BSE - SENSEX Index Options'!$D:$D,$A48,'BSE - SENSEX Index Options'!$B:$B,"Tuesday")+SUMIFS('BSE - Other Index Options'!$L:$L,'BSE - Other Index Options'!$D:$D,$A48,'BSE - Other Index Options'!$B:$B,"Tuesday")) | D48: =IF(SUM(B48:C48)=0,"",SUM(B48)/SUM(B48:C48)) | E48: =IF(SUM(B48:C48)=0,"",SUM(C48)/SUM(B48:C48))
... A64: 46722 | B64: =IF(SUMIFS('NSE - NIFTY Index Options'!$L:$L,'NSE - NIFTY Index Options'!$D:$D,$A64,'NSE - NIFTY Index Options'!$B:$B,"Tuesday")+SUMIFS('NSE - Other Index Options'!$L:$L,'NSE - Other Index Options'!$D:$D,$A64,'NSE - Other Index Options'!$B:$B,"Tuesday")=0,"",SUMIFS('NSE - NIFTY Index Options'!$L:$L,'NSE - NIFTY Index Options'!$D:$D,$A64,'NSE - NIFTY Index Options'!$B:$B,"Tuesday")+SUMIFS('NSE - Other Index Options'!$L:$L,'NSE - Other Index Options'!$D:$D,$A64,'NSE - Other Index Options'!$B:$B,"Tuesday")) | C64: =IF(SUMIFS('BSE - SENSEX Index Options'!$L:$L,'BSE - SENSEX Index Options'!$D:$D,$A64,'BSE - SENSEX Index Options'!$B:$B,"Tuesday")+SUMIFS('BSE - Other Index Options'!$L:$L,'BSE - Other Index Options'!$D:$D,$A64,'BSE - Other Index Options'!$B:$B,"Tuesday")=0,"",SUMIFS('BSE - SENSEX Index Options'!$L:$L,'BSE - SENSEX Index Options'!$D:$D,$A64,'BSE - SENSEX Index Options'!$B:$B,"Tuesday")+SUMIFS('BSE - Other Index Options'!$L:$L,'BSE - Other Index Options'!$D:$D,$A64,'BSE - Other Index Options'!$B:$B,"Tuesday")) | D64: =IF(SUM(B64:C64)=0,"",SUM(B64)/SUM(B64:C64)) | E64: =IF(SUM(B64:C64)=0,"",SUM(C64)/SUM(B64:C64))
A65: Total | B65: =IF(SUM(B37:B64)=0,"",SUM(B37:B64)) -> 3097716.8 | C65: =IF(SUM(C37:C64)=0,"",SUM(C37:C64)) -> 464037.02 | D65: =IF(SUM(B65:C65)=0,"",SUM(B65)/SUM(B65:C65)) -> 0.86971671 | E65: =IF(SUM(B65:C65)=0,"",SUM(C65)/SUM(B65:C65)) -> 0.13028329
A67: Wednesday Trade Day
A68: Month | B68: NSE Premium Turnover (INR Crs) | C68: BSE Premium Turnover (INR Crs) | D68: NSE Market Share | E68: BSE Market Share
A69: 45901 | B69: =IF(SUMIFS('NSE - NIFTY Index Options'!$L:$L,'NSE - NIFTY Index Options'!$D:$D,$A69,'NSE - NIFTY Index Options'!$B:$B,"Wednesday")+SUMIFS('NSE - Other Index Options'!$L:$L,'NSE - Other Index Options'!$D:$D,$A69,'NSE - Other Index Options'!$B:$B,"Wednesday")=0,"",SUMIFS('NSE - NIFTY Index Options'!$L:$L,'NSE - NIFTY Index Options'!$D:$D,$A69,'NSE - NIFTY Index Options'!$B:$B,"Wednesday")+SUMIFS('NSE - Other Index Options'!$L:$L,'NSE - Other Index Options'!$D:$D,$A69,'NSE - Other Index Options'!$B:$B,"Wednesday")) -> 129648.12 | C69: =IF(SUMIFS('BSE - SENSEX Index Options'!$L:$L,'BSE - SENSEX Index Options'!$D:$D,$A69,'BSE - SENSEX Index Options'!$B:$B,"Wednesday")+SUMIFS('BSE - Other Index Options'!$L:$L,'BSE - Other Index Options'!$D:$D,$A69,'BSE - Other Index Options'!$B:$B,"Wednesday")=0,"",SUMIFS('BSE - SENSEX Index Options'!$L:$L,'BSE - SENSEX Index Options'!$D:$D,$A69,'BSE - SENSEX Index Options'!$B:$B,"Wednesday")+SUMIFS('BSE - Other Index Options'!$L:$L,'BSE - Other Index Options'!$D:$D,$A69,'BSE - Other Index Options'!$B:$B,"Wednesday")) -> 88707.73 | D69: =IF(SUM(B69:C69)=0,"",SUM(B69)/SUM(B69:C69)) -> 0.59374695 | E69: =IF(SUM(B69:C69)=0,"",SUM(C69)/SUM(B69:C69)) -> 0.40625305
A70: 45931 | B70: =IF(SUMIFS('NSE - NIFTY Index Options'!$L:$L,'NSE - NIFTY Index Options'!$D:$D,$A70,'NSE - NIFTY Index Options'!$B:$B,"Wednesday")+SUMIFS('NSE - Other Index Options'!$L:$L,'NSE - Other Index Options'!$D:$D,$A70,'NSE - Other Index Options'!$B:$B,"Wednesday")=0,"",SUMIFS('NSE - NIFTY Index Options'!$L:$L,'NSE - NIFTY Index Options'!$D:$D,$A70,'NSE - NIFTY Index Options'!$B:$B,"Wednesday")+SUMIFS('NSE - Other Index Options'!$L:$L,'NSE - Other Index Options'!$D:$D,$A70,'NSE - Other Index Options'!$B:$B,"Wednesday")) -> 154543.8 | C70: =IF(SUMIFS('BSE - SENSEX Index Options'!$L:$L,'BSE - SENSEX Index Options'!$D:$D,$A70,'BSE - SENSEX Index Options'!$B:$B,"Wednesday")+SUMIFS('BSE - Other Index Options'!$L:$L,'BSE - Other Index Options'!$D:$D,$A70,'BSE - Other Index Options'!$B:$B,"Wednesday")=0,"",SUMIFS('BSE - SENSEX Index Options'!$L:$L,'BSE - SENSEX Index Options'!$D:$D,$A70,'BSE - SENSEX Index Options'!$B:$B,"Wednesday")+SUMIFS('BSE - Other Index Options'!$L:$L,'BSE - Other Index Options'!$D:$D,$A70,'BSE - Other Index Options'!$B:$B,"Wednesday")) -> 125757.62 | D70: =IF(SUM(B70:C70)=0,"",SUM(B70)/SUM(B70:C70)) -> 0.55134862 | E70: =IF(SUM(B70:C70)=0,"",SUM(C70)/SUM(B70:C70)) -> 0.44865138
A71: 45962 | B71: =IF(SUMIFS('NSE - NIFTY Index Options'!$L:$L,'NSE - NIFTY Index Options'!$D:$D,$A71,'NSE - NIFTY Index Options'!$B:$B,"Wednesday")+SUMIFS('NSE - Other Index Options'!$L:$L,'NSE - Other Index Options'!$D:$D,$A71,'NSE - Other Index Options'!$B:$B,"Wednesday")=0,"",SUMIFS('NSE - NIFTY Index Options'!$L:$L,'NSE - NIFTY Index Options'!$D:$D,$A71,'NSE - NIFTY Index Options'!$B:$B,"Wednesday")+SUMIFS('NSE - Other Index Options'!$L:$L,'NSE - Other Index Options'!$D:$D,$A71,'NSE - Other Index Options'!$B:$B,"Wednesday")) -> 104958.37 | C71: =IF(SUMIFS('BSE - SENSEX Index Options'!$L:$L,'BSE - SENSEX Index Options'!$D:$D,$A71,'BSE - SENSEX Index Options'!$B:$B,"Wednesday")+SUMIFS('BSE - Other Index Options'!$L:$L,'BSE - Other Index Options'!$D:$D,$A71,'BSE - Other Index Options'!$B:$B,"Wednesday")=0,"",SUMIFS('BSE - SENSEX Index Options'!$L:$L,'BSE - SENSEX Index Options'!$D:$D,$A71,'BSE - SENSEX Index Options'!$B:$B,"Wednesday")+SUMIFS('BSE - Other Index Options'!$L:$L,'BSE - Other Index Options'!$D:$D,$A71,'BSE - Other Index Options'!$B:$B,"Wednesday")) -> 70797.86 | D71: =IF(SUM(B71:C71)=0,"",SUM(B71)/SUM(B71:C71)) -> 0.59718151 | E71: =IF(SUM(B71:C71)=0,"",SUM(C71)/SUM(B71:C71)) -> 0.40281849
A72: 45992 | B72: =IF(SUMIFS('NSE - NIFTY Index Options'!$L:$L,'NSE - NIFTY Index Options'!$D:$D,$A72,'NSE - NIFTY Index Options'!$B:$B,"Wednesday")+SUMIFS('NSE - Other Index Options'!$L:$L,'NSE - Other Index Options'!$D:$D,$A72,'NSE - Other Index Options'!$B:$B,"Wednesday")=0,"",SUMIFS('NSE - NIFTY Index Options'!$L:$L,'NSE - NIFTY Index Options'!$D:$D,$A72,'NSE - NIFTY Index Options'!$B:$B,"Wednesday")+SUMIFS('NSE - Other Index Options'!$L:$L,'NSE - Other Index Options'!$D:$D,$A72,'NSE - Other Index Options'!$B:$B,"Wednesday")) -> 159018.78 | C72: =IF(SUMIFS('BSE - SENSEX Index Options'!$L:$L,'BSE - SENSEX Index Options'!$D:$D,$A72,'BSE - SENSEX Index Options'!$B:$B,"Wednesday")+SUMIFS('BSE - Other Index Options'!$L:$L,'BSE - Other Index Options'!$D:$D,$A72,'BSE - Other Index Options'!$B:$B,"Wednesday")=0,"",SUMIFS('BSE - SENSEX Index Options'!$L:$L,'BSE - SENSEX Index Options'!$D:$D,$A72,'BSE - SENSEX Index Options'!$B:$B,"Wednesday")+SUMIFS('BSE - Other Index Options'!$L:$L,'BSE - Other Index Options'!$D:$D,$A72,'BSE - Other Index Options'!$B:$B,"Wednesday")) -> 143057.26 | D72: =IF(SUM(B72:C72)=0,"",SUM(B72)/SUM(B72:C72)) -> 0.52641971 | E72: =IF(SUM(B72:C72)=0,"",SUM(C72)/SUM(B72:C72)) -> 0.47358029
A73: 46023 | B73: =IF(SUMIFS('NSE - NIFTY Index Options'!$L:$L,'NSE - NIFTY Index Options'!$D:$D,$A73,'NSE - NIFTY Index Options'!$B:$B,"Wednesday")+SUMIFS('NSE - Other Index Options'!$L:$L,'NSE - Other Index Options'!$D:$D,$A73,'NSE - Other Index Options'!$B:$B,"Wednesday")=0,"",SUMIFS('NSE - NIFTY Index Options'!$L:$L,'NSE - NIFTY Index Options'!$D:$D,$A73,'NSE - NIFTY Index Options'!$B:$B,"Wednesday")+SUMIFS('NSE - Other Index Options'!$L:$L,'NSE - Other Index Options'!$D:$D,$A73,'NSE - Other Index Options'!$B:$B,"Wednesday")) -> 190796.04 | C73: =IF(SUMIFS('BSE - SENSEX Index Options'!$L:$L,'BSE - SENSEX Index Options'!$D:$D,$A73,'BSE - SENSEX Index Options'!$B:$B,"Wednesday")+SUMIFS('BSE - Other Index Options'!$L:$L,'BSE - Other Index Options'!$D:$D,$A73,'BSE - Other Index Options'!$B:$B,"Wednesday")=0,"",SUMIFS('BSE - SENSEX Index Options'!$L:$L,'BSE - SENSEX Index Options'!$D:$D,$A73,'BSE - SENSEX Index Options'!$B:$B,"Wednesday")+SUMIFS('BSE - Other Index Options'!$L:$L,'BSE - Other Index Options'!$D:$D,$A73,'BSE - Other Index Options'!$B:$B,"Wednesday")) -> 188658.84 | D73: =IF(SUM(B73:C73)=0,"",SUM(B73)/SUM(B73:C73)) -> 0.50281615 | E73: =IF(SUM(B73:C73)=0,"",SUM(C73)/SUM(B73:C73)) -> 0.49718385
A74: 46054 | B74: =IF(SUMIFS('NSE - NIFTY Index Options'!$L:$L,'NSE - NIFTY Index Options'!$D:$D,$A74,'NSE - NIFTY Index Options'!$B:$B,"Wednesday")+SUMIFS('NSE - Other Index Options'!$L:$L,'NSE - Other Index Options'!$D:$D,$A74,'NSE - Other Index Options'!$B:$B,"Wednesday")=0,"",SUMIFS('NSE - NIFTY Index Options'!$L:$L,'NSE - NIFTY Index Options'!$D:$D,$A74,'NSE - NIFTY Index Options'!$B:$B,"Wednesday")+SUMIFS('NSE - Other Index Options'!$L:$L,'NSE - Other Index Options'!$D:$D,$A74,'NSE - Other Index Options'!$B:$B,"Wednesday")) -> 154592.02 | C74: =IF(SUMIFS('BSE - SENSEX Index Options'!$L:$L,'BSE - SENSEX Index Options'!$D:$D,$A74,'BSE - SENSEX Index Options'!$B:$B,"Wednesday")+SUMIFS('BSE - Other Index Options'!$L:$L,'BSE - Other Index Options'!$D:$D,$A74,'BSE - Other Index Options'!$B:$B,"Wednesday")=0,"",SUMIFS('BSE - SENSEX Index Options'!$L:$L,'BSE - SENSEX Index Options'!$D:$D,$A74,'BSE - SENSEX Index Options'!$B:$B,"Wednesday")+SUMIFS('BSE - Other Index Options'!$L:$L,'BSE - Other Index Options'!$D:$D,$A74,'BSE - Other Index Options'!$B:$B,"Wednesday")) -> 135794.78 | D74: =IF(SUM(B74:C74)=0,"",SUM(B74)/SUM(B74:C74)) -> 0.53236587 | E74: =IF(SUM(B74:C74)=0,"",SUM(C74)/SUM(B74:C74)) -> 0.46763413
A75: 46082 | B75: =IF(SUMIFS('NSE - NIFTY Index Options'!$L:$L,'NSE - NIFTY Index Options'!$D:$D,$A75,'NSE - NIFTY Index Options'!$B:$B,"Wednesday")+SUMIFS('NSE - Other Index Options'!$L:$L,'NSE - Other Index Options'!$D:$D,$A75,'NSE - Other Index Options'!$B:$B,"Wednesday")=0,"",SUMIFS('NSE - NIFTY Index Options'!$L:$L,'NSE - NIFTY Index Options'!$D:$D,$A75,'NSE - NIFTY Index Options'!$B:$B,"Wednesday")+SUMIFS('NSE - Other Index Options'!$L:$L,'NSE - Other Index Options'!$D:$D,$A75,'NSE - Other Index Options'!$B:$B,"Wednesday")) -> 231365.32 | C75: =IF(SUMIFS('BSE - SENSEX Index Options'!$L:$L,'BSE - SENSEX Index Options'!$D:$D,$A75,'BSE - SENSEX Index Options'!$B:$B,"Wednesday")+SUMIFS('BSE - Other Index Options'!$L:$L,'BSE - Other Index Options'!$D:$D,$A75,'BSE - Other Index Options'!$B:$B,"Wednesday")=0,"",SUMIFS('BSE - SENSEX Index Options'!$L:$L,'BSE - SENSEX Index Options'!$D:$D,$A75,'BSE - SENSEX Index Options'!$B:$B,"Wednesday")+SUMIFS('BSE - Other Index Options'!$L:$L,'BSE - Other Index Options'!$D:$D,$A75,'BSE - Other Index Options'!$B:$B,"Wednesday")) -> 215427.73 | D75: =IF(SUM(B75:C75)=0,"",SUM(B75)/SUM(B75:C75)) -> 0.51783554 | E75: =IF(SUM(B75:C75)=0,"",SUM(C75)/SUM(B75:C75)) -> 0.48216446
A76: 46113 | B76: =IF(SUMIFS('NSE - NIFTY Index Options'!$L:$L,'NSE - NIFTY Index Options'!$D:$D,$A76,'NSE - NIFTY Index Options'!$B:$B,"Wednesday")+SUMIFS('NSE - Other Index Options'!$L:$L,'NSE - Other Index Options'!$D:$D,$A76,'NSE - Other Index Options'!$B:$B,"Wednesday")=0,"",SUMIFS('NSE - NIFTY Index Options'!$L:$L,'NSE - NIFTY Index Options'!$D:$D,$A76,'NSE - NIFTY Index Options'!$B:$B,"Wednesday")+SUMIFS('NSE - Other Index Options'!$L:$L,'NSE - Other Index Options'!$D:$D,$A76,'NSE - Other Index Options'!$B:$B,"Wednesday")) -> 210850.67 | C76: =IF(SUMIFS('BSE - SENSEX Index Options'!$L:$L,'BSE - SENSEX Index Options'!$D:$D,$A76,'BSE - SENSEX Index Options'!$B:$B,"Wednesday")+SUMIFS('BSE - Other Index Options'!$L:$L,'BSE - Other Index Options'!$D:$D,$A76,'BSE - Other Index Options'!$B:$B,"Wednesday")=0,"",SUMIFS('BSE - SENSEX Index Options'!$L:$L,'BSE - SENSEX Index Options'!$D:$D,$A76,'BSE - SENSEX Index Options'!$B:$B,"Wednesday")+SUMIFS('BSE - Other Index Options'!$L:$L,'BSE - Other Index Options'!$D:$D,$A76,'BSE - Other Index Options'!$B:$B,"Wednesday")) -> 190366.64 | D76: =IF(SUM(B76:C76)=0,"",SUM(B76)/SUM(B76:C76)) -> 0.52552735 | E76: =IF(SUM(B76:C76)=0,"",SUM(C76)/SUM(B76:C76)) -> 0.47447265
A77: 46143 | B77: =IF(SUMIFS('NSE - NIFTY Index Options'!$L:$L,'NSE - NIFTY Index Options'!$D:$D,$A77,'NSE - NIFTY Index Options'!$B:$B,"Wednesday")+SUMIFS('NSE - Other Index Options'!$L:$L,'NSE - Other Index Options'!$D:$D,$A77,'NSE - Other Index Options'!$B:$B,"Wednesday")=0,"",SUMIFS('NSE - NIFTY Index Options'!$L:$L,'NSE - NIFTY Index Options'!$D:$D,$A77,'NSE - NIFTY Index Options'!$B:$B,"Wednesday")+SUMIFS('NSE - Other Index Options'!$L:$L,'NSE - Other Index Options'!$D:$D,$A77,'NSE - Other Index Options'!$B:$B,"Wednesday")) -> 168047.3 | C77: =IF(SUMIFS('BSE - SENSEX Index Options'!$L:$L,'BSE - SENSEX Index Options'!$D:$D,$A77,'BSE - SENSEX Index Options'!$B:$B,"Wednesday")+SUMIFS('BSE - Other Index Options'!$L:$L,'BSE - Other Index Options'!$D:$D,$A77,'BSE - Other Index Options'!$B:$B,"Wednesday")=0,"",SUMIFS('BSE - SENSEX Index Options'!$L:$L,'BSE - SENSEX Index Options'!$D:$D,$A77,'BSE - SENSEX Index Options'!$B:$B,"Wednesday")+SUMIFS('BSE - Other Index Options'!$L:$L,'BSE - Other Index Options'!$D:$D,$A77,'BSE - Other Index Options'!$B:$B,"Wednesday")) -> 198376.37 | D77: =IF(SUM(B77:C77)=0,"",SUM(B77)/SUM(B77:C77)) -> 0.45861475 | E77: =IF(SUM(B77:C77)=0,"",SUM(C77)/SUM(B77:C77)) -> 0.54138525
A78: 46174 | B78: =IF(SUMIFS('NSE - NIFTY Index Options'!$L:$L,'NSE - NIFTY Index Options'!$D:$D,$A78,'NSE - NIFTY Index Options'!$B:$B,"Wednesday")+SUMIFS('NSE - Other Index Options'!$L:$L,'NSE - Other Index Options'!$D:$D,$A78,'NSE - Other Index Options'!$B:$B,"Wednesday")=0,"",SUMIFS('NSE - NIFTY Index Options'!$L:$L,'NSE - NIFTY Index Options'!$D:$D,$A78,'NSE - NIFTY Index Options'!$B:$B,"Wednesday")+SUMIFS('NSE - Other Index Options'!$L:$L,'NSE - Other Index Options'!$D:$D,$A78,'NSE - Other Index Options'!$B:$B,"Wednesday")) -> 157956.99 | C78: =IF(SUMIFS('BSE - SENSEX Index Options'!$L:$L,'BSE - SENSEX Index Options'!$D:$D,$A78,'BSE - SENSEX Index Options'!$B:$B,"Wednesday")+SUMIFS('BSE - Other Index Options'!$L:$L,'BSE - Other Index Options'!$D:$D,$A78,'BSE - Other Index Options'!$B:$B,"Wednesday")=0,"",SUMIFS('BSE - SENSEX Index Options'!$L:$L,'BSE - SENSEX Index Options'!$D:$D,$A78,'BSE - SENSEX Index Options'!$B:$B,"Wednesday")+SUMIFS('BSE - Other Index Options'!$L:$L,'BSE - Other Index Options'!$D:$D,$A78,'BSE - Other Index Options'!$B:$B,"Wednesday")) -> 158898.91 | D78: =IF(SUM(B78:C78)=0,"",SUM(B78)/SUM(B78:C78)) -> 0.49851365 | E78: =IF(SUM(B78:C78)=0,"",SUM(C78)/SUM(B78:C78)) -> 0.50148635
A79: 46204 | B79: =IF(SUMIFS('NSE - NIFTY Index Options'!$L:$L,'NSE - NIFTY Index Options'!$D:$D,$A79,'NSE - NIFTY Index Options'!$B:$B,"Wednesday")+SUMIFS('NSE - Other Index Options'!$L:$L,'NSE - Other Index Options'!$D:$D,$A79,'NSE - Other Index Options'!$B:$B,"Wednesday")=0,"",SUMIFS('NSE - NIFTY Index Options'!$L:$L,'NSE - NIFTY Index Options'!$D:$D,$A79,'NSE - NIFTY Index Options'!$B:$B,"Wednesday")+SUMIFS('NSE - Other Index Options'!$L:$L,'NSE - Other Index Options'!$D:$D,$A79,'NSE - Other Index Options'!$B:$B,"Wednesday")) -> 78001.38 | C79: =IF(SUMIFS('BSE - SENSEX Index Options'!$L:$L,'BSE - SENSEX Index Options'!$D:$D,$A79,'BSE - SENSEX Index Options'!$B:$B,"Wednesday")+SUMIFS('BSE - Other Index Options'!$L:$L,'BSE - Other Index Options'!$D:$D,$A79,'BSE - Other Index Options'!$B:$B,"Wednesday")=0,"",SUMIFS('BSE - SENSEX Index Options'!$L:$L,'BSE - SENSEX Index Options'!$D:$D,$A79,'BSE - SENSEX Index Options'!$B:$B,"Wednesday")+SUMIFS('BSE - Other Index Options'!$L:$L,'BSE - Other Index Options'!$D:$D,$A79,'BSE - Other Index Options'!$B:$B,"Wednesday")) -> 85448.29 | D79: =IF(SUM(B79:C79)=0,"",SUM(B79)/SUM(B79:C79)) -> 0.47721956 | E79: =IF(SUM(B79:C79)=0,"",SUM(C79)/SUM(B79:C79)) -> 0.52278044
A80: 46235 | B80: =IF(SUMIFS('NSE - NIFTY Index Options'!$L:$L,'NSE - NIFTY Index Options'!$D:$D,$A80,'NSE - NIFTY Index Options'!$B:$B,"Wednesday")+SUMIFS('NSE - Other Index Options'!$L:$L,'NSE - Other Index Options'!$D:$D,$A80,'NSE - Other Index Options'!$B:$B,"Wednesday")=0,"",SUMIFS('NSE - NIFTY Index Options'!$L:$L,'NSE - NIFTY Index Options'!$D:$D,$A80,'NSE - NIFTY Index Options'!$B:$B,"Wednesday")+SUMIFS('NSE - Other Index Options'!$L:$L,'NSE - Other Index Options'!$D:$D,$A80,'NSE - Other Index Options'!$B:$B,"Wednesday")) | C80: =IF(SUMIFS('BSE - SENSEX Index Options'!$L:$L,'BSE - SENSEX Index Options'!$D:$D,$A80,'BSE - SENSEX Index Options'!$B:$B,"Wednesday")+SUMIFS('BSE - Other Index Options'!$L:$L,'BSE - Other Index Options'!$D:$D,$A80,'BSE - Other Index Options'!$B:$B,"Wednesday")=0,"",SUMIFS('BSE - SENSEX Index Options'!$L:$L,'BSE - SENSEX Index Options'!$D:$D,$A80,'BSE - SENSEX Index Options'!$B:$B,"Wednesday")+SUMIFS('BSE - Other Index Options'!$L:$L,'BSE - Other Index Options'!$D:$D,$A80,'BSE - Other Index Options'!$B:$B,"Wednesday")) | D80: =IF(SUM(B80:C80)=0,"",SUM(B80)/SUM(B80:C80)) | E80: =IF(SUM(B80:C80)=0,"",SUM(C80)/SUM(B80:C80))
... A96: 46722 | B96: =IF(SUMIFS('NSE - NIFTY Index Options'!$L:$L,'NSE - NIFTY Index Options'!$D:$D,$A96,'NSE - NIFTY Index Options'!$B:$B,"Wednesday")+SUMIFS('NSE - Other Index Options'!$L:$L,'NSE - Other Index Options'!$D:$D,$A96,'NSE - Other Index Options'!$B:$B,"Wednesday")=0,"",SUMIFS('NSE - NIFTY Index Options'!$L:$L,'NSE - NIFTY Index Options'!$D:$D,$A96,'NSE - NIFTY Index Options'!$B:$B,"Wednesday")+SUMIFS('NSE - Other Index Options'!$L:$L,'NSE - Other Index Options'!$D:$D,$A96,'NSE - Other Index Options'!$B:$B,"Wednesday")) | C96: =IF(SUMIFS('BSE - SENSEX Index Options'!$L:$L,'BSE - SENSEX Index Options'!$D:$D,$A96,'BSE - SENSEX Index Options'!$B:$B,"Wednesday")+SUMIFS('BSE - Other Index Options'!$L:$L,'BSE - Other Index Options'!$D:$D,$A96,'BSE - Other Index Options'!$B:$B,"Wednesday")=0,"",SUMIFS('BSE - SENSEX Index Options'!$L:$L,'BSE - SENSEX Index Options'!$D:$D,$A96,'BSE - SENSEX Index Options'!$B:$B,"Wednesday")+SUMIFS('BSE - Other Index Options'!$L:$L,'BSE - Other Index Options'!$D:$D,$A96,'BSE - Other Index Options'!$B:$B,"Wednesday")) | D96: =IF(SUM(B96:C96)=0,"",SUM(B96)/SUM(B96:C96)) | E96: =IF(SUM(B96:C96)=0,"",SUM(C96)/SUM(B96:C96))
A97: Total | B97: =IF(SUM(B69:B96)=0,"",SUM(B69:B96)) -> 1739778.8 | C97: =IF(SUM(C69:C96)=0,"",SUM(C69:C96)) -> 1601292 | D97: =IF(SUM(B97:C97)=0,"",SUM(B97)/SUM(B97:C97)) -> 0.52072491 | E97: =IF(SUM(B97:C97)=0,"",SUM(C97)/SUM(B97:C97)) -> 0.47927509
A99: Thursday Trade Day
A100: Month | B100: NSE Premium Turnover (INR Crs) | C100: BSE Premium Turnover (INR Crs) | D100: NSE Market Share | E100: BSE Market Share
A101: 45901 | B101: =IF(SUMIFS('NSE - NIFTY Index Options'!$L:$L,'NSE - NIFTY Index Options'!$D:$D,$A101,'NSE - NIFTY Index Options'!$B:$B,"Thursday")+SUMIFS('NSE - Other Index Options'!$L:$L,'NSE - Other Index Options'!$D:$D,$A101,'NSE - Other Index Options'!$B:$B,"Thursday")=0,"",SUMIFS('NSE - NIFTY Index Options'!$L:$L,'NSE - NIFTY Index Options'!$D:$D,$A101,'NSE - NIFTY Index Options'!$B:$B,"Thursday")+SUMIFS('NSE - Other Index Options'!$L:$L,'NSE - Other Index Options'!$D:$D,$A101,'NSE - Other Index Options'!$B:$B,"Thursday")) -> 117879.92 | C101: =IF(SUMIFS('BSE - SENSEX Index Options'!$L:$L,'BSE - SENSEX Index Options'!$D:$D,$A101,'BSE - SENSEX Index Options'!$B:$B,"Thursday")+SUMIFS('BSE - Other Index Options'!$L:$L,'BSE - Other Index Options'!$D:$D,$A101,'BSE - Other Index Options'!$B:$B,"Thursday")=0,"",SUMIFS('BSE - SENSEX Index Options'!$L:$L,'BSE - SENSEX Index Options'!$D:$D,$A101,'BSE - SENSEX Index Options'!$B:$B,"Thursday")+SUMIFS('BSE - Other Index Options'!$L:$L,'BSE - Other Index Options'!$D:$D,$A101,'BSE - Other Index Options'!$B:$B,"Thursday")) -> 144339.47 | D101: =IF(SUM(B101:C101)=0,"",SUM(B101)/SUM(B101:C101)) -> 0.44954692 | E101: =IF(SUM(B101:C101)=0,"",SUM(C101)/SUM(B101:C101)) -> 0.55045308
A102: 45931 | B102: =IF(SUMIFS('NSE - NIFTY Index Options'!$L:$L,'NSE - NIFTY Index Options'!$D:$D,$A102,'NSE - NIFTY Index Options'!$B:$B,"Thursday")+SUMIFS('NSE - Other Index Options'!$L:$L,'NSE - Other Index Options'!$D:$D,$A102,'NSE - Other Index Options'!$B:$B,"Thursday")=0,"",SUMIFS('NSE - NIFTY Index Options'!$L:$L,'NSE - NIFTY Index Options'!$D:$D,$A102,'NSE - NIFTY Index Options'!$B:$B,"Thursday")+SUMIFS('NSE - Other Index Options'!$L:$L,'NSE - Other Index Options'!$D:$D,$A102,'NSE - Other Index Options'!$B:$B,"Thursday")) -> 148100.36 | C102: =IF(SUMIFS('BSE - SENSEX Index Options'!$L:$L,'BSE - SENSEX Index Options'!$D:$D,$A102,'BSE - SENSEX Index Options'!$B:$B,"Thursday")+SUMIFS('BSE - Other Index Options'!$L:$L,'BSE - Other Index Options'!$D:$D,$A102,'BSE - Other Index Options'!$B:$B,"Thursday")=0,"",SUMIFS('BSE - SENSEX Index Options'!$L:$L,'BSE - SENSEX Index Options'!$D:$D,$A102,'BSE - SENSEX Index Options'!$B:$B,"Thursday")+SUMIFS('BSE - Other Index Options'!$L:$L,'BSE - Other Index Options'!$D:$D,$A102,'BSE - Other Index Options'!$B:$B,"Thursday")) -> 176225.84 | D102: =IF(SUM(B102:C102)=0,"",SUM(B102)/SUM(B102:C102)) -> 0.45664014 | E102: =IF(SUM(B102:C102)=0,"",SUM(C102)/SUM(B102:C102)) -> 0.54335986
A103: 45962 | B103: =IF(SUMIFS('NSE - NIFTY Index Options'!$L:$L,'NSE - NIFTY Index Options'!$D:$D,$A103,'NSE - NIFTY Index Options'!$B:$B,"Thursday")+SUMIFS('NSE - Other Index Options'!$L:$L,'NSE - Other Index Options'!$D:$D,$A103,'NSE - Other Index Options'!$B:$B,"Thursday")=0,"",SUMIFS('NSE - NIFTY Index Options'!$L:$L,'NSE - NIFTY Index Options'!$D:$D,$A103,'NSE - NIFTY Index Options'!$B:$B,"Thursday")+SUMIFS('NSE - Other Index Options'!$L:$L,'NSE - Other Index Options'!$D:$D,$A103,'NSE - Other Index Options'!$B:$B,"Thursday")) -> 136281.42 | C103: =IF(SUMIFS('BSE - SENSEX Index Options'!$L:$L,'BSE - SENSEX Index Options'!$D:$D,$A103,'BSE - SENSEX Index Options'!$B:$B,"Thursday")+SUMIFS('BSE - Other Index Options'!$L:$L,'BSE - Other Index Options'!$D:$D,$A103,'BSE - Other Index Options'!$B:$B,"Thursday")=0,"",SUMIFS('BSE - SENSEX Index Options'!$L:$L,'BSE - SENSEX Index Options'!$D:$D,$A103,'BSE - SENSEX Index Options'!$B:$B,"Thursday")+SUMIFS('BSE - Other Index Options'!$L:$L,'BSE - Other Index Options'!$D:$D,$A103,'BSE - Other Index Options'!$B:$B,"Thursday")) -> 181268.36 | D103: =IF(SUM(B103:C103)=0,"",SUM(B103)/SUM(B103:C103)) -> 0.42916553 | E103: =IF(SUM(B103:C103)=0,"",SUM(C103)/SUM(B103:C103)) -> 0.57083447
A104: 45992 | B104: =IF(SUMIFS('NSE - NIFTY Index Options'!$L:$L,'NSE - NIFTY Index Options'!$D:$D,$A104,'NSE - NIFTY Index Options'!$B:$B,"Thursday")+SUMIFS('NSE - Other Index Options'!$L:$L,'NSE - Other Index Options'!$D:$D,$A104,'NSE - Other Index Options'!$B:$B,"Thursday")=0,"",SUMIFS('NSE - NIFTY Index Options'!$L:$L,'NSE - NIFTY Index Options'!$D:$D,$A104,'NSE - NIFTY Index Options'!$B:$B,"Thursday")+SUMIFS('NSE - Other Index Options'!$L:$L,'NSE - Other Index Options'!$D:$D,$A104,'NSE - Other Index Options'!$B:$B,"Thursday")) -> 102253.56 | C104: =IF(SUMIFS('BSE - SENSEX Index Options'!$L:$L,'BSE - SENSEX Index Options'!$D:$D,$A104,'BSE - SENSEX Index Options'!$B:$B,"Thursday")+SUMIFS('BSE - Other Index Options'!$L:$L,'BSE - Other Index Options'!$D:$D,$A104,'BSE - Other Index Options'!$B:$B,"Thursday")=0,"",SUMIFS('BSE - SENSEX Index Options'!$L:$L,'BSE - SENSEX Index Options'!$D:$D,$A104,'BSE - SENSEX Index Options'!$B:$B,"Thursday")+SUMIFS('BSE - Other Index Options'!$L:$L,'BSE - Other Index Options'!$D:$D,$A104,'BSE - Other Index Options'!$B:$B,"Thursday")) -> 145999.71 | D104: =IF(SUM(B104:C104)=0,"",SUM(B104)/SUM(B104:C104)) -> 0.4118921 | E104: =IF(SUM(B104:C104)=0,"",SUM(C104)/SUM(B104:C104)) -> 0.5881079
A105: 46023 | B105: =IF(SUMIFS('NSE - NIFTY Index Options'!$L:$L,'NSE - NIFTY Index Options'!$D:$D,$A105,'NSE - NIFTY Index Options'!$B:$B,"Thursday")+SUMIFS('NSE - Other Index Options'!$L:$L,'NSE - Other Index Options'!$D:$D,$A105,'NSE - Other Index Options'!$B:$B,"Thursday")=0,"",SUMIFS('NSE - NIFTY Index Options'!$L:$L,'NSE - NIFTY Index Options'!$D:$D,$A105,'NSE - NIFTY Index Options'!$B:$B,"Thursday")+SUMIFS('NSE - Other Index Options'!$L:$L,'NSE - Other Index Options'!$D:$D,$A105,'NSE - Other Index Options'!$B:$B,"Thursday")) -> 148596.73 | C105: =IF(SUMIFS('BSE - SENSEX Index Options'!$L:$L,'BSE - SENSEX Index Options'!$D:$D,$A105,'BSE - SENSEX Index Options'!$B:$B,"Thursday")+SUMIFS('BSE - Other Index Options'!$L:$L,'BSE - Other Index Options'!$D:$D,$A105,'BSE - Other Index Options'!$B:$B,"Thursday")=0,"",SUMIFS('BSE - SENSEX Index Options'!$L:$L,'BSE - SENSEX Index Options'!$D:$D,$A105,'BSE - SENSEX Index Options'!$B:$B,"Thursday")+SUMIFS('BSE - Other Index Options'!$L:$L,'BSE - Other Index Options'!$D:$D,$A105,'BSE - Other Index Options'!$B:$B,"Thursday")) -> 226818.05 | D105: =IF(SUM(B105:C105)=0,"",SUM(B105)/SUM(B105:C105)) -> 0.39582014 | E105: =IF(SUM(B105:C105)=0,"",SUM(C105)/SUM(B105:C105)) -> 0.60417986
A106: 46054 | B106: =IF(SUMIFS('NSE - NIFTY Index Options'!$L:$L,'NSE - NIFTY Index Options'!$D:$D,$A106,'NSE - NIFTY Index Options'!$B:$B,"Thursday")+SUMIFS('NSE - Other Index Options'!$L:$L,'NSE - Other Index Options'!$D:$D,$A106,'NSE - Other Index Options'!$B:$B,"Thursday")=0,"",SUMIFS('NSE - NIFTY Index Options'!$L:$L,'NSE - NIFTY Index Options'!$D:$D,$A106,'NSE - NIFTY Index Options'!$B:$B,"Thursday")+SUMIFS('NSE - Other Index Options'!$L:$L,'NSE - Other Index Options'!$D:$D,$A106,'NSE - Other Index Options'!$B:$B,"Thursday")) -> 143698.41 | C106: =IF(SUMIFS('BSE - SENSEX Index Options'!$L:$L,'BSE - SENSEX Index Options'!$D:$D,$A106,'BSE - SENSEX Index Options'!$B:$B,"Thursday")+SUMIFS('BSE - Other Index Options'!$L:$L,'BSE - Other Index Options'!$D:$D,$A106,'BSE - Other Index Options'!$B:$B,"Thursday")=0,"",SUMIFS('BSE - SENSEX Index Options'!$L:$L,'BSE - SENSEX Index Options'!$D:$D,$A106,'BSE - SENSEX Index Options'!$B:$B,"Thursday")+SUMIFS('BSE - Other Index Options'!$L:$L,'BSE - Other Index Options'!$D:$D,$A106,'BSE - Other Index Options'!$B:$B,"Thursday")) -> 219402.09 | D106: =IF(SUM(B106:C106)=0,"",SUM(B106)/SUM(B106:C106)) -> 0.39575382 | E106: =IF(SUM(B106:C106)=0,"",SUM(C106)/SUM(B106:C106)) -> 0.60424618
A107: 46082 | B107: =IF(SUMIFS('NSE - NIFTY Index Options'!$L:$L,'NSE - NIFTY Index Options'!$D:$D,$A107,'NSE - NIFTY Index Options'!$B:$B,"Thursday")+SUMIFS('NSE - Other Index Options'!$L:$L,'NSE - Other Index Options'!$D:$D,$A107,'NSE - Other Index Options'!$B:$B,"Thursday")=0,"",SUMIFS('NSE - NIFTY Index Options'!$L:$L,'NSE - NIFTY Index Options'!$D:$D,$A107,'NSE - NIFTY Index Options'!$B:$B,"Thursday")+SUMIFS('NSE - Other Index Options'!$L:$L,'NSE - Other Index Options'!$D:$D,$A107,'NSE - Other Index Options'!$B:$B,"Thursday")) -> 166336.94 | C107: =IF(SUMIFS('BSE - SENSEX Index Options'!$L:$L,'BSE - SENSEX Index Options'!$D:$D,$A107,'BSE - SENSEX Index Options'!$B:$B,"Thursday")+SUMIFS('BSE - Other Index Options'!$L:$L,'BSE - Other Index Options'!$D:$D,$A107,'BSE - Other Index Options'!$B:$B,"Thursday")=0,"",SUMIFS('BSE - SENSEX Index Options'!$L:$L,'BSE - SENSEX Index Options'!$D:$D,$A107,'BSE - SENSEX Index Options'!$B:$B,"Thursday")+SUMIFS('BSE - Other Index Options'!$L:$L,'BSE - Other Index Options'!$D:$D,$A107,'BSE - Other Index Options'!$B:$B,"Thursday")) -> 230081.67 | D107: =IF(SUM(B107:C107)=0,"",SUM(B107)/SUM(B107:C107)) -> 0.41959922 | E107: =IF(SUM(B107:C107)=0,"",SUM(C107)/SUM(B107:C107)) -> 0.58040078
A108: 46113 | B108: =IF(SUMIFS('NSE - NIFTY Index Options'!$L:$L,'NSE - NIFTY Index Options'!$D:$D,$A108,'NSE - NIFTY Index Options'!$B:$B,"Thursday")+SUMIFS('NSE - Other Index Options'!$L:$L,'NSE - Other Index Options'!$D:$D,$A108,'NSE - Other Index Options'!$B:$B,"Thursday")=0,"",SUMIFS('NSE - NIFTY Index Options'!$L:$L,'NSE - NIFTY Index Options'!$D:$D,$A108,'NSE - NIFTY Index Options'!$B:$B,"Thursday")+SUMIFS('NSE - Other Index Options'!$L:$L,'NSE - Other Index Options'!$D:$D,$A108,'NSE - Other Index Options'!$B:$B,"Thursday")) -> 202362.42 | C108: =IF(SUMIFS('BSE - SENSEX Index Options'!$L:$L,'BSE - SENSEX Index Options'!$D:$D,$A108,'BSE - SENSEX Index Options'!$B:$B,"Thursday")+SUMIFS('BSE - Other Index Options'!$L:$L,'BSE - Other Index Options'!$D:$D,$A108,'BSE - Other Index Options'!$B:$B,"Thursday")=0,"",SUMIFS('BSE - SENSEX Index Options'!$L:$L,'BSE - SENSEX Index Options'!$D:$D,$A108,'BSE - SENSEX Index Options'!$B:$B,"Thursday")+SUMIFS('BSE - Other Index Options'!$L:$L,'BSE - Other Index Options'!$D:$D,$A108,'BSE - Other Index Options'!$B:$B,"Thursday")) -> 362500.86 | D108: =IF(SUM(B108:C108)=0,"",SUM(B108)/SUM(B108:C108)) -> 0.35825027 | E108: =IF(SUM(B108:C108)=0,"",SUM(C108)/SUM(B108:C108)) -> 0.64174973
A109: 46143 | B109: =IF(SUMIFS('NSE - NIFTY Index Options'!$L:$L,'NSE - NIFTY Index Options'!$D:$D,$A109,'NSE - NIFTY Index Options'!$B:$B,"Thursday")+SUMIFS('NSE - Other Index Options'!$L:$L,'NSE - Other Index Options'!$D:$D,$A109,'NSE - Other Index Options'!$B:$B,"Thursday")=0,"",SUMIFS('NSE - NIFTY Index Options'!$L:$L,'NSE - NIFTY Index Options'!$D:$D,$A109,'NSE - NIFTY Index Options'!$B:$B,"Thursday")+SUMIFS('NSE - Other Index Options'!$L:$L,'NSE - Other Index Options'!$D:$D,$A109,'NSE - Other Index Options'!$B:$B,"Thursday")) -> 115977.28 | C109: =IF(SUMIFS('BSE - SENSEX Index Options'!$L:$L,'BSE - SENSEX Index Options'!$D:$D,$A109,'BSE - SENSEX Index Options'!$B:$B,"Thursday")+SUMIFS('BSE - Other Index Options'!$L:$L,'BSE - Other Index Options'!$D:$D,$A109,'BSE - Other Index Options'!$B:$B,"Thursday")=0,"",SUMIFS('BSE - SENSEX Index Options'!$L:$L,'BSE - SENSEX Index Options'!$D:$D,$A109,'BSE - SENSEX Index Options'!$B:$B,"Thursday")+SUMIFS('BSE - Other Index Options'!$L:$L,'BSE - Other Index Options'!$D:$D,$A109,'BSE - Other Index Options'!$B:$B,"Thursday")) -> 221754.71 | D109: =IF(SUM(B109:C109)=0,"",SUM(B109)/SUM(B109:C109)) -> 0.34340034 | E109: =IF(SUM(B109:C109)=0,"",SUM(C109)/SUM(B109:C109)) -> 0.65659966
A110: 46174 | B110: =IF(SUMIFS('NSE - NIFTY Index Options'!$L:$L,'NSE - NIFTY Index Options'!$D:$D,$A110,'NSE - NIFTY Index Options'!$B:$B,"Thursday")+SUMIFS('NSE - Other Index Options'!$L:$L,'NSE - Other Index Options'!$D:$D,$A110,'NSE - Other Index Options'!$B:$B,"Thursday")=0,"",SUMIFS('NSE - NIFTY Index Options'!$L:$L,'NSE - NIFTY Index Options'!$D:$D,$A110,'NSE - NIFTY Index Options'!$B:$B,"Thursday")+SUMIFS('NSE - Other Index Options'!$L:$L,'NSE - Other Index Options'!$D:$D,$A110,'NSE - Other Index Options'!$B:$B,"Thursday")) -> 129411.12 | C110: =IF(SUMIFS('BSE - SENSEX Index Options'!$L:$L,'BSE - SENSEX Index Options'!$D:$D,$A110,'BSE - SENSEX Index Options'!$B:$B,"Thursday")+SUMIFS('BSE - Other Index Options'!$L:$L,'BSE - Other Index Options'!$D:$D,$A110,'BSE - Other Index Options'!$B:$B,"Thursday")=0,"",SUMIFS('BSE - SENSEX Index Options'!$L:$L,'BSE - SENSEX Index Options'!$D:$D,$A110,'BSE - SENSEX Index Options'!$B:$B,"Thursday")+SUMIFS('BSE - Other Index Options'!$L:$L,'BSE - Other Index Options'!$D:$D,$A110,'BSE - Other Index Options'!$B:$B,"Thursday")) -> 246915.96 | D110: =IF(SUM(B110:C110)=0,"",SUM(B110)/SUM(B110:C110)) -> 0.34387937 | E110: =IF(SUM(B110:C110)=0,"",SUM(C110)/SUM(B110:C110)) -> 0.65612063
A111: 46204 | B111: =IF(SUMIFS('NSE - NIFTY Index Options'!$L:$L,'NSE - NIFTY Index Options'!$D:$D,$A111,'NSE - NIFTY Index Options'!$B:$B,"Thursday")+SUMIFS('NSE - Other Index Options'!$L:$L,'NSE - Other Index Options'!$D:$D,$A111,'NSE - Other Index Options'!$B:$B,"Thursday")=0,"",SUMIFS('NSE - NIFTY Index Options'!$L:$L,'NSE - NIFTY Index Options'!$D:$D,$A111,'NSE - NIFTY Index Options'!$B:$B,"Thursday")+SUMIFS('NSE - Other Index Options'!$L:$L,'NSE - Other Index Options'!$D:$D,$A111,'NSE - Other Index Options'!$B:$B,"Thursday")) -> 25966.42 | C111: =IF(SUMIFS('BSE - SENSEX Index Options'!$L:$L,'BSE - SENSEX Index Options'!$D:$D,$A111,'BSE - SENSEX Index Options'!$B:$B,"Thursday")+SUMIFS('BSE - Other Index Options'!$L:$L,'BSE - Other Index Options'!$D:$D,$A111,'BSE - Other Index Options'!$B:$B,"Thursday")=0,"",SUMIFS('BSE - SENSEX Index Options'!$L:$L,'BSE - SENSEX Index Options'!$D:$D,$A111,'BSE - SENSEX Index Options'!$B:$B,"Thursday")+SUMIFS('BSE - Other Index Options'!$L:$L,'BSE - Other Index Options'!$D:$D,$A111,'BSE - Other Index Options'!$B:$B,"Thursday")) -> 54702.13 | D111: =IF(SUM(B111:C111)=0,"",SUM(B111)/SUM(B111:C111)) -> 0.32189025 | E111: =IF(SUM(B111:C111)=0,"",SUM(C111)/SUM(B111:C111)) -> 0.67810975
A112: 46235 | B112: =IF(SUMIFS('NSE - NIFTY Index Options'!$L:$L,'NSE - NIFTY Index Options'!$D:$D,$A112,'NSE - NIFTY Index Options'!$B:$B,"Thursday")+SUMIFS('NSE - Other Index Options'!$L:$L,'NSE - Other Index Options'!$D:$D,$A112,'NSE - Other Index Options'!$B:$B,"Thursday")=0,"",SUMIFS('NSE - NIFTY Index Options'!$L:$L,'NSE - NIFTY Index Options'!$D:$D,$A112,'NSE - NIFTY Index Options'!$B:$B,"Thursday")+SUMIFS('NSE - Other Index Options'!$L:$L,'NSE - Other Index Options'!$D:$D,$A112,'NSE - Other Index Options'!$B:$B,"Thursday")) | C112: =IF(SUMIFS('BSE - SENSEX Index Options'!$L:$L,'BSE - SENSEX Index Options'!$D:$D,$A112,'BSE - SENSEX Index Options'!$B:$B,"Thursday")+SUMIFS('BSE - Other Index Options'!$L:$L,'BSE - Other Index Options'!$D:$D,$A112,'BSE - Other Index Options'!$B:$B,"Thursday")=0,"",SUMIFS('BSE - SENSEX Index Options'!$L:$L,'BSE - SENSEX Index Options'!$D:$D,$A112,'BSE - SENSEX Index Options'!$B:$B,"Thursday")+SUMIFS('BSE - Other Index Options'!$L:$L,'BSE - Other Index Options'!$D:$D,$A112,'BSE - Other Index Options'!$B:$B,"Thursday")) | D112: =IF(SUM(B112:C112)=0,"",SUM(B112)/SUM(B112:C112)) | E112: =IF(SUM(B112:C112)=0,"",SUM(C112)/SUM(B112:C112))
... A128: 46722 | B128: =IF(SUMIFS('NSE - NIFTY Index Options'!$L:$L,'NSE - NIFTY Index Options'!$D:$D,$A128,'NSE - NIFTY Index Options'!$B:$B,"Thursday")+SUMIFS('NSE - Other Index Options'!$L:$L,'NSE - Other Index Options'!$D:$D,$A128,'NSE - Other Index Options'!$B:$B,"Thursday")=0,"",SUMIFS('NSE - NIFTY Index Options'!$L:$L,'NSE - NIFTY Index Options'!$D:$D,$A128,'NSE - NIFTY Index Options'!$B:$B,"Thursday")+SUMIFS('NSE - Other Index Options'!$L:$L,'NSE - Other Index Options'!$D:$D,$A128,'NSE - Other Index Options'!$B:$B,"Thursday")) | C128: =IF(SUMIFS('BSE - SENSEX Index Options'!$L:$L,'BSE - SENSEX Index Options'!$D:$D,$A128,'BSE - SENSEX Index Options'!$B:$B,"Thursday")+SUMIFS('BSE - Other Index Options'!$L:$L,'BSE - Other Index Options'!$D:$D,$A128,'BSE - Other Index Options'!$B:$B,"Thursday")=0,"",SUMIFS('BSE - SENSEX Index Options'!$L:$L,'BSE - SENSEX Index Options'!$D:$D,$A128,'BSE - SENSEX Index Options'!$B:$B,"Thursday")+SUMIFS('BSE - Other Index Options'!$L:$L,'BSE - Other Index Options'!$D:$D,$A128,'BSE - Other Index Options'!$B:$B,"Thursday")) | D128: =IF(SUM(B128:C128)=0,"",SUM(B128)/SUM(B128:C128)) | E128: =IF(SUM(B128:C128)=0,"",SUM(C128)/SUM(B128:C128))
A129: Total | B129: =IF(SUM(B101:B128)=0,"",SUM(B101:B128)) -> 1436864.6 | C129: =IF(SUM(C101:C128)=0,"",SUM(C101:C128)) -> 2210008.8 | D129: =IF(SUM(B129:C129)=0,"",SUM(B129)/SUM(B129:C129)) -> 0.39399903 | E129: =IF(SUM(B129:C129)=0,"",SUM(C129)/SUM(B129:C129)) -> 0.60600097
A131: Friday Trade Day
A132: Month | B132: NSE Premium Turnover (INR Crs) | C132: BSE Premium Turnover (INR Crs) | D132: NSE Market Share | E132: BSE Market Share
A133: 45901 | B133: =IF(SUMIFS('NSE - NIFTY Index Options'!$L:$L,'NSE - NIFTY Index Options'!$D:$D,$A133,'NSE - NIFTY Index Options'!$B:$B,"Friday")+SUMIFS('NSE - Other Index Options'!$L:$L,'NSE - Other Index Options'!$D:$D,$A133,'NSE - Other Index Options'!$B:$B,"Friday")=0,"",SUMIFS('NSE - NIFTY Index Options'!$L:$L,'NSE - NIFTY Index Options'!$D:$D,$A133,'NSE - NIFTY Index Options'!$B:$B,"Friday")+SUMIFS('NSE - Other Index Options'!$L:$L,'NSE - Other Index Options'!$D:$D,$A133,'NSE - Other Index Options'!$B:$B,"Friday")) -> 172302.16 | C133: =IF(SUMIFS('BSE - SENSEX Index Options'!$L:$L,'BSE - SENSEX Index Options'!$D:$D,$A133,'BSE - SENSEX Index Options'!$B:$B,"Friday")+SUMIFS('BSE - Other Index Options'!$L:$L,'BSE - Other Index Options'!$D:$D,$A133,'BSE - Other Index Options'!$B:$B,"Friday")=0,"",SUMIFS('BSE - SENSEX Index Options'!$L:$L,'BSE - SENSEX Index Options'!$D:$D,$A133,'BSE - SENSEX Index Options'!$B:$B,"Friday")+SUMIFS('BSE - Other Index Options'!$L:$L,'BSE - Other Index Options'!$D:$D,$A133,'BSE - Other Index Options'!$B:$B,"Friday")) -> 31113.98 | D133: =IF(SUM(B133:C133)=0,"",SUM(B133)/SUM(B133:C133)) -> 0.84704272 | E133: =IF(SUM(B133:C133)=0,"",SUM(C133)/SUM(B133:C133)) -> 0.15295728
A134: 45931 | B134: =IF(SUMIFS('NSE - NIFTY Index Options'!$L:$L,'NSE - NIFTY Index Options'!$D:$D,$A134,'NSE - NIFTY Index Options'!$B:$B,"Friday")+SUMIFS('NSE - Other Index Options'!$L:$L,'NSE - Other Index Options'!$D:$D,$A134,'NSE - Other Index Options'!$B:$B,"Friday")=0,"",SUMIFS('NSE - NIFTY Index Options'!$L:$L,'NSE - NIFTY Index Options'!$D:$D,$A134,'NSE - NIFTY Index Options'!$B:$B,"Friday")+SUMIFS('NSE - Other Index Options'!$L:$L,'NSE - Other Index Options'!$D:$D,$A134,'NSE - Other Index Options'!$B:$B,"Friday")) -> 279196.09 | C134: =IF(SUMIFS('BSE - SENSEX Index Options'!$L:$L,'BSE - SENSEX Index Options'!$D:$D,$A134,'BSE - SENSEX Index Options'!$B:$B,"Friday")+SUMIFS('BSE - Other Index Options'!$L:$L,'BSE - Other Index Options'!$D:$D,$A134,'BSE - Other Index Options'!$B:$B,"Friday")=0,"",SUMIFS('BSE - SENSEX Index Options'!$L:$L,'BSE - SENSEX Index Options'!$D:$D,$A134,'BSE - SENSEX Index Options'!$B:$B,"Friday")+SUMIFS('BSE - Other Index Options'!$L:$L,'BSE - Other Index Options'!$D:$D,$A134,'BSE - Other Index Options'!$B:$B,"Friday")) -> 52646.08 | D134: =IF(SUM(B134:C134)=0,"",SUM(B134)/SUM(B134:C134)) -> 0.84135205 | E134: =IF(SUM(B134:C134)=0,"",SUM(C134)/SUM(B134:C134)) -> 0.15864795
A135: 45962 | B135: =IF(SUMIFS('NSE - NIFTY Index Options'!$L:$L,'NSE - NIFTY Index Options'!$D:$D,$A135,'NSE - NIFTY Index Options'!$B:$B,"Friday")+SUMIFS('NSE - Other Index Options'!$L:$L,'NSE - Other Index Options'!$D:$D,$A135,'NSE - Other Index Options'!$B:$B,"Friday")=0,"",SUMIFS('NSE - NIFTY Index Options'!$L:$L,'NSE - NIFTY Index Options'!$D:$D,$A135,'NSE - NIFTY Index Options'!$B:$B,"Friday")+SUMIFS('NSE - Other Index Options'!$L:$L,'NSE - Other Index Options'!$D:$D,$A135,'NSE - Other Index Options'!$B:$B,"Friday")) -> 216452.02 | C135: =IF(SUMIFS('BSE - SENSEX Index Options'!$L:$L,'BSE - SENSEX Index Options'!$D:$D,$A135,'BSE - SENSEX Index Options'!$B:$B,"Friday")+SUMIFS('BSE - Other Index Options'!$L:$L,'BSE - Other Index Options'!$D:$D,$A135,'BSE - Other Index Options'!$B:$B,"Friday")=0,"",SUMIFS('BSE - SENSEX Index Options'!$L:$L,'BSE - SENSEX Index Options'!$D:$D,$A135,'BSE - SENSEX Index Options'!$B:$B,"Friday")+SUMIFS('BSE - Other Index Options'!$L:$L,'BSE - Other Index Options'!$D:$D,$A135,'BSE - Other Index Options'!$B:$B,"Friday")) -> 38868.3 | D135: =IF(SUM(B135:C135)=0,"",SUM(B135)/SUM(B135:C135)) -> 0.84776652 | E135: =IF(SUM(B135:C135)=0,"",SUM(C135)/SUM(B135:C135)) -> 0.15223348
A136: 45992 | B136: =IF(SUMIFS('NSE - NIFTY Index Options'!$L:$L,'NSE - NIFTY Index Options'!$D:$D,$A136,'NSE - NIFTY Index Options'!$B:$B,"Friday")+SUMIFS('NSE - Other Index Options'!$L:$L,'NSE - Other Index Options'!$D:$D,$A136,'NSE - Other Index Options'!$B:$B,"Friday")=0,"",SUMIFS('NSE - NIFTY Index Options'!$L:$L,'NSE - NIFTY Index Options'!$D:$D,$A136,'NSE - NIFTY Index Options'!$B:$B,"Friday")+SUMIFS('NSE - Other Index Options'!$L:$L,'NSE - Other Index Options'!$D:$D,$A136,'NSE - Other Index Options'!$B:$B,"Friday")) -> 166619.84 | C136: =IF(SUMIFS('BSE - SENSEX Index Options'!$L:$L,'BSE - SENSEX Index Options'!$D:$D,$A136,'BSE - SENSEX Index Options'!$B:$B,"Friday")+SUMIFS('BSE - Other Index Options'!$L:$L,'BSE - Other Index Options'!$D:$D,$A136,'BSE - Other Index Options'!$B:$B,"Friday")=0,"",SUMIFS('BSE - SENSEX Index Options'!$L:$L,'BSE - SENSEX Index Options'!$D:$D,$A136,'BSE - SENSEX Index Options'!$B:$B,"Friday")+SUMIFS('BSE - Other Index Options'!$L:$L,'BSE - Other Index Options'!$D:$D,$A136,'BSE - Other Index Options'!$B:$B,"Friday")) -> 34713.49 | D136: =IF(SUM(B136:C136)=0,"",SUM(B136)/SUM(B136:C136)) -> 0.827582 | E136: =IF(SUM(B136:C136)=0,"",SUM(C136)/SUM(B136:C136)) -> 0.172418
A137: 46023 | B137: =IF(SUMIFS('NSE - NIFTY Index Options'!$L:$L,'NSE - NIFTY Index Options'!$D:$D,$A137,'NSE - NIFTY Index Options'!$B:$B,"Friday")+SUMIFS('NSE - Other Index Options'!$L:$L,'NSE - Other Index Options'!$D:$D,$A137,'NSE - Other Index Options'!$B:$B,"Friday")=0,"",SUMIFS('NSE - NIFTY Index Options'!$L:$L,'NSE - NIFTY Index Options'!$D:$D,$A137,'NSE - NIFTY Index Options'!$B:$B,"Friday")+SUMIFS('NSE - Other Index Options'!$L:$L,'NSE - Other Index Options'!$D:$D,$A137,'NSE - Other Index Options'!$B:$B,"Friday")) -> 299247.96 | C137: =IF(SUMIFS('BSE - SENSEX Index Options'!$L:$L,'BSE - SENSEX Index Options'!$D:$D,$A137,'BSE - SENSEX Index Options'!$B:$B,"Friday")+SUMIFS('BSE - Other Index Options'!$L:$L,'BSE - Other Index Options'!$D:$D,$A137,'BSE - Other Index Options'!$B:$B,"Friday")=0,"",SUMIFS('BSE - SENSEX Index Options'!$L:$L,'BSE - SENSEX Index Options'!$D:$D,$A137,'BSE - SENSEX Index Options'!$B:$B,"Friday")+SUMIFS('BSE - Other Index Options'!$L:$L,'BSE - Other Index Options'!$D:$D,$A137,'BSE - Other Index Options'!$B:$B,"Friday")) -> 62544.53 | D137: =IF(SUM(B137:C137)=0,"",SUM(B137)/SUM(B137:C137)) -> 0.82712596 | E137: =IF(SUM(B137:C137)=0,"",SUM(C137)/SUM(B137:C137)) -> 0.17287404
A138: 46054 | B138: =IF(SUMIFS('NSE - NIFTY Index Options'!$L:$L,'NSE - NIFTY Index Options'!$D:$D,$A138,'NSE - NIFTY Index Options'!$B:$B,"Friday")+SUMIFS('NSE - Other Index Options'!$L:$L,'NSE - Other Index Options'!$D:$D,$A138,'NSE - Other Index Options'!$B:$B,"Friday")=0,"",SUMIFS('NSE - NIFTY Index Options'!$L:$L,'NSE - NIFTY Index Options'!$D:$D,$A138,'NSE - NIFTY Index Options'!$B:$B,"Friday")+SUMIFS('NSE - Other Index Options'!$L:$L,'NSE - Other Index Options'!$D:$D,$A138,'NSE - Other Index Options'!$B:$B,"Friday")) -> 255514.62 | C138: =IF(SUMIFS('BSE - SENSEX Index Options'!$L:$L,'BSE - SENSEX Index Options'!$D:$D,$A138,'BSE - SENSEX Index Options'!$B:$B,"Friday")+SUMIFS('BSE - Other Index Options'!$L:$L,'BSE - Other Index Options'!$D:$D,$A138,'BSE - Other Index Options'!$B:$B,"Friday")=0,"",SUMIFS('BSE - SENSEX Index Options'!$L:$L,'BSE - SENSEX Index Options'!$D:$D,$A138,'BSE - SENSEX Index Options'!$B:$B,"Friday")+SUMIFS('BSE - Other Index Options'!$L:$L,'BSE - Other Index Options'!$D:$D,$A138,'BSE - Other Index Options'!$B:$B,"Friday")) -> 50165.56 | D138: =IF(SUM(B138:C138)=0,"",SUM(B138)/SUM(B138:C138)) -> 0.83588874 | E138: =IF(SUM(B138:C138)=0,"",SUM(C138)/SUM(B138:C138)) -> 0.16411126
A139: 46082 | B139: =IF(SUMIFS('NSE - NIFTY Index Options'!$L:$L,'NSE - NIFTY Index Options'!$D:$D,$A139,'NSE - NIFTY Index Options'!$B:$B,"Friday")+SUMIFS('NSE - Other Index Options'!$L:$L,'NSE - Other Index Options'!$D:$D,$A139,'NSE - Other Index Options'!$B:$B,"Friday")=0,"",SUMIFS('NSE - NIFTY Index Options'!$L:$L,'NSE - NIFTY Index Options'!$D:$D,$A139,'NSE - NIFTY Index Options'!$B:$B,"Friday")+SUMIFS('NSE - Other Index Options'!$L:$L,'NSE - Other Index Options'!$D:$D,$A139,'NSE - Other Index Options'!$B:$B,"Friday")) -> 343586.59 | C139: =IF(SUMIFS('BSE - SENSEX Index Options'!$L:$L,'BSE - SENSEX Index Options'!$D:$D,$A139,'BSE - SENSEX Index Options'!$B:$B,"Friday")+SUMIFS('BSE - Other Index Options'!$L:$L,'BSE - Other Index Options'!$D:$D,$A139,'BSE - Other Index Options'!$B:$B,"Friday")=0,"",SUMIFS('BSE - SENSEX Index Options'!$L:$L,'BSE - SENSEX Index Options'!$D:$D,$A139,'BSE - SENSEX Index Options'!$B:$B,"Friday")+SUMIFS('BSE - Other Index Options'!$L:$L,'BSE - Other Index Options'!$D:$D,$A139,'BSE - Other Index Options'!$B:$B,"Friday")) -> 51781.35 | D139: =IF(SUM(B139:C139)=0,"",SUM(B139)/SUM(B139:C139)) -> 0.86902997 | E139: =IF(SUM(B139:C139)=0,"",SUM(C139)/SUM(B139:C139)) -> 0.13097003
A140: 46113 | B140: =IF(SUMIFS('NSE - NIFTY Index Options'!$L:$L,'NSE - NIFTY Index Options'!$D:$D,$A140,'NSE - NIFTY Index Options'!$B:$B,"Friday")+SUMIFS('NSE - Other Index Options'!$L:$L,'NSE - Other Index Options'!$D:$D,$A140,'NSE - Other Index Options'!$B:$B,"Friday")=0,"",SUMIFS('NSE - NIFTY Index Options'!$L:$L,'NSE - NIFTY Index Options'!$D:$D,$A140,'NSE - NIFTY Index Options'!$B:$B,"Friday")+SUMIFS('NSE - Other Index Options'!$L:$L,'NSE - Other Index Options'!$D:$D,$A140,'NSE - Other Index Options'!$B:$B,"Friday")) -> 164919.1 | C140: =IF(SUMIFS('BSE - SENSEX Index Options'!$L:$L,'BSE - SENSEX Index Options'!$D:$D,$A140,'BSE - SENSEX Index Options'!$B:$B,"Friday")+SUMIFS('BSE - Other Index Options'!$L:$L,'BSE - Other Index Options'!$D:$D,$A140,'BSE - Other Index Options'!$B:$B,"Friday")=0,"",SUMIFS('BSE - SENSEX Index Options'!$L:$L,'BSE - SENSEX Index Options'!$D:$D,$A140,'BSE - SENSEX Index Options'!$B:$B,"Friday")+SUMIFS('BSE - Other Index Options'!$L:$L,'BSE - Other Index Options'!$D:$D,$A140,'BSE - Other Index Options'!$B:$B,"Friday")) -> 28488.07 | D140: =IF(SUM(B140:C140)=0,"",SUM(B140)/SUM(B140:C140)) -> 0.85270417 | E140: =IF(SUM(B140:C140)=0,"",SUM(C140)/SUM(B140:C140)) -> 0.14729583
A141: 46143 | B141: =IF(SUMIFS('NSE - NIFTY Index Options'!$L:$L,'NSE - NIFTY Index Options'!$D:$D,$A141,'NSE - NIFTY Index Options'!$B:$B,"Friday")+SUMIFS('NSE - Other Index Options'!$L:$L,'NSE - Other Index Options'!$D:$D,$A141,'NSE - Other Index Options'!$B:$B,"Friday")=0,"",SUMIFS('NSE - NIFTY Index Options'!$L:$L,'NSE - NIFTY Index Options'!$D:$D,$A141,'NSE - NIFTY Index Options'!$B:$B,"Friday")+SUMIFS('NSE - Other Index Options'!$L:$L,'NSE - Other Index Options'!$D:$D,$A141,'NSE - Other Index Options'!$B:$B,"Friday")) -> 233242.3 | C141: =IF(SUMIFS('BSE - SENSEX Index Options'!$L:$L,'BSE - SENSEX Index Options'!$D:$D,$A141,'BSE - SENSEX Index Options'!$B:$B,"Friday")+SUMIFS('BSE - Other Index Options'!$L:$L,'BSE - Other Index Options'!$D:$D,$A141,'BSE - Other Index Options'!$B:$B,"Friday")=0,"",SUMIFS('BSE - SENSEX Index Options'!$L:$L,'BSE - SENSEX Index Options'!$D:$D,$A141,'BSE - SENSEX Index Options'!$B:$B,"Friday")+SUMIFS('BSE - Other Index Options'!$L:$L,'BSE - Other Index Options'!$D:$D,$A141,'BSE - Other Index Options'!$B:$B,"Friday")) -> 45725.09 | D141: =IF(SUM(B141:C141)=0,"",SUM(B141)/SUM(B141:C141)) -> 0.83609163 | E141: =IF(SUM(B141:C141)=0,"",SUM(C141)/SUM(B141:C141)) -> 0.16390837
A142: 46174 | B142: =IF(SUMIFS('NSE - NIFTY Index Options'!$L:$L,'NSE - NIFTY Index Options'!$D:$D,$A142,'NSE - NIFTY Index Options'!$B:$B,"Friday")+SUMIFS('NSE - Other Index Options'!$L:$L,'NSE - Other Index Options'!$D:$D,$A142,'NSE - Other Index Options'!$B:$B,"Friday")=0,"",SUMIFS('NSE - NIFTY Index Options'!$L:$L,'NSE - NIFTY Index Options'!$D:$D,$A142,'NSE - NIFTY Index Options'!$B:$B,"Friday")+SUMIFS('NSE - Other Index Options'!$L:$L,'NSE - Other Index Options'!$D:$D,$A142,'NSE - Other Index Options'!$B:$B,"Friday")) -> 183448.09 | C142: =IF(SUMIFS('BSE - SENSEX Index Options'!$L:$L,'BSE - SENSEX Index Options'!$D:$D,$A142,'BSE - SENSEX Index Options'!$B:$B,"Friday")+SUMIFS('BSE - Other Index Options'!$L:$L,'BSE - Other Index Options'!$D:$D,$A142,'BSE - Other Index Options'!$B:$B,"Friday")=0,"",SUMIFS('BSE - SENSEX Index Options'!$L:$L,'BSE - SENSEX Index Options'!$D:$D,$A142,'BSE - SENSEX Index Options'!$B:$B,"Friday")+SUMIFS('BSE - Other Index Options'!$L:$L,'BSE - Other Index Options'!$D:$D,$A142,'BSE - Other Index Options'!$B:$B,"Friday")) -> 35882.24 | D142: =IF(SUM(B142:C142)=0,"",SUM(B142)/SUM(B142:C142)) -> 0.83640092 | E142: =IF(SUM(B142:C142)=0,"",SUM(C142)/SUM(B142:C142)) -> 0.16359908
A143: 46204 | B143: =IF(SUMIFS('NSE - NIFTY Index Options'!$L:$L,'NSE - NIFTY Index Options'!$D:$D,$A143,'NSE - NIFTY Index Options'!$B:$B,"Friday")+SUMIFS('NSE - Other Index Options'!$L:$L,'NSE - Other Index Options'!$D:$D,$A143,'NSE - Other Index Options'!$B:$B,"Friday")=0,"",SUMIFS('NSE - NIFTY Index Options'!$L:$L,'NSE - NIFTY Index Options'!$D:$D,$A143,'NSE - NIFTY Index Options'!$B:$B,"Friday")+SUMIFS('NSE - Other Index Options'!$L:$L,'NSE - Other Index Options'!$D:$D,$A143,'NSE - Other Index Options'!$B:$B,"Friday")) -> 40096.45 | C143: =IF(SUMIFS('BSE - SENSEX Index Options'!$L:$L,'BSE - SENSEX Index Options'!$D:$D,$A143,'BSE - SENSEX Index Options'!$B:$B,"Friday")+SUMIFS('BSE - Other Index Options'!$L:$L,'BSE - Other Index Options'!$D:$D,$A143,'BSE - Other Index Options'!$B:$B,"Friday")=0,"",SUMIFS('BSE - SENSEX Index Options'!$L:$L,'BSE - SENSEX Index Options'!$D:$D,$A143,'BSE - SENSEX Index Options'!$B:$B,"Friday")+SUMIFS('BSE - Other Index Options'!$L:$L,'BSE - Other Index Options'!$D:$D,$A143,'BSE - Other Index Options'!$B:$B,"Friday")) -> 9211.54 | D143: =IF(SUM(B143:C143)=0,"",SUM(B143)/SUM(B143:C143)) -> 0.81318362 | E143: =IF(SUM(B143:C143)=0,"",SUM(C143)/SUM(B143:C143)) -> 0.18681638
A144: 46235 | B144: =IF(SUMIFS('NSE - NIFTY Index Options'!$L:$L,'NSE - NIFTY Index Options'!$D:$D,$A144,'NSE - NIFTY Index Options'!$B:$B,"Friday")+SUMIFS('NSE - Other Index Options'!$L:$L,'NSE - Other Index Options'!$D:$D,$A144,'NSE - Other Index Options'!$B:$B,"Friday")=0,"",SUMIFS('NSE - NIFTY Index Options'!$L:$L,'NSE - NIFTY Index Options'!$D:$D,$A144,'NSE - NIFTY Index Options'!$B:$B,"Friday")+SUMIFS('NSE - Other Index Options'!$L:$L,'NSE - Other Index Options'!$D:$D,$A144,'NSE - Other Index Options'!$B:$B,"Friday")) | C144: =IF(SUMIFS('BSE - SENSEX Index Options'!$L:$L,'BSE - SENSEX Index Options'!$D:$D,$A144,'BSE - SENSEX Index Options'!$B:$B,"Friday")+SUMIFS('BSE - Other Index Options'!$L:$L,'BSE - Other Index Options'!$D:$D,$A144,'BSE - Other Index Options'!$B:$B,"Friday")=0,"",SUMIFS('BSE - SENSEX Index Options'!$L:$L,'BSE - SENSEX Index Options'!$D:$D,$A144,'BSE - SENSEX Index Options'!$B:$B,"Friday")+SUMIFS('BSE - Other Index Options'!$L:$L,'BSE - Other Index Options'!$D:$D,$A144,'BSE - Other Index Options'!$B:$B,"Friday")) | D144: =IF(SUM(B144:C144)=0,"",SUM(B144)/SUM(B144:C144)) | E144: =IF(SUM(B144:C144)=0,"",SUM(C144)/SUM(B144:C144))
... A160: 46722 | B160: =IF(SUMIFS('NSE - NIFTY Index Options'!$L:$L,'NSE - NIFTY Index Options'!$D:$D,$A160,'NSE - NIFTY Index Options'!$B:$B,"Friday")+SUMIFS('NSE - Other Index Options'!$L:$L,'NSE - Other Index Options'!$D:$D,$A160,'NSE - Other Index Options'!$B:$B,"Friday")=0,"",SUMIFS('NSE - NIFTY Index Options'!$L:$L,'NSE - NIFTY Index Options'!$D:$D,$A160,'NSE - NIFTY Index Options'!$B:$B,"Friday")+SUMIFS('NSE - Other Index Options'!$L:$L,'NSE - Other Index Options'!$D:$D,$A160,'NSE - Other Index Options'!$B:$B,"Friday")) | C160: =IF(SUMIFS('BSE - SENSEX Index Options'!$L:$L,'BSE - SENSEX Index Options'!$D:$D,$A160,'BSE - SENSEX Index Options'!$B:$B,"Friday")+SUMIFS('BSE - Other Index Options'!$L:$L,'BSE - Other Index Options'!$D:$D,$A160,'BSE - Other Index Options'!$B:$B,"Friday")=0,"",SUMIFS('BSE - SENSEX Index Options'!$L:$L,'BSE - SENSEX Index Options'!$D:$D,$A160,'BSE - SENSEX Index Options'!$B:$B,"Friday")+SUMIFS('BSE - Other Index Options'!$L:$L,'BSE - Other Index Options'!$D:$D,$A160,'BSE - Other Index Options'!$B:$B,"Friday")) | D160: =IF(SUM(B160:C160)=0,"",SUM(B160)/SUM(B160:C160)) | E160: =IF(SUM(B160:C160)=0,"",SUM(C160)/SUM(B160:C160))
A161: Total | B161: =IF(SUM(B133:B160)=0,"",SUM(B133:B160)) -> 2354625.2 | C161: =IF(SUM(C133:C160)=0,"",SUM(C133:C160)) -> 441140.23 | D161: =IF(SUM(B161:C161)=0,"",SUM(B161)/SUM(B161:C161)) -> 0.84221129 | E161: =IF(SUM(B161:C161)=0,"",SUM(C161)/SUM(B161:C161)) -> 0.15778871
A163: Sunday Trade Day
A164: Month | B164: NSE Premium Turnover (INR Crs) | C164: BSE Premium Turnover (INR Crs) | D164: NSE Market Share | E164: BSE Market Share
A165: 45901 | B165: =IF(SUMIFS('NSE - NIFTY Index Options'!$L:$L,'NSE - NIFTY Index Options'!$D:$D,$A165,'NSE - NIFTY Index Options'!$B:$B,"Sunday")+SUMIFS('NSE - Other Index Options'!$L:$L,'NSE - Other Index Options'!$D:$D,$A165,'NSE - Other Index Options'!$B:$B,"Sunday")=0,"",SUMIFS('NSE - NIFTY Index Options'!$L:$L,'NSE - NIFTY Index Options'!$D:$D,$A165,'NSE - NIFTY Index Options'!$B:$B,"Sunday")+SUMIFS('NSE - Other Index Options'!$L:$L,'NSE - Other Index Options'!$D:$D,$A165,'NSE - Other Index Options'!$B:$B,"Sunday")) | C165: =IF(SUMIFS('BSE - SENSEX Index Options'!$L:$L,'BSE - SENSEX Index Options'!$D:$D,$A165,'BSE - SENSEX Index Options'!$B:$B,"Sunday")+SUMIFS('BSE - Other Index Options'!$L:$L,'BSE - Other Index Options'!$D:$D,$A165,'BSE - Other Index Options'!$B:$B,"Sunday")=0,"",SUMIFS('BSE - SENSEX Index Options'!$L:$L,'BSE - SENSEX Index Options'!$D:$D,$A165,'BSE - SENSEX Index Options'!$B:$B,"Sunday")+SUMIFS('BSE - Other Index Options'!$L:$L,'BSE - Other Index Options'!$D:$D,$A165,'BSE - Other Index Options'!$B:$B,"Sunday")) | D165: =IF(SUM(B165:C165)=0,"",SUM(B165)/SUM(B165:C165)) | E165: =IF(SUM(B165:C165)=0,"",SUM(C165)/SUM(B165:C165))
A166: 45931 | B166: =IF(SUMIFS('NSE - NIFTY Index Options'!$L:$L,'NSE - NIFTY Index Options'!$D:$D,$A166,'NSE - NIFTY Index Options'!$B:$B,"Sunday")+SUMIFS('NSE - Other Index Options'!$L:$L,'NSE - Other Index Options'!$D:$D,$A166,'NSE - Other Index Options'!$B:$B,"Sunday")=0,"",SUMIFS('NSE - NIFTY Index Options'!$L:$L,'NSE - NIFTY Index Options'!$D:$D,$A166,'NSE - NIFTY Index Options'!$B:$B,"Sunday")+SUMIFS('NSE - Other Index Options'!$L:$L,'NSE - Other Index Options'!$D:$D,$A166,'NSE - Other Index Options'!$B:$B,"Sunday")) | C166: =IF(SUMIFS('BSE - SENSEX Index Options'!$L:$L,'BSE - SENSEX Index Options'!$D:$D,$A166,'BSE - SENSEX Index Options'!$B:$B,"Sunday")+SUMIFS('BSE - Other Index Options'!$L:$L,'BSE - Other Index Options'!$D:$D,$A166,'BSE - Other Index Options'!$B:$B,"Sunday")=0,"",SUMIFS('BSE - SENSEX Index Options'!$L:$L,'BSE - SENSEX Index Options'!$D:$D,$A166,'BSE - SENSEX Index Options'!$B:$B,"Sunday")+SUMIFS('BSE - Other Index Options'!$L:$L,'BSE - Other Index Options'!$D:$D,$A166,'BSE - Other Index Options'!$B:$B,"Sunday")) | D166: =IF(SUM(B166:C166)=0,"",SUM(B166)/SUM(B166:C166)) | E166: =IF(SUM(B166:C166)=0,"",SUM(C166)/SUM(B166:C166))
A167: 45962 | B167: =IF(SUMIFS('NSE - NIFTY Index Options'!$L:$L,'NSE - NIFTY Index Options'!$D:$D,$A167,'NSE - NIFTY Index Options'!$B:$B,"Sunday")+SUMIFS('NSE - Other Index Options'!$L:$L,'NSE - Other Index Options'!$D:$D,$A167,'NSE - Other Index Options'!$B:$B,"Sunday")=0,"",SUMIFS('NSE - NIFTY Index Options'!$L:$L,'NSE - NIFTY Index Options'!$D:$D,$A167,'NSE - NIFTY Index Options'!$B:$B,"Sunday")+SUMIFS('NSE - Other Index Options'!$L:$L,'NSE - Other Index Options'!$D:$D,$A167,'NSE - Other Index Options'!$B:$B,"Sunday")) | C167: =IF(SUMIFS('BSE - SENSEX Index Options'!$L:$L,'BSE - SENSEX Index Options'!$D:$D,$A167,'BSE - SENSEX Index Options'!$B:$B,"Sunday")+SUMIFS('BSE - Other Index Options'!$L:$L,'BSE - Other Index Options'!$D:$D,$A167,'BSE - Other Index Options'!$B:$B,"Sunday")=0,"",SUMIFS('BSE - SENSEX Index Options'!$L:$L,'BSE - SENSEX Index Options'!$D:$D,$A167,'BSE - SENSEX Index Options'!$B:$B,"Sunday")+SUMIFS('BSE - Other Index Options'!$L:$L,'BSE - Other Index Options'!$D:$D,$A167,'BSE - Other Index Options'!$B:$B,"Sunday")) | D167: =IF(SUM(B167:C167)=0,"",SUM(B167)/SUM(B167:C167)) | E167: =IF(SUM(B167:C167)=0,"",SUM(C167)/SUM(B167:C167))
A168: 45992 | B168: =IF(SUMIFS('NSE - NIFTY Index Options'!$L:$L,'NSE - NIFTY Index Options'!$D:$D,$A168,'NSE - NIFTY Index Options'!$B:$B,"Sunday")+SUMIFS('NSE - Other Index Options'!$L:$L,'NSE - Other Index Options'!$D:$D,$A168,'NSE - Other Index Options'!$B:$B,"Sunday")=0,"",SUMIFS('NSE - NIFTY Index Options'!$L:$L,'NSE - NIFTY Index Options'!$D:$D,$A168,'NSE - NIFTY Index Options'!$B:$B,"Sunday")+SUMIFS('NSE - Other Index Options'!$L:$L,'NSE - Other Index Options'!$D:$D,$A168,'NSE - Other Index Options'!$B:$B,"Sunday")) | C168: =IF(SUMIFS('BSE - SENSEX Index Options'!$L:$L,'BSE - SENSEX Index Options'!$D:$D,$A168,'BSE - SENSEX Index Options'!$B:$B,"Sunday")+SUMIFS('BSE - Other Index Options'!$L:$L,'BSE - Other Index Options'!$D:$D,$A168,'BSE - Other Index Options'!$B:$B,"Sunday")=0,"",SUMIFS('BSE - SENSEX Index Options'!$L:$L,'BSE - SENSEX Index Options'!$D:$D,$A168,'BSE - SENSEX Index Options'!$B:$B,"Sunday")+SUMIFS('BSE - Other Index Options'!$L:$L,'BSE - Other Index Options'!$D:$D,$A168,'BSE - Other Index Options'!$B:$B,"Sunday")) | D168: =IF(SUM(B168:C168)=0,"",SUM(B168)/SUM(B168:C168)) | E168: =IF(SUM(B168:C168)=0,"",SUM(C168)/SUM(B168:C168))
A169: 46023 | B169: =IF(SUMIFS('NSE - NIFTY Index Options'!$L:$L,'NSE - NIFTY Index Options'!$D:$D,$A169,'NSE - NIFTY Index Options'!$B:$B,"Sunday")+SUMIFS('NSE - Other Index Options'!$L:$L,'NSE - Other Index Options'!$D:$D,$A169,'NSE - Other Index Options'!$B:$B,"Sunday")=0,"",SUMIFS('NSE - NIFTY Index Options'!$L:$L,'NSE - NIFTY Index Options'!$D:$D,$A169,'NSE - NIFTY Index Options'!$B:$B,"Sunday")+SUMIFS('NSE - Other Index Options'!$L:$L,'NSE - Other Index Options'!$D:$D,$A169,'NSE - Other Index Options'!$B:$B,"Sunday")) | C169: =IF(SUMIFS('BSE - SENSEX Index Options'!$L:$L,'BSE - SENSEX Index Options'!$D:$D,$A169,'BSE - SENSEX Index Options'!$B:$B,"Sunday")+SUMIFS('BSE - Other Index Options'!$L:$L,'BSE - Other Index Options'!$D:$D,$A169,'BSE - Other Index Options'!$B:$B,"Sunday")=0,"",SUMIFS('BSE - SENSEX Index Options'!$L:$L,'BSE - SENSEX Index Options'!$D:$D,$A169,'BSE - SENSEX Index Options'!$B:$B,"Sunday")+SUMIFS('BSE - Other Index Options'!$L:$L,'BSE - Other Index Options'!$D:$D,$A169,'BSE - Other Index Options'!$B:$B,"Sunday")) | D169: =IF(SUM(B169:C169)=0,"",SUM(B169)/SUM(B169:C169)) | E169: =IF(SUM(B169:C169)=0,"",SUM(C169)/SUM(B169:C169))
A170: 46054 | B170: =IF(SUMIFS('NSE - NIFTY Index Options'!$L:$L,'NSE - NIFTY Index Options'!$D:$D,$A170,'NSE - NIFTY Index Options'!$B:$B,"Sunday")+SUMIFS('NSE - Other Index Options'!$L:$L,'NSE - Other Index Options'!$D:$D,$A170,'NSE - Other Index Options'!$B:$B,"Sunday")=0,"",SUMIFS('NSE - NIFTY Index Options'!$L:$L,'NSE - NIFTY Index Options'!$D:$D,$A170,'NSE - NIFTY Index Options'!$B:$B,"Sunday")+SUMIFS('NSE - Other Index Options'!$L:$L,'NSE - Other Index Options'!$D:$D,$A170,'NSE - Other Index Options'!$B:$B,"Sunday")) -> 111932.99 | C170: =IF(SUMIFS('BSE - SENSEX Index Options'!$L:$L,'BSE - SENSEX Index Options'!$D:$D,$A170,'BSE - SENSEX Index Options'!$B:$B,"Sunday")+SUMIFS('BSE - Other Index Options'!$L:$L,'BSE - Other Index Options'!$D:$D,$A170,'BSE - Other Index Options'!$B:$B,"Sunday")=0,"",SUMIFS('BSE - SENSEX Index Options'!$L:$L,'BSE - SENSEX Index Options'!$D:$D,$A170,'BSE - SENSEX Index Options'!$B:$B,"Sunday")+SUMIFS('BSE - Other Index Options'!$L:$L,'BSE - Other Index Options'!$D:$D,$A170,'BSE - Other Index Options'!$B:$B,"Sunday")) -> 24784.93 | D170: =IF(SUM(B170:C170)=0,"",SUM(B170)/SUM(B170:C170)) -> 0.81871484 | E170: =IF(SUM(B170:C170)=0,"",SUM(C170)/SUM(B170:C170)) -> 0.18128516
A171: 46082 | B171: =IF(SUMIFS('NSE - NIFTY Index Options'!$L:$L,'NSE - NIFTY Index Options'!$D:$D,$A171,'NSE - NIFTY Index Options'!$B:$B,"Sunday")+SUMIFS('NSE - Other Index Options'!$L:$L,'NSE - Other Index Options'!$D:$D,$A171,'NSE - Other Index Options'!$B:$B,"Sunday")=0,"",SUMIFS('NSE - NIFTY Index Options'!$L:$L,'NSE - NIFTY Index Options'!$D:$D,$A171,'NSE - NIFTY Index Options'!$B:$B,"Sunday")+SUMIFS('NSE - Other Index Options'!$L:$L,'NSE - Other Index Options'!$D:$D,$A171,'NSE - Other Index Options'!$B:$B,"Sunday")) | C171: =IF(SUMIFS('BSE - SENSEX Index Options'!$L:$L,'BSE - SENSEX Index Options'!$D:$D,$A171,'BSE - SENSEX Index Options'!$B:$B,"Sunday")+SUMIFS('BSE - Other Index Options'!$L:$L,'BSE - Other Index Options'!$D:$D,$A171,'BSE - Other Index Options'!$B:$B,"Sunday")=0,"",SUMIFS('BSE - SENSEX Index Options'!$L:$L,'BSE - SENSEX Index Options'!$D:$D,$A171,'BSE - SENSEX Index Options'!$B:$B,"Sunday")+SUMIFS('BSE - Other Index Options'!$L:$L,'BSE - Other Index Options'!$D:$D,$A171,'BSE - Other Index Options'!$B:$B,"Sunday")) | D171: =IF(SUM(B171:C171)=0,"",SUM(B171)/SUM(B171:C171)) | E171: =IF(SUM(B171:C171)=0,"",SUM(C171)/SUM(B171:C171))
A172: 46113 | B172: =IF(SUMIFS('NSE - NIFTY Index Options'!$L:$L,'NSE - NIFTY Index Options'!$D:$D,$A172,'NSE - NIFTY Index Options'!$B:$B,"Sunday")+SUMIFS('NSE - Other Index Options'!$L:$L,'NSE - Other Index Options'!$D:$D,$A172,'NSE - Other Index Options'!$B:$B,"Sunday")=0,"",SUMIFS('NSE - NIFTY Index Options'!$L:$L,'NSE - NIFTY Index Options'!$D:$D,$A172,'NSE - NIFTY Index Options'!$B:$B,"Sunday")+SUMIFS('NSE - Other Index Options'!$L:$L,'NSE - Other Index Options'!$D:$D,$A172,'NSE - Other Index Options'!$B:$B,"Sunday")) | C172: =IF(SUMIFS('BSE - SENSEX Index Options'!$L:$L,'BSE - SENSEX Index Options'!$D:$D,$A172,'BSE - SENSEX Index Options'!$B:$B,"Sunday")+SUMIFS('BSE - Other Index Options'!$L:$L,'BSE - Other Index Options'!$D:$D,$A172,'BSE - Other Index Options'!$B:$B,"Sunday")=0,"",SUMIFS('BSE - SENSEX Index Options'!$L:$L,'BSE - SENSEX Index Options'!$D:$D,$A172,'BSE - SENSEX Index Options'!$B:$B,"Sunday")+SUMIFS('BSE - Other Index Options'!$L:$L,'BSE - Other Index Options'!$D:$D,$A172,'BSE - Other Index Options'!$B:$B,"Sunday")) | D172: =IF(SUM(B172:C172)=0,"",SUM(B172)/SUM(B172:C172)) | E172: =IF(SUM(B172:C172)=0,"",SUM(C172)/SUM(B172:C172))
A173: 46143 | B173: =IF(SUMIFS('NSE - NIFTY Index Options'!$L:$L,'NSE - NIFTY Index Options'!$D:$D,$A173,'NSE - NIFTY Index Options'!$B:$B,"Sunday")+SUMIFS('NSE - Other Index Options'!$L:$L,'NSE - Other Index Options'!$D:$D,$A173,'NSE - Other Index Options'!$B:$B,"Sunday")=0,"",SUMIFS('NSE - NIFTY Index Options'!$L:$L,'NSE - NIFTY Index Options'!$D:$D,$A173,'NSE - NIFTY Index Options'!$B:$B,"Sunday")+SUMIFS('NSE - Other Index Options'!$L:$L,'NSE - Other Index Options'!$D:$D,$A173,'NSE - Other Index Options'!$B:$B,"Sunday")) | C173: =IF(SUMIFS('BSE - SENSEX Index Options'!$L:$L,'BSE - SENSEX Index Options'!$D:$D,$A173,'BSE - SENSEX Index Options'!$B:$B,"Sunday")+SUMIFS('BSE - Other Index Options'!$L:$L,'BSE - Other Index Options'!$D:$D,$A173,'BSE - Other Index Options'!$B:$B,"Sunday")=0,"",SUMIFS('BSE - SENSEX Index Options'!$L:$L,'BSE - SENSEX Index Options'!$D:$D,$A173,'BSE - SENSEX Index Options'!$B:$B,"Sunday")+SUMIFS('BSE - Other Index Options'!$L:$L,'BSE - Other Index Options'!$D:$D,$A173,'BSE - Other Index Options'!$B:$B,"Sunday")) | D173: =IF(SUM(B173:C173)=0,"",SUM(B173)/SUM(B173:C173)) | E173: =IF(SUM(B173:C173)=0,"",SUM(C173)/SUM(B173:C173))
A174: 46174 | B174: =IF(SUMIFS('NSE - NIFTY Index Options'!$L:$L,'NSE - NIFTY Index Options'!$D:$D,$A174,'NSE - NIFTY Index Options'!$B:$B,"Sunday")+SUMIFS('NSE - Other Index Options'!$L:$L,'NSE - Other Index Options'!$D:$D,$A174,'NSE - Other Index Options'!$B:$B,"Sunday")=0,"",SUMIFS('NSE - NIFTY Index Options'!$L:$L,'NSE - NIFTY Index Options'!$D:$D,$A174,'NSE - NIFTY Index Options'!$B:$B,"Sunday")+SUMIFS('NSE - Other Index Options'!$L:$L,'NSE - Other Index Options'!$D:$D,$A174,'NSE - Other Index Options'!$B:$B,"Sunday")) | C174: =IF(SUMIFS('BSE - SENSEX Index Options'!$L:$L,'BSE - SENSEX Index Options'!$D:$D,$A174,'BSE - SENSEX Index Options'!$B:$B,"Sunday")+SUMIFS('BSE - Other Index Options'!$L:$L,'BSE - Other Index Options'!$D:$D,$A174,'BSE - Other Index Options'!$B:$B,"Sunday")=0,"",SUMIFS('BSE - SENSEX Index Options'!$L:$L,'BSE - SENSEX Index Options'!$D:$D,$A174,'BSE - SENSEX Index Options'!$B:$B,"Sunday")+SUMIFS('BSE - Other Index Options'!$L:$L,'BSE - Other Index Options'!$D:$D,$A174,'BSE - Other Index Options'!$B:$B,"Sunday")) | D174: =IF(SUM(B174:C174)=0,"",SUM(B174)/SUM(B174:C174)) | E174: =IF(SUM(B174:C174)=0,"",SUM(C174)/SUM(B174:C174))
A175: 46204 | B175: =IF(SUMIFS('NSE - NIFTY Index Options'!$L:$L,'NSE - NIFTY Index Options'!$D:$D,$A175,'NSE - NIFTY Index Options'!$B:$B,"Sunday")+SUMIFS('NSE - Other Index Options'!$L:$L,'NSE - Other Index Options'!$D:$D,$A175,'NSE - Other Index Options'!$B:$B,"Sunday")=0,"",SUMIFS('NSE - NIFTY Index Options'!$L:$L,'NSE - NIFTY Index Options'!$D:$D,$A175,'NSE - NIFTY Index Options'!$B:$B,"Sunday")+SUMIFS('NSE - Other Index Options'!$L:$L,'NSE - Other Index Options'!$D:$D,$A175,'NSE - Other Index Options'!$B:$B,"Sunday")) | C175: =IF(SUMIFS('BSE - SENSEX Index Options'!$L:$L,'BSE - SENSEX Index Options'!$D:$D,$A175,'BSE - SENSEX Index Options'!$B:$B,"Sunday")+SUMIFS('BSE - Other Index Options'!$L:$L,'BSE - Other Index Options'!$D:$D,$A175,'BSE - Other Index Options'!$B:$B,"Sunday")=0,"",SUMIFS('BSE - SENSEX Index Options'!$L:$L,'BSE - SENSEX Index Options'!$D:$D,$A175,'BSE - SENSEX Index Options'!$B:$B,"Sunday")+SUMIFS('BSE - Other Index Options'!$L:$L,'BSE - Other Index Options'!$D:$D,$A175,'BSE - Other Index Options'!$B:$B,"Sunday")) | D175: =IF(SUM(B175:C175)=0,"",SUM(B175)/SUM(B175:C175)) | E175: =IF(SUM(B175:C175)=0,"",SUM(C175)/SUM(B175:C175))
A176: 46235 | B176: =IF(SUMIFS('NSE - NIFTY Index Options'!$L:$L,'NSE - NIFTY Index Options'!$D:$D,$A176,'NSE - NIFTY Index Options'!$B:$B,"Sunday")+SUMIFS('NSE - Other Index Options'!$L:$L,'NSE - Other Index Options'!$D:$D,$A176,'NSE - Other Index Options'!$B:$B,"Sunday")=0,"",SUMIFS('NSE - NIFTY Index Options'!$L:$L,'NSE - NIFTY Index Options'!$D:$D,$A176,'NSE - NIFTY Index Options'!$B:$B,"Sunday")+SUMIFS('NSE - Other Index Options'!$L:$L,'NSE - Other Index Options'!$D:$D,$A176,'NSE - Other Index Options'!$B:$B,"Sunday")) | C176: =IF(SUMIFS('BSE - SENSEX Index Options'!$L:$L,'BSE - SENSEX Index Options'!$D:$D,$A176,'BSE - SENSEX Index Options'!$B:$B,"Sunday")+SUMIFS('BSE - Other Index Options'!$L:$L,'BSE - Other Index Options'!$D:$D,$A176,'BSE - Other Index Options'!$B:$B,"Sunday")=0,"",SUMIFS('BSE - SENSEX Index Options'!$L:$L,'BSE - SENSEX Index Options'!$D:$D,$A176,'BSE - SENSEX Index Options'!$B:$B,"Sunday")+SUMIFS('BSE - Other Index Options'!$L:$L,'BSE - Other Index Options'!$D:$D,$A176,'BSE - Other Index Options'!$B:$B,"Sunday")) | D176: =IF(SUM(B176:C176)=0,"",SUM(B176)/SUM(B176:C176)) | E176: =IF(SUM(B176:C176)=0,"",SUM(C176)/SUM(B176:C176))
... A192: 46722 | B192: =IF(SUMIFS('NSE - NIFTY Index Options'!$L:$L,'NSE - NIFTY Index Options'!$D:$D,$A192,'NSE - NIFTY Index Options'!$B:$B,"Sunday")+SUMIFS('NSE - Other Index Options'!$L:$L,'NSE - Other Index Options'!$D:$D,$A192,'NSE - Other Index Options'!$B:$B,"Sunday")=0,"",SUMIFS('NSE - NIFTY Index Options'!$L:$L,'NSE - NIFTY Index Options'!$D:$D,$A192,'NSE - NIFTY Index Options'!$B:$B,"Sunday")+SUMIFS('NSE - Other Index Options'!$L:$L,'NSE - Other Index Options'!$D:$D,$A192,'NSE - Other Index Options'!$B:$B,"Sunday")) | C192: =IF(SUMIFS('BSE - SENSEX Index Options'!$L:$L,'BSE - SENSEX Index Options'!$D:$D,$A192,'BSE - SENSEX Index Options'!$B:$B,"Sunday")+SUMIFS('BSE - Other Index Options'!$L:$L,'BSE - Other Index Options'!$D:$D,$A192,'BSE - Other Index Options'!$B:$B,"Sunday")=0,"",SUMIFS('BSE - SENSEX Index Options'!$L:$L,'BSE - SENSEX Index Options'!$D:$D,$A192,'BSE - SENSEX Index Options'!$B:$B,"Sunday")+SUMIFS('BSE - Other Index Options'!$L:$L,'BSE - Other Index Options'!$D:$D,$A192,'BSE - Other Index Options'!$B:$B,"Sunday")) | D192: =IF(SUM(B192:C192)=0,"",SUM(B192)/SUM(B192:C192)) | E192: =IF(SUM(B192:C192)=0,"",SUM(C192)/SUM(B192:C192))
A193: Total | B193: =IF(SUM(B165:B192)=0,"",SUM(B165:B192)) -> 111932.99 | C193: =IF(SUM(C165:C192)=0,"",SUM(C165:C192)) -> 24784.93 | D193: =IF(SUM(B193:C193)=0,"",SUM(B193)/SUM(B193:C193)) -> 0.81871484 | E193: =IF(SUM(B193:C193)=0,"",SUM(C193)/SUM(B193:C193)) -> 0.18128516

Sheet Analysis2
A1: Premium Turnover Time Series by Trade Day — NSE vs BSE, WEEKLY expiries only (Sep-2025 onwards, live — populates as master data is updated)
A3: Monday Trade Day
A4: Month | B4: NSE Premium Turnover (INR Crs) | C4: BSE Premium Turnover (INR Crs) | D4: NSE Market Share | E4: BSE Market Share
A5: 45901 | B5: =IF(SUMIFS('NSE - NIFTY Index Options'!$L:$L,'NSE - NIFTY Index Options'!$D:$D,$A5,'NSE - NIFTY Index Options'!$B:$B,"Monday",'NSE - NIFTY Index Options'!$G:$G,"Weekly*")+SUMIFS('NSE - Other Index Options'!$L:$L,'NSE - Other Index Options'!$D:$D,$A5,'NSE - Other Index Options'!$B:$B,"Monday",'NSE - Other Index Options'!$G:$G,"Weekly*")=0,"",SUMIFS('NSE - NIFTY Index Options'!$L:$L,'NSE - NIFTY Index Options'!$D:$D,$A5,'NSE - NIFTY Index Options'!$B:$B,"Monday",'NSE - NIFTY Index Options'!$G:$G,"Weekly*")+SUMIFS('NSE - Other Index Options'!$L:$L,'NSE - Other Index Options'!$D:$D,$A5,'NSE - Other Index Options'!$B:$B,"Monday",'NSE - Other Index Options'!$G:$G,"Weekly*")) -> 137437.41 | C5: =IF(SUMIFS('BSE - SENSEX Index Options'!$L:$L,'BSE - SENSEX Index Options'!$D:$D,$A5,'BSE - SENSEX Index Options'!$B:$B,"Monday",'BSE - SENSEX Index Options'!$G:$G,"Weekly*")+SUMIFS('BSE - Other Index Options'!$L:$L,'BSE - Other Index Options'!$D:$D,$A5,'BSE - Other Index Options'!$B:$B,"Monday",'BSE - Other Index Options'!$G:$G,"Weekly*")=0,"",SUMIFS('BSE - SENSEX Index Options'!$L:$L,'BSE - SENSEX Index Options'!$D:$D,$A5,'BSE - SENSEX Index Options'!$B:$B,"Monday",'BSE - SENSEX Index Options'!$G:$G,"Weekly*")+SUMIFS('BSE - Other Index Options'!$L:$L,'BSE - Other Index Options'!$D:$D,$A5,'BSE - Other Index Options'!$B:$B,"Monday",'BSE - Other Index Options'!$G:$G,"Weekly*")) -> 32207.13 | D5: =IF(SUM(B5:C5)=0,"",SUM(B5)/SUM(B5:C5)) -> 0.81014933 | E5: =IF(SUM(B5:C5)=0,"",SUM(C5)/SUM(B5:C5)) -> 0.18985067
A6: 45931 | B6: =IF(SUMIFS('NSE - NIFTY Index Options'!$L:$L,'NSE - NIFTY Index Options'!$D:$D,$A6,'NSE - NIFTY Index Options'!$B:$B,"Monday",'NSE - NIFTY Index Options'!$G:$G,"Weekly*")+SUMIFS('NSE - Other Index Options'!$L:$L,'NSE - Other Index Options'!$D:$D,$A6,'NSE - Other Index Options'!$B:$B,"Monday",'NSE - Other Index Options'!$G:$G,"Weekly*")=0,"",SUMIFS('NSE - NIFTY Index Options'!$L:$L,'NSE - NIFTY Index Options'!$D:$D,$A6,'NSE - NIFTY Index Options'!$B:$B,"Monday",'NSE - NIFTY Index Options'!$G:$G,"Weekly*")+SUMIFS('NSE - Other Index Options'!$L:$L,'NSE - Other Index Options'!$D:$D,$A6,'NSE - Other Index Options'!$B:$B,"Monday",'NSE - Other Index Options'!$G:$G,"Weekly*")) -> 140555.3 | C6: =IF(SUMIFS('BSE - SENSEX Index Options'!$L:$L,'BSE - SENSEX Index Options'!$D:$D,$A6,'BSE - SENSEX Index Options'!$B:$B,"Monday",'BSE - SENSEX Index Options'!$G:$G,"Weekly*")+SUMIFS('BSE - Other Index Options'!$L:$L,'BSE - Other Index Options'!$D:$D,$A6,'BSE - Other Index Options'!$B:$B,"Monday",'BSE - Other Index Options'!$G:$G,"Weekly*")=0,"",SUMIFS('BSE - SENSEX Index Options'!$L:$L,'BSE - SENSEX Index Options'!$D:$D,$A6,'BSE - SENSEX Index Options'!$B:$B,"Monday",'BSE - SENSEX Index Options'!$G:$G,"Weekly*")+SUMIFS('BSE - Other Index Options'!$L:$L,'BSE - Other Index Options'!$D:$D,$A6,'BSE - Other Index Options'!$B:$B,"Monday",'BSE - Other Index Options'!$G:$G,"Weekly*")) -> 29243.65 | D6: =IF(SUM(B6:C6)=0,"",SUM(B6)/SUM(B6:C6)) -> 0.82777485 | E6: =IF(SUM(B6:C6)=0,"",SUM(C6)/SUM(B6:C6)) -> 0.17222515
A7: 45962 | B7: =IF(SUMIFS('NSE - NIFTY Index Options'!$L:$L,'NSE - NIFTY Index Options'!$D:$D,$A7,'NSE - NIFTY Index Options'!$B:$B,"Monday",'NSE - NIFTY Index Options'!$G:$G,"Weekly*")+SUMIFS('NSE - Other Index Options'!$L:$L,'NSE - Other Index Options'!$D:$D,$A7,'NSE - Other Index Options'!$B:$B,"Monday",'NSE - Other Index Options'!$G:$G,"Weekly*")=0,"",SUMIFS('NSE - NIFTY Index Options'!$L:$L,'NSE - NIFTY Index Options'!$D:$D,$A7,'NSE - NIFTY Index Options'!$B:$B,"Monday",'NSE - NIFTY Index Options'!$G:$G,"Weekly*")+SUMIFS('NSE - Other Index Options'!$L:$L,'NSE - Other Index Options'!$D:$D,$A7,'NSE - Other Index Options'!$B:$B,"Monday",'NSE - Other Index Options'!$G:$G,"Weekly*")) -> 127013.75 | C7: =IF(SUMIFS('BSE - SENSEX Index Options'!$L:$L,'BSE - SENSEX Index Options'!$D:$D,$A7,'BSE - SENSEX Index Options'!$B:$B,"Monday",'BSE - SENSEX Index Options'!$G:$G,"Weekly*")+SUMIFS('BSE - Other Index Options'!$L:$L,'BSE - Other Index Options'!$D:$D,$A7,'BSE - Other Index Options'!$B:$B,"Monday",'BSE - Other Index Options'!$G:$G,"Weekly*")=0,"",SUMIFS('BSE - SENSEX Index Options'!$L:$L,'BSE - SENSEX Index Options'!$D:$D,$A7,'BSE - SENSEX Index Options'!$B:$B,"Monday",'BSE - SENSEX Index Options'!$G:$G,"Weekly*")+SUMIFS('BSE - Other Index Options'!$L:$L,'BSE - Other Index Options'!$D:$D,$A7,'BSE - Other Index Options'!$B:$B,"Monday",'BSE - Other Index Options'!$G:$G,"Weekly*")) -> 26666.4 | D7: =IF(SUM(B7:C7)=0,"",SUM(B7)/SUM(B7:C7)) -> 0.82648117 | E7: =IF(SUM(B7:C7)=0,"",SUM(C7)/SUM(B7:C7)) -> 0.17351883
A8: 45992 | B8: =IF(SUMIFS('NSE - NIFTY Index Options'!$L:$L,'NSE - NIFTY Index Options'!$D:$D,$A8,'NSE - NIFTY Index Options'!$B:$B,"Monday",'NSE - NIFTY Index Options'!$G:$G,"Weekly*")+SUMIFS('NSE - Other Index Options'!$L:$L,'NSE - Other Index Options'!$D:$D,$A8,'NSE - Other Index Options'!$B:$B,"Monday",'NSE - Other Index Options'!$G:$G,"Weekly*")=0,"",SUMIFS('NSE - NIFTY Index Options'!$L:$L,'NSE - NIFTY Index Options'!$D:$D,$A8,'NSE - NIFTY Index Options'!$B:$B,"Monday",'NSE - NIFTY Index Options'!$G:$G,"Weekly*")+SUMIFS('NSE - Other Index Options'!$L:$L,'NSE - Other Index Options'!$D:$D,$A8,'NSE - Other Index Options'!$B:$B,"Monday",'NSE - Other Index Options'!$G:$G,"Weekly*")) -> 164949.41 | C8: =IF(SUMIFS('BSE - SENSEX Index Options'!$L:$L,'BSE - SENSEX Index Options'!$D:$D,$A8,'BSE - SENSEX Index Options'!$B:$B,"Monday",'BSE - SENSEX Index Options'!$G:$G,"Weekly*")+SUMIFS('BSE - Other Index Options'!$L:$L,'BSE - Other Index Options'!$D:$D,$A8,'BSE - Other Index Options'!$B:$B,"Monday",'BSE - Other Index Options'!$G:$G,"Weekly*")=0,"",SUMIFS('BSE - SENSEX Index Options'!$L:$L,'BSE - SENSEX Index Options'!$D:$D,$A8,'BSE - SENSEX Index Options'!$B:$B,"Monday",'BSE - SENSEX Index Options'!$G:$G,"Weekly*")+SUMIFS('BSE - Other Index Options'!$L:$L,'BSE - Other Index Options'!$D:$D,$A8,'BSE - Other Index Options'!$B:$B,"Monday",'BSE - Other Index Options'!$G:$G,"Weekly*")) -> 44403.32 | D8: =IF(SUM(B8:C8)=0,"",SUM(B8)/SUM(B8:C8)) -> 0.78790188 | E8: =IF(SUM(B8:C8)=0,"",SUM(C8)/SUM(B8:C8)) -> 0.21209812
A9: 46023 | B9: =IF(SUMIFS('NSE - NIFTY Index Options'!$L:$L,'NSE - NIFTY Index Options'!$D:$D,$A9,'NSE - NIFTY Index Options'!$B:$B,"Monday",'NSE - NIFTY Index Options'!$G:$G,"Weekly*")+SUMIFS('NSE - Other Index Options'!$L:$L,'NSE - Other Index Options'!$D:$D,$A9,'NSE - Other Index Options'!$B:$B,"Monday",'NSE - Other Index Options'!$G:$G,"Weekly*")=0,"",SUMIFS('NSE - NIFTY Index Options'!$L:$L,'NSE - NIFTY Index Options'!$D:$D,$A9,'NSE - NIFTY Index Options'!$B:$B,"Monday",'NSE - NIFTY Index Options'!$G:$G,"Weekly*")+SUMIFS('NSE - Other Index Options'!$L:$L,'NSE - Other Index Options'!$D:$D,$A9,'NSE - Other Index Options'!$B:$B,"Monday",'NSE - Other Index Options'!$G:$G,"Weekly*")) -> 165076.03 | C9: =IF(SUMIFS('BSE - SENSEX Index Options'!$L:$L,'BSE - SENSEX Index Options'!$D:$D,$A9,'BSE - SENSEX Index Options'!$B:$B,"Monday",'BSE - SENSEX Index Options'!$G:$G,"Weekly*")+SUMIFS('BSE - Other Index Options'!$L:$L,'BSE - Other Index Options'!$D:$D,$A9,'BSE - Other Index Options'!$B:$B,"Monday",'BSE - Other Index Options'!$G:$G,"Weekly*")=0,"",SUMIFS('BSE - SENSEX Index Options'!$L:$L,'BSE - SENSEX Index Options'!$D:$D,$A9,'BSE - SENSEX Index Options'!$B:$B,"Monday",'BSE - SENSEX Index Options'!$G:$G,"Weekly*")+SUMIFS('BSE - Other Index Options'!$L:$L,'BSE - Other Index Options'!$D:$D,$A9,'BSE - Other Index Options'!$B:$B,"Monday",'BSE - Other Index Options'!$G:$G,"Weekly*")) -> 40260.95 | D9: =IF(SUM(B9:C9)=0,"",SUM(B9)/SUM(B9:C9)) -> 0.80392743 | E9: =IF(SUM(B9:C9)=0,"",SUM(C9)/SUM(B9:C9)) -> 0.19607257
A10: 46054 | B10: =IF(SUMIFS('NSE - NIFTY Index Options'!$L:$L,'NSE - NIFTY Index Options'!$D:$D,$A10,'NSE - NIFTY Index Options'!$B:$B,"Monday",'NSE - NIFTY Index Options'!$G:$G,"Weekly*")+SUMIFS('NSE - Other Index Options'!$L:$L,'NSE - Other Index Options'!$D:$D,$A10,'NSE - Other Index Options'!$B:$B,"Monday",'NSE - Other Index Options'!$G:$G,"Weekly*")=0,"",SUMIFS('NSE - NIFTY Index Options'!$L:$L,'NSE - NIFTY Index Options'!$D:$D,$A10,'NSE - NIFTY Index Options'!$B:$B,"Monday",'NSE - NIFTY Index Options'!$G:$G,"Weekly*")+SUMIFS('NSE - Other Index Options'!$L:$L,'NSE - Other Index Options'!$D:$D,$A10,'NSE - Other Index Options'!$B:$B,"Monday",'NSE - Other Index Options'!$G:$G,"Weekly*")) -> 178381.06 | C10: =IF(SUMIFS('BSE - SENSEX Index Options'!$L:$L,'BSE - SENSEX Index Options'!$D:$D,$A10,'BSE - SENSEX Index Options'!$B:$B,"Monday",'BSE - SENSEX Index Options'!$G:$G,"Weekly*")+SUMIFS('BSE - Other Index Options'!$L:$L,'BSE - Other Index Options'!$D:$D,$A10,'BSE - Other Index Options'!$B:$B,"Monday",'BSE - Other Index Options'!$G:$G,"Weekly*")=0,"",SUMIFS('BSE - SENSEX Index Options'!$L:$L,'BSE - SENSEX Index Options'!$D:$D,$A10,'BSE - SENSEX Index Options'!$B:$B,"Monday",'BSE - SENSEX Index Options'!$G:$G,"Weekly*")+SUMIFS('BSE - Other Index Options'!$L:$L,'BSE - Other Index Options'!$D:$D,$A10,'BSE - Other Index Options'!$B:$B,"Monday",'BSE - Other Index Options'!$G:$G,"Weekly*")) -> 37453.31 | D10: =IF(SUM(B10:C10)=0,"",SUM(B10)/SUM(B10:C10)) -> 0.82647198 | E10: =IF(SUM(B10:C10)=0,"",SUM(C10)/SUM(B10:C10)) -> 0.17352802
A11: 46082 | B11: =IF(SUMIFS('NSE - NIFTY Index Options'!$L:$L,'NSE - NIFTY Index Options'!$D:$D,$A11,'NSE - NIFTY Index Options'!$B:$B,"Monday",'NSE - NIFTY Index Options'!$G:$G,"Weekly*")+SUMIFS('NSE - Other Index Options'!$L:$L,'NSE - Other Index Options'!$D:$D,$A11,'NSE - Other Index Options'!$B:$B,"Monday",'NSE - Other Index Options'!$G:$G,"Weekly*")=0,"",SUMIFS('NSE - NIFTY Index Options'!$L:$L,'NSE - NIFTY Index Options'!$D:$D,$A11,'NSE - NIFTY Index Options'!$B:$B,"Monday",'NSE - NIFTY Index Options'!$G:$G,"Weekly*")+SUMIFS('NSE - Other Index Options'!$L:$L,'NSE - Other Index Options'!$D:$D,$A11,'NSE - Other Index Options'!$B:$B,"Monday",'NSE - Other Index Options'!$G:$G,"Weekly*")) -> 377633.94 | C11: =IF(SUMIFS('BSE - SENSEX Index Options'!$L:$L,'BSE - SENSEX Index Options'!$D:$D,$A11,'BSE - SENSEX Index Options'!$B:$B,"Monday",'BSE - SENSEX Index Options'!$G:$G,"Weekly*")+SUMIFS('BSE - Other Index Options'!$L:$L,'BSE - Other Index Options'!$D:$D,$A11,'BSE - Other Index Options'!$B:$B,"Monday",'BSE - Other Index Options'!$G:$G,"Weekly*")=0,"",SUMIFS('BSE - SENSEX Index Options'!$L:$L,'BSE - SENSEX Index Options'!$D:$D,$A11,'BSE - SENSEX Index Options'!$B:$B,"Monday",'BSE - SENSEX Index Options'!$G:$G,"Weekly*")+SUMIFS('BSE - Other Index Options'!$L:$L,'BSE - Other Index Options'!$D:$D,$A11,'BSE - Other Index Options'!$B:$B,"Monday",'BSE - Other Index Options'!$G:$G,"Weekly*")) -> 64796.94 | D11: =IF(SUM(B11:C11)=0,"",SUM(B11)/SUM(B11:C11)) -> 0.85354336 | E11: =IF(SUM(B11:C11)=0,"",SUM(C11)/SUM(B11:C11)) -> 0.14645664
A12: 46113 | B12: =IF(SUMIFS('NSE - NIFTY Index Options'!$L:$L,'NSE - NIFTY Index Options'!$D:$D,$A12,'NSE - NIFTY Index Options'!$B:$B,"Monday",'NSE - NIFTY Index Options'!$G:$G,"Weekly*")+SUMIFS('NSE - Other Index Options'!$L:$L,'NSE - Other Index Options'!$D:$D,$A12,'NSE - Other Index Options'!$B:$B,"Monday",'NSE - Other Index Options'!$G:$G,"Weekly*")=0,"",SUMIFS('NSE - NIFTY Index Options'!$L:$L,'NSE - NIFTY Index Options'!$D:$D,$A12,'NSE - NIFTY Index Options'!$B:$B,"Monday",'NSE - NIFTY Index Options'!$G:$G,"Weekly*")+SUMIFS('NSE - Other Index Options'!$L:$L,'NSE - Other Index Options'!$D:$D,$A12,'NSE - Other Index Options'!$B:$B,"Monday",'NSE - Other Index Options'!$G:$G,"Weekly*")) -> 214975.9 | C12: =IF(SUMIFS('BSE - SENSEX Index Options'!$L:$L,'BSE - SENSEX Index Options'!$D:$D,$A12,'BSE - SENSEX Index Options'!$B:$B,"Monday",'BSE - SENSEX Index Options'!$G:$G,"Weekly*")+SUMIFS('BSE - Other Index Options'!$L:$L,'BSE - Other Index Options'!$D:$D,$A12,'BSE - Other Index Options'!$B:$B,"Monday",'BSE - Other Index Options'!$G:$G,"Weekly*")=0,"",SUMIFS('BSE - SENSEX Index Options'!$L:$L,'BSE - SENSEX Index Options'!$D:$D,$A12,'BSE - SENSEX Index Options'!$B:$B,"Monday",'BSE - SENSEX Index Options'!$G:$G,"Weekly*")+SUMIFS('BSE - Other Index Options'!$L:$L,'BSE - Other Index Options'!$D:$D,$A12,'BSE - Other Index Options'!$B:$B,"Monday",'BSE - Other Index Options'!$G:$G,"Weekly*")) -> 39960.06 | D12: =IF(SUM(B12:C12)=0,"",SUM(B12)/SUM(B12:C12)) -> 0.84325452 | E12: =IF(SUM(B12:C12)=0,"",SUM(C12)/SUM(B12:C12)) -> 0.15674548
A13: 46143 | B13: =IF(SUMIFS('NSE - NIFTY Index Options'!$L:$L,'NSE - NIFTY Index Options'!$D:$D,$A13,'NSE - NIFTY Index Options'!$B:$B,"Monday",'NSE - NIFTY Index Options'!$G:$G,"Weekly*")+SUMIFS('NSE - Other Index Options'!$L:$L,'NSE - Other Index Options'!$D:$D,$A13,'NSE - Other Index Options'!$B:$B,"Monday",'NSE - Other Index Options'!$G:$G,"Weekly*")=0,"",SUMIFS('NSE - NIFTY Index Options'!$L:$L,'NSE - NIFTY Index Options'!$D:$D,$A13,'NSE - NIFTY Index Options'!$B:$B,"Monday",'NSE - NIFTY Index Options'!$G:$G,"Weekly*")+SUMIFS('NSE - Other Index Options'!$L:$L,'NSE - Other Index Options'!$D:$D,$A13,'NSE - Other Index Options'!$B:$B,"Monday",'NSE - Other Index Options'!$G:$G,"Weekly*")) -> 201542.38 | C13: =IF(SUMIFS('BSE - SENSEX Index Options'!$L:$L,'BSE - SENSEX Index Options'!$D:$D,$A13,'BSE - SENSEX Index Options'!$B:$B,"Monday",'BSE - SENSEX Index Options'!$G:$G,"Weekly*")+SUMIFS('BSE - Other Index Options'!$L:$L,'BSE - Other Index Options'!$D:$D,$A13,'BSE - Other Index Options'!$B:$B,"Monday",'BSE - Other Index Options'!$G:$G,"Weekly*")=0,"",SUMIFS('BSE - SENSEX Index Options'!$L:$L,'BSE - SENSEX Index Options'!$D:$D,$A13,'BSE - SENSEX Index Options'!$B:$B,"Monday",'BSE - SENSEX Index Options'!$G:$G,"Weekly*")+SUMIFS('BSE - Other Index Options'!$L:$L,'BSE - Other Index Options'!$D:$D,$A13,'BSE - Other Index Options'!$B:$B,"Monday",'BSE - Other Index Options'!$G:$G,"Weekly*")) -> 42365.85 | D13: =IF(SUM(B13:C13)=0,"",SUM(B13)/SUM(B13:C13)) -> 0.82630414 | E13: =IF(SUM(B13:C13)=0,"",SUM(C13)/SUM(B13:C13)) -> 0.17369586
A14: 46174 | B14: =IF(SUMIFS('NSE - NIFTY Index Options'!$L:$L,'NSE - NIFTY Index Options'!$D:$D,$A14,'NSE - NIFTY Index Options'!$B:$B,"Monday",'NSE - NIFTY Index Options'!$G:$G,"Weekly*")+SUMIFS('NSE - Other Index Options'!$L:$L,'NSE - Other Index Options'!$D:$D,$A14,'NSE - Other Index Options'!$B:$B,"Monday",'NSE - Other Index Options'!$G:$G,"Weekly*")=0,"",SUMIFS('NSE - NIFTY Index Options'!$L:$L,'NSE - NIFTY Index Options'!$D:$D,$A14,'NSE - NIFTY Index Options'!$B:$B,"Monday",'NSE - NIFTY Index Options'!$G:$G,"Weekly*")+SUMIFS('NSE - Other Index Options'!$L:$L,'NSE - Other Index Options'!$D:$D,$A14,'NSE - Other Index Options'!$B:$B,"Monday",'NSE - Other Index Options'!$G:$G,"Weekly*")) -> 202038.27 | C14: =IF(SUMIFS('BSE - SENSEX Index Options'!$L:$L,'BSE - SENSEX Index Options'!$D:$D,$A14,'BSE - SENSEX Index Options'!$B:$B,"Monday",'BSE - SENSEX Index Options'!$G:$G,"Weekly*")+SUMIFS('BSE - Other Index Options'!$L:$L,'BSE - Other Index Options'!$D:$D,$A14,'BSE - Other Index Options'!$B:$B,"Monday",'BSE - Other Index Options'!$G:$G,"Weekly*")=0,"",SUMIFS('BSE - SENSEX Index Options'!$L:$L,'BSE - SENSEX Index Options'!$D:$D,$A14,'BSE - SENSEX Index Options'!$B:$B,"Monday",'BSE - SENSEX Index Options'!$G:$G,"Weekly*")+SUMIFS('BSE - Other Index Options'!$L:$L,'BSE - Other Index Options'!$D:$D,$A14,'BSE - Other Index Options'!$B:$B,"Monday",'BSE - Other Index Options'!$G:$G,"Weekly*")) -> 45462.12 | D14: =IF(SUM(B14:C14)=0,"",SUM(B14)/SUM(B14:C14)) -> 0.81631496 | E14: =IF(SUM(B14:C14)=0,"",SUM(C14)/SUM(B14:C14)) -> 0.18368504
A15: 46204 | B15: =IF(SUMIFS('NSE - NIFTY Index Options'!$L:$L,'NSE - NIFTY Index Options'!$D:$D,$A15,'NSE - NIFTY Index Options'!$B:$B,"Monday",'NSE - NIFTY Index Options'!$G:$G,"Weekly*")+SUMIFS('NSE - Other Index Options'!$L:$L,'NSE - Other Index Options'!$D:$D,$A15,'NSE - Other Index Options'!$B:$B,"Monday",'NSE - Other Index Options'!$G:$G,"Weekly*")=0,"",SUMIFS('NSE - NIFTY Index Options'!$L:$L,'NSE - NIFTY Index Options'!$D:$D,$A15,'NSE - NIFTY Index Options'!$B:$B,"Monday",'NSE - NIFTY Index Options'!$G:$G,"Weekly*")+SUMIFS('NSE - Other Index Options'!$L:$L,'NSE - Other Index Options'!$D:$D,$A15,'NSE - Other Index Options'!$B:$B,"Monday",'NSE - Other Index Options'!$G:$G,"Weekly*")) -> 34447.22 | C15: =IF(SUMIFS('BSE - SENSEX Index Options'!$L:$L,'BSE - SENSEX Index Options'!$D:$D,$A15,'BSE - SENSEX Index Options'!$B:$B,"Monday",'BSE - SENSEX Index Options'!$G:$G,"Weekly*")+SUMIFS('BSE - Other Index Options'!$L:$L,'BSE - Other Index Options'!$D:$D,$A15,'BSE - Other Index Options'!$B:$B,"Monday",'BSE - Other Index Options'!$G:$G,"Weekly*")=0,"",SUMIFS('BSE - SENSEX Index Options'!$L:$L,'BSE - SENSEX Index Options'!$D:$D,$A15,'BSE - SENSEX Index Options'!$B:$B,"Monday",'BSE - SENSEX Index Options'!$G:$G,"Weekly*")+SUMIFS('BSE - Other Index Options'!$L:$L,'BSE - Other Index Options'!$D:$D,$A15,'BSE - Other Index Options'!$B:$B,"Monday",'BSE - Other Index Options'!$G:$G,"Weekly*")) -> 8690.27 | D15: =IF(SUM(B15:C15)=0,"",SUM(B15)/SUM(B15:C15)) -> 0.79854484 | E15: =IF(SUM(B15:C15)=0,"",SUM(C15)/SUM(B15:C15)) -> 0.20145516
A16: 46235 | B16: =IF(SUMIFS('NSE - NIFTY Index Options'!$L:$L,'NSE - NIFTY Index Options'!$D:$D,$A16,'NSE - NIFTY Index Options'!$B:$B,"Monday",'NSE - NIFTY Index Options'!$G:$G,"Weekly*")+SUMIFS('NSE - Other Index Options'!$L:$L,'NSE - Other Index Options'!$D:$D,$A16,'NSE - Other Index Options'!$B:$B,"Monday",'NSE - Other Index Options'!$G:$G,"Weekly*")=0,"",SUMIFS('NSE - NIFTY Index Options'!$L:$L,'NSE - NIFTY Index Options'!$D:$D,$A16,'NSE - NIFTY Index Options'!$B:$B,"Monday",'NSE - NIFTY Index Options'!$G:$G,"Weekly*")+SUMIFS('NSE - Other Index Options'!$L:$L,'NSE - Other Index Options'!$D:$D,$A16,'NSE - Other Index Options'!$B:$B,"Monday",'NSE - Other Index Options'!$G:$G,"Weekly*")) | C16: =IF(SUMIFS('BSE - SENSEX Index Options'!$L:$L,'BSE - SENSEX Index Options'!$D:$D,$A16,'BSE - SENSEX Index Options'!$B:$B,"Monday",'BSE - SENSEX Index Options'!$G:$G,"Weekly*")+SUMIFS('BSE - Other Index Options'!$L:$L,'BSE - Other Index Options'!$D:$D,$A16,'BSE - Other Index Options'!$B:$B,"Monday",'BSE - Other Index Options'!$G:$G,"Weekly*")=0,"",SUMIFS('BSE - SENSEX Index Options'!$L:$L,'BSE - SENSEX Index Options'!$D:$D,$A16,'BSE - SENSEX Index Options'!$B:$B,"Monday",'BSE - SENSEX Index Options'!$G:$G,"Weekly*")+SUMIFS('BSE - Other Index Options'!$L:$L,'BSE - Other Index Options'!$D:$D,$A16,'BSE - Other Index Options'!$B:$B,"Monday",'BSE - Other Index Options'!$G:$G,"Weekly*")) | D16: =IF(SUM(B16:C16)=0,"",SUM(B16)/SUM(B16:C16)) | E16: =IF(SUM(B16:C16)=0,"",SUM(C16)/SUM(B16:C16))
... A32: 46722 | B32: =IF(SUMIFS('NSE - NIFTY Index Options'!$L:$L,'NSE - NIFTY Index Options'!$D:$D,$A32,'NSE - NIFTY Index Options'!$B:$B,"Monday",'NSE - NIFTY Index Options'!$G:$G,"Weekly*")+SUMIFS('NSE - Other Index Options'!$L:$L,'NSE - Other Index Options'!$D:$D,$A32,'NSE - Other Index Options'!$B:$B,"Monday",'NSE - Other Index Options'!$G:$G,"Weekly*")=0,"",SUMIFS('NSE - NIFTY Index Options'!$L:$L,'NSE - NIFTY Index Options'!$D:$D,$A32,'NSE - NIFTY Index Options'!$B:$B,"Monday",'NSE - NIFTY Index Options'!$G:$G,"Weekly*")+SUMIFS('NSE - Other Index Options'!$L:$L,'NSE - Other Index Options'!$D:$D,$A32,'NSE - Other Index Options'!$B:$B,"Monday",'NSE - Other Index Options'!$G:$G,"Weekly*")) | C32: =IF(SUMIFS('BSE - SENSEX Index Options'!$L:$L,'BSE - SENSEX Index Options'!$D:$D,$A32,'BSE - SENSEX Index Options'!$B:$B,"Monday",'BSE - SENSEX Index Options'!$G:$G,"Weekly*")+SUMIFS('BSE - Other Index Options'!$L:$L,'BSE - Other Index Options'!$D:$D,$A32,'BSE - Other Index Options'!$B:$B,"Monday",'BSE - Other Index Options'!$G:$G,"Weekly*")=0,"",SUMIFS('BSE - SENSEX Index Options'!$L:$L,'BSE - SENSEX Index Options'!$D:$D,$A32,'BSE - SENSEX Index Options'!$B:$B,"Monday",'BSE - SENSEX Index Options'!$G:$G,"Weekly*")+SUMIFS('BSE - Other Index Options'!$L:$L,'BSE - Other Index Options'!$D:$D,$A32,'BSE - Other Index Options'!$B:$B,"Monday",'BSE - Other Index Options'!$G:$G,"Weekly*")) | D32: =IF(SUM(B32:C32)=0,"",SUM(B32)/SUM(B32:C32)) | E32: =IF(SUM(B32:C32)=0,"",SUM(C32)/SUM(B32:C32))
A33: Total | B33: =IF(SUM(B5:B32)=0,"",SUM(B5:B32)) -> 1944050.7 | C33: =IF(SUM(C5:C32)=0,"",SUM(C5:C32)) -> 411510 | D33: =IF(SUM(B33:C33)=0,"",SUM(B33)/SUM(B33:C33)) -> 0.82530274 | E33: =IF(SUM(B33:C33)=0,"",SUM(C33)/SUM(B33:C33)) -> 0.17469726
A35: Tuesday Trade Day
A36: Month | B36: NSE Premium Turnover (INR Crs) | C36: BSE Premium Turnover (INR Crs) | D36: NSE Market Share | E36: BSE Market Share
A37: 45901 | B37: =IF(SUMIFS('NSE - NIFTY Index Options'!$L:$L,'NSE - NIFTY Index Options'!$D:$D,$A37,'NSE - NIFTY Index Options'!$B:$B,"Tuesday",'NSE - NIFTY Index Options'!$G:$G,"Weekly*")+SUMIFS('NSE - Other Index Options'!$L:$L,'NSE - Other Index Options'!$D:$D,$A37,'NSE - Other Index Options'!$B:$B,"Tuesday",'NSE - Other Index Options'!$G:$G,"Weekly*")=0,"",SUMIFS('NSE - NIFTY Index Options'!$L:$L,'NSE - NIFTY Index Options'!$D:$D,$A37,'NSE - NIFTY Index Options'!$B:$B,"Tuesday",'NSE - NIFTY Index Options'!$G:$G,"Weekly*")+SUMIFS('NSE - Other Index Options'!$L:$L,'NSE - Other Index Options'!$D:$D,$A37,'NSE - Other Index Options'!$B:$B,"Tuesday",'NSE - Other Index Options'!$G:$G,"Weekly*")) -> 205632.82 | C37: =IF(SUMIFS('BSE - SENSEX Index Options'!$L:$L,'BSE - SENSEX Index Options'!$D:$D,$A37,'BSE - SENSEX Index Options'!$B:$B,"Tuesday",'BSE - SENSEX Index Options'!$G:$G,"Weekly*")+SUMIFS('BSE - Other Index Options'!$L:$L,'BSE - Other Index Options'!$D:$D,$A37,'BSE - Other Index Options'!$B:$B,"Tuesday",'BSE - Other Index Options'!$G:$G,"Weekly*")=0,"",SUMIFS('BSE - SENSEX Index Options'!$L:$L,'BSE - SENSEX Index Options'!$D:$D,$A37,'BSE - SENSEX Index Options'!$B:$B,"Tuesday",'BSE - SENSEX Index Options'!$G:$G,"Weekly*")+SUMIFS('BSE - Other Index Options'!$L:$L,'BSE - Other Index Options'!$D:$D,$A37,'BSE - Other Index Options'!$B:$B,"Tuesday",'BSE - Other Index Options'!$G:$G,"Weekly*")) -> 32051.4 | D37: =IF(SUM(B37:C37)=0,"",SUM(B37)/SUM(B37:C37)) -> 0.86515133 | E37: =IF(SUM(B37:C37)=0,"",SUM(C37)/SUM(B37:C37)) -> 0.13484867
A38: 45931 | B38: =IF(SUMIFS('NSE - NIFTY Index Options'!$L:$L,'NSE - NIFTY Index Options'!$D:$D,$A38,'NSE - NIFTY Index Options'!$B:$B,"Tuesday",'NSE - NIFTY Index Options'!$G:$G,"Weekly*")+SUMIFS('NSE - Other Index Options'!$L:$L,'NSE - Other Index Options'!$D:$D,$A38,'NSE - Other Index Options'!$B:$B,"Tuesday",'NSE - Other Index Options'!$G:$G,"Weekly*")=0,"",SUMIFS('NSE - NIFTY Index Options'!$L:$L,'NSE - NIFTY Index Options'!$D:$D,$A38,'NSE - NIFTY Index Options'!$B:$B,"Tuesday",'NSE - NIFTY Index Options'!$G:$G,"Weekly*")+SUMIFS('NSE - Other Index Options'!$L:$L,'NSE - Other Index Options'!$D:$D,$A38,'NSE - Other Index Options'!$B:$B,"Tuesday",'NSE - Other Index Options'!$G:$G,"Weekly*")) -> 132842.98 | C38: =IF(SUMIFS('BSE - SENSEX Index Options'!$L:$L,'BSE - SENSEX Index Options'!$D:$D,$A38,'BSE - SENSEX Index Options'!$B:$B,"Tuesday",'BSE - SENSEX Index Options'!$G:$G,"Weekly*")+SUMIFS('BSE - Other Index Options'!$L:$L,'BSE - Other Index Options'!$D:$D,$A38,'BSE - Other Index Options'!$B:$B,"Tuesday",'BSE - Other Index Options'!$G:$G,"Weekly*")=0,"",SUMIFS('BSE - SENSEX Index Options'!$L:$L,'BSE - SENSEX Index Options'!$D:$D,$A38,'BSE - SENSEX Index Options'!$B:$B,"Tuesday",'BSE - SENSEX Index Options'!$G:$G,"Weekly*")+SUMIFS('BSE - Other Index Options'!$L:$L,'BSE - Other Index Options'!$D:$D,$A38,'BSE - Other Index Options'!$B:$B,"Tuesday",'BSE - Other Index Options'!$G:$G,"Weekly*")) -> 25954.12 | D38: =IF(SUM(B38:C38)=0,"",SUM(B38)/SUM(B38:C38)) -> 0.83655797 | E38: =IF(SUM(B38:C38)=0,"",SUM(C38)/SUM(B38:C38)) -> 0.16344203
A39: 45962 | B39: =IF(SUMIFS('NSE - NIFTY Index Options'!$L:$L,'NSE - NIFTY Index Options'!$D:$D,$A39,'NSE - NIFTY Index Options'!$B:$B,"Tuesday",'NSE - NIFTY Index Options'!$G:$G,"Weekly*")+SUMIFS('NSE - Other Index Options'!$L:$L,'NSE - Other Index Options'!$D:$D,$A39,'NSE - Other Index Options'!$B:$B,"Tuesday",'NSE - Other Index Options'!$G:$G,"Weekly*")=0,"",SUMIFS('NSE - NIFTY Index Options'!$L:$L,'NSE - NIFTY Index Options'!$D:$D,$A39,'NSE - NIFTY Index Options'!$B:$B,"Tuesday",'NSE - NIFTY Index Options'!$G:$G,"Weekly*")+SUMIFS('NSE - Other Index Options'!$L:$L,'NSE - Other Index Options'!$D:$D,$A39,'NSE - Other Index Options'!$B:$B,"Tuesday",'NSE - Other Index Options'!$G:$G,"Weekly*")) -> 170555.79 | C39: =IF(SUMIFS('BSE - SENSEX Index Options'!$L:$L,'BSE - SENSEX Index Options'!$D:$D,$A39,'BSE - SENSEX Index Options'!$B:$B,"Tuesday",'BSE - SENSEX Index Options'!$G:$G,"Weekly*")+SUMIFS('BSE - Other Index Options'!$L:$L,'BSE - Other Index Options'!$D:$D,$A39,'BSE - Other Index Options'!$B:$B,"Tuesday",'BSE - Other Index Options'!$G:$G,"Weekly*")=0,"",SUMIFS('BSE - SENSEX Index Options'!$L:$L,'BSE - SENSEX Index Options'!$D:$D,$A39,'BSE - SENSEX Index Options'!$B:$B,"Tuesday",'BSE - SENSEX Index Options'!$G:$G,"Weekly*")+SUMIFS('BSE - Other Index Options'!$L:$L,'BSE - Other Index Options'!$D:$D,$A39,'BSE - Other Index Options'!$B:$B,"Tuesday",'BSE - Other Index Options'!$G:$G,"Weekly*")) -> 28817.54 | D39: =IF(SUM(B39:C39)=0,"",SUM(B39)/SUM(B39:C39)) -> 0.8554594 | E39: =IF(SUM(B39:C39)=0,"",SUM(C39)/SUM(B39:C39)) -> 0.1445406
A40: 45992 | B40: =IF(SUMIFS('NSE - NIFTY Index Options'!$L:$L,'NSE - NIFTY Index Options'!$D:$D,$A40,'NSE - NIFTY Index Options'!$B:$B,"Tuesday",'NSE - NIFTY Index Options'!$G:$G,"Weekly*")+SUMIFS('NSE - Other Index Options'!$L:$L,'NSE - Other Index Options'!$D:$D,$A40,'NSE - Other Index Options'!$B:$B,"Tuesday",'NSE - Other Index Options'!$G:$G,"Weekly*")=0,"",SUMIFS('NSE - NIFTY Index Options'!$L:$L,'NSE - NIFTY Index Options'!$D:$D,$A40,'NSE - NIFTY Index Options'!$B:$B,"Tuesday",'NSE - NIFTY Index Options'!$G:$G,"Weekly*")+SUMIFS('NSE - Other Index Options'!$L:$L,'NSE - Other Index Options'!$D:$D,$A40,'NSE - Other Index Options'!$B:$B,"Tuesday",'NSE - Other Index Options'!$G:$G,"Weekly*")) -> 214243.95 | C40: =IF(SUMIFS('BSE - SENSEX Index Options'!$L:$L,'BSE - SENSEX Index Options'!$D:$D,$A40,'BSE - SENSEX Index Options'!$B:$B,"Tuesday",'BSE - SENSEX Index Options'!$G:$G,"Weekly*")+SUMIFS('BSE - Other Index Options'!$L:$L,'BSE - Other Index Options'!$D:$D,$A40,'BSE - Other Index Options'!$B:$B,"Tuesday",'BSE - Other Index Options'!$G:$G,"Weekly*")=0,"",SUMIFS('BSE - SENSEX Index Options'!$L:$L,'BSE - SENSEX Index Options'!$D:$D,$A40,'BSE - SENSEX Index Options'!$B:$B,"Tuesday",'BSE - SENSEX Index Options'!$G:$G,"Weekly*")+SUMIFS('BSE - Other Index Options'!$L:$L,'BSE - Other Index Options'!$D:$D,$A40,'BSE - Other Index Options'!$B:$B,"Tuesday",'BSE - Other Index Options'!$G:$G,"Weekly*")) -> 44694.06 | D40: =IF(SUM(B40:C40)=0,"",SUM(B40)/SUM(B40:C40)) -> 0.82739475 | E40: =IF(SUM(B40:C40)=0,"",SUM(C40)/SUM(B40:C40)) -> 0.17260525
A41: 46023 | B41: =IF(SUMIFS('NSE - NIFTY Index Options'!$L:$L,'NSE - NIFTY Index Options'!$D:$D,$A41,'NSE - NIFTY Index Options'!$B:$B,"Tuesday",'NSE - NIFTY Index Options'!$G:$G,"Weekly*")+SUMIFS('NSE - Other Index Options'!$L:$L,'NSE - Other Index Options'!$D:$D,$A41,'NSE - Other Index Options'!$B:$B,"Tuesday",'NSE - Other Index Options'!$G:$G,"Weekly*")=0,"",SUMIFS('NSE - NIFTY Index Options'!$L:$L,'NSE - NIFTY Index Options'!$D:$D,$A41,'NSE - NIFTY Index Options'!$B:$B,"Tuesday",'NSE - NIFTY Index Options'!$G:$G,"Weekly*")+SUMIFS('NSE - Other Index Options'!$L:$L,'NSE - Other Index Options'!$D:$D,$A41,'NSE - Other Index Options'!$B:$B,"Tuesday",'NSE - Other Index Options'!$G:$G,"Weekly*")) -> 198350.98 | C41: =IF(SUMIFS('BSE - SENSEX Index Options'!$L:$L,'BSE - SENSEX Index Options'!$D:$D,$A41,'BSE - SENSEX Index Options'!$B:$B,"Tuesday",'BSE - SENSEX Index Options'!$G:$G,"Weekly*")+SUMIFS('BSE - Other Index Options'!$L:$L,'BSE - Other Index Options'!$D:$D,$A41,'BSE - Other Index Options'!$B:$B,"Tuesday",'BSE - Other Index Options'!$G:$G,"Weekly*")=0,"",SUMIFS('BSE - SENSEX Index Options'!$L:$L,'BSE - SENSEX Index Options'!$D:$D,$A41,'BSE - SENSEX Index Options'!$B:$B,"Tuesday",'BSE - SENSEX Index Options'!$G:$G,"Weekly*")+SUMIFS('BSE - Other Index Options'!$L:$L,'BSE - Other Index Options'!$D:$D,$A41,'BSE - Other Index Options'!$B:$B,"Tuesday",'BSE - Other Index Options'!$G:$G,"Weekly*")) -> 40246.24 | D41: =IF(SUM(B41:C41)=0,"",SUM(B41)/SUM(B41:C41)) -> 0.83132142 | E41: =IF(SUM(B41:C41)=0,"",SUM(C41)/SUM(B41:C41)) -> 0.16867858
A42: 46054 | B42: =IF(SUMIFS('NSE - NIFTY Index Options'!$L:$L,'NSE - NIFTY Index Options'!$D:$D,$A42,'NSE - NIFTY Index Options'!$B:$B,"Tuesday",'NSE - NIFTY Index Options'!$G:$G,"Weekly*")+SUMIFS('NSE - Other Index Options'!$L:$L,'NSE - Other Index Options'!$D:$D,$A42,'NSE - Other Index Options'!$B:$B,"Tuesday",'NSE - Other Index Options'!$G:$G,"Weekly*")=0,"",SUMIFS('NSE - NIFTY Index Options'!$L:$L,'NSE - NIFTY Index Options'!$D:$D,$A42,'NSE - NIFTY Index Options'!$B:$B,"Tuesday",'NSE - NIFTY Index Options'!$G:$G,"Weekly*")+SUMIFS('NSE - Other Index Options'!$L:$L,'NSE - Other Index Options'!$D:$D,$A42,'NSE - Other Index Options'!$B:$B,"Tuesday",'NSE - Other Index Options'!$G:$G,"Weekly*")) -> 228739.87 | C42: =IF(SUMIFS('BSE - SENSEX Index Options'!$L:$L,'BSE - SENSEX Index Options'!$D:$D,$A42,'BSE - SENSEX Index Options'!$B:$B,"Tuesday",'BSE - SENSEX Index Options'!$G:$G,"Weekly*")+SUMIFS('BSE - Other Index Options'!$L:$L,'BSE - Other Index Options'!$D:$D,$A42,'BSE - Other Index Options'!$B:$B,"Tuesday",'BSE - Other Index Options'!$G:$G,"Weekly*")=0,"",SUMIFS('BSE - SENSEX Index Options'!$L:$L,'BSE - SENSEX Index Options'!$D:$D,$A42,'BSE - SENSEX Index Options'!$B:$B,"Tuesday",'BSE - SENSEX Index Options'!$G:$G,"Weekly*")+SUMIFS('BSE - Other Index Options'!$L:$L,'BSE - Other Index Options'!$D:$D,$A42,'BSE - Other Index Options'!$B:$B,"Tuesday",'BSE - Other Index Options'!$G:$G,"Weekly*")) -> 39704.84 | D42: =IF(SUM(B42:C42)=0,"",SUM(B42)/SUM(B42:C42)) -> 0.85209304 | E42: =IF(SUM(B42:C42)=0,"",SUM(C42)/SUM(B42:C42)) -> 0.14790696
A43: 46082 | B43: =IF(SUMIFS('NSE - NIFTY Index Options'!$L:$L,'NSE - NIFTY Index Options'!$D:$D,$A43,'NSE - NIFTY Index Options'!$B:$B,"Tuesday",'NSE - NIFTY Index Options'!$G:$G,"Weekly*")+SUMIFS('NSE - Other Index Options'!$L:$L,'NSE - Other Index Options'!$D:$D,$A43,'NSE - Other Index Options'!$B:$B,"Tuesday",'NSE - Other Index Options'!$G:$G,"Weekly*")=0,"",SUMIFS('NSE - NIFTY Index Options'!$L:$L,'NSE - NIFTY Index Options'!$D:$D,$A43,'NSE - NIFTY Index Options'!$B:$B,"Tuesday",'NSE - NIFTY Index Options'!$G:$G,"Weekly*")+SUMIFS('NSE - Other Index Options'!$L:$L,'NSE - Other Index Options'!$D:$D,$A43,'NSE - Other Index Options'!$B:$B,"Tuesday",'NSE - Other Index Options'!$G:$G,"Weekly*")) -> 286018.46 | C43: =IF(SUMIFS('BSE - SENSEX Index Options'!$L:$L,'BSE - SENSEX Index Options'!$D:$D,$A43,'BSE - SENSEX Index Options'!$B:$B,"Tuesday",'BSE - SENSEX Index Options'!$G:$G,"Weekly*")+SUMIFS('BSE - Other Index Options'!$L:$L,'BSE - Other Index Options'!$D:$D,$A43,'BSE - Other Index Options'!$B:$B,"Tuesday",'BSE - Other Index Options'!$G:$G,"Weekly*")=0,"",SUMIFS('BSE - SENSEX Index Options'!$L:$L,'BSE - SENSEX Index Options'!$D:$D,$A43,'BSE - SENSEX Index Options'!$B:$B,"Tuesday",'BSE - SENSEX Index Options'!$G:$G,"Weekly*")+SUMIFS('BSE - Other Index Options'!$L:$L,'BSE - Other Index Options'!$D:$D,$A43,'BSE - Other Index Options'!$B:$B,"Tuesday",'BSE - Other Index Options'!$G:$G,"Weekly*")) -> 28320.76 | D43: =IF(SUM(B43:C43)=0,"",SUM(B43)/SUM(B43:C43)) -> 0.90990383 | E43: =IF(SUM(B43:C43)=0,"",SUM(C43)/SUM(B43:C43)) -> 0.090096171
A44: 46113 | B44: =IF(SUMIFS('NSE - NIFTY Index Options'!$L:$L,'NSE - NIFTY Index Options'!$D:$D,$A44,'NSE - NIFTY Index Options'!$B:$B,"Tuesday",'NSE - NIFTY Index Options'!$G:$G,"Weekly*")+SUMIFS('NSE - Other Index Options'!$L:$L,'NSE - Other Index Options'!$D:$D,$A44,'NSE - Other Index Options'!$B:$B,"Tuesday",'NSE - Other Index Options'!$G:$G,"Weekly*")=0,"",SUMIFS('NSE - NIFTY Index Options'!$L:$L,'NSE - NIFTY Index Options'!$D:$D,$A44,'NSE - NIFTY Index Options'!$B:$B,"Tuesday",'NSE - NIFTY Index Options'!$G:$G,"Weekly*")+SUMIFS('NSE - Other Index Options'!$L:$L,'NSE - Other Index Options'!$D:$D,$A44,'NSE - Other Index Options'!$B:$B,"Tuesday",'NSE - Other Index Options'!$G:$G,"Weekly*")) -> 153527.74 | C44: =IF(SUMIFS('BSE - SENSEX Index Options'!$L:$L,'BSE - SENSEX Index Options'!$D:$D,$A44,'BSE - SENSEX Index Options'!$B:$B,"Tuesday",'BSE - SENSEX Index Options'!$G:$G,"Weekly*")+SUMIFS('BSE - Other Index Options'!$L:$L,'BSE - Other Index Options'!$D:$D,$A44,'BSE - Other Index Options'!$B:$B,"Tuesday",'BSE - Other Index Options'!$G:$G,"Weekly*")=0,"",SUMIFS('BSE - SENSEX Index Options'!$L:$L,'BSE - SENSEX Index Options'!$D:$D,$A44,'BSE - SENSEX Index Options'!$B:$B,"Tuesday",'BSE - SENSEX Index Options'!$G:$G,"Weekly*")+SUMIFS('BSE - Other Index Options'!$L:$L,'BSE - Other Index Options'!$D:$D,$A44,'BSE - Other Index Options'!$B:$B,"Tuesday",'BSE - Other Index Options'!$G:$G,"Weekly*")) -> 23131.02 | D44: =IF(SUM(B44:C44)=0,"",SUM(B44)/SUM(B44:C44)) -> 0.86906384 | E44: =IF(SUM(B44:C44)=0,"",SUM(C44)/SUM(B44:C44)) -> 0.13093616
A45: 46143 | B45: =IF(SUMIFS('NSE - NIFTY Index Options'!$L:$L,'NSE - NIFTY Index Options'!$D:$D,$A45,'NSE - NIFTY Index Options'!$B:$B,"Tuesday",'NSE - NIFTY Index Options'!$G:$G,"Weekly*")+SUMIFS('NSE - Other Index Options'!$L:$L,'NSE - Other Index Options'!$D:$D,$A45,'NSE - Other Index Options'!$B:$B,"Tuesday",'NSE - Other Index Options'!$G:$G,"Weekly*")=0,"",SUMIFS('NSE - NIFTY Index Options'!$L:$L,'NSE - NIFTY Index Options'!$D:$D,$A45,'NSE - NIFTY Index Options'!$B:$B,"Tuesday",'NSE - NIFTY Index Options'!$G:$G,"Weekly*")+SUMIFS('NSE - Other Index Options'!$L:$L,'NSE - Other Index Options'!$D:$D,$A45,'NSE - Other Index Options'!$B:$B,"Tuesday",'NSE - Other Index Options'!$G:$G,"Weekly*")) -> 223882.85 | C45: =IF(SUMIFS('BSE - SENSEX Index Options'!$L:$L,'BSE - SENSEX Index Options'!$D:$D,$A45,'BSE - SENSEX Index Options'!$B:$B,"Tuesday",'BSE - SENSEX Index Options'!$G:$G,"Weekly*")+SUMIFS('BSE - Other Index Options'!$L:$L,'BSE - Other Index Options'!$D:$D,$A45,'BSE - Other Index Options'!$B:$B,"Tuesday",'BSE - Other Index Options'!$G:$G,"Weekly*")=0,"",SUMIFS('BSE - SENSEX Index Options'!$L:$L,'BSE - SENSEX Index Options'!$D:$D,$A45,'BSE - SENSEX Index Options'!$B:$B,"Tuesday",'BSE - SENSEX Index Options'!$G:$G,"Weekly*")+SUMIFS('BSE - Other Index Options'!$L:$L,'BSE - Other Index Options'!$D:$D,$A45,'BSE - Other Index Options'!$B:$B,"Tuesday",'BSE - Other Index Options'!$G:$G,"Weekly*")) -> 35652.45 | D45: =IF(SUM(B45:C45)=0,"",SUM(B45)/SUM(B45:C45)) -> 0.86262967 | E45: =IF(SUM(B45:C45)=0,"",SUM(C45)/SUM(B45:C45)) -> 0.13737033
A46: 46174 | B46: =IF(SUMIFS('NSE - NIFTY Index Options'!$L:$L,'NSE - NIFTY Index Options'!$D:$D,$A46,'NSE - NIFTY Index Options'!$B:$B,"Tuesday",'NSE - NIFTY Index Options'!$G:$G,"Weekly*")+SUMIFS('NSE - Other Index Options'!$L:$L,'NSE - Other Index Options'!$D:$D,$A46,'NSE - Other Index Options'!$B:$B,"Tuesday",'NSE - Other Index Options'!$G:$G,"Weekly*")=0,"",SUMIFS('NSE - NIFTY Index Options'!$L:$L,'NSE - NIFTY Index Options'!$D:$D,$A46,'NSE - NIFTY Index Options'!$B:$B,"Tuesday",'NSE - NIFTY Index Options'!$G:$G,"Weekly*")+SUMIFS('NSE - Other Index Options'!$L:$L,'NSE - Other Index Options'!$D:$D,$A46,'NSE - Other Index Options'!$B:$B,"Tuesday",'NSE - Other Index Options'!$G:$G,"Weekly*")) -> 274962.47 | C46: =IF(SUMIFS('BSE - SENSEX Index Options'!$L:$L,'BSE - SENSEX Index Options'!$D:$D,$A46,'BSE - SENSEX Index Options'!$B:$B,"Tuesday",'BSE - SENSEX Index Options'!$G:$G,"Weekly*")+SUMIFS('BSE - Other Index Options'!$L:$L,'BSE - Other Index Options'!$D:$D,$A46,'BSE - Other Index Options'!$B:$B,"Tuesday",'BSE - Other Index Options'!$G:$G,"Weekly*")=0,"",SUMIFS('BSE - SENSEX Index Options'!$L:$L,'BSE - SENSEX Index Options'!$D:$D,$A46,'BSE - SENSEX Index Options'!$B:$B,"Tuesday",'BSE - SENSEX Index Options'!$G:$G,"Weekly*")+SUMIFS('BSE - Other Index Options'!$L:$L,'BSE - Other Index Options'!$D:$D,$A46,'BSE - Other Index Options'!$B:$B,"Tuesday",'BSE - Other Index Options'!$G:$G,"Weekly*")) -> 44502.7 | D46: =IF(SUM(B46:C46)=0,"",SUM(B46)/SUM(B46:C46)) -> 0.86069624 | E46: =IF(SUM(B46:C46)=0,"",SUM(C46)/SUM(B46:C46)) -> 0.13930376
A47: 46204 | B47: =IF(SUMIFS('NSE - NIFTY Index Options'!$L:$L,'NSE - NIFTY Index Options'!$D:$D,$A47,'NSE - NIFTY Index Options'!$B:$B,"Tuesday",'NSE - NIFTY Index Options'!$G:$G,"Weekly*")+SUMIFS('NSE - Other Index Options'!$L:$L,'NSE - Other Index Options'!$D:$D,$A47,'NSE - Other Index Options'!$B:$B,"Tuesday",'NSE - Other Index Options'!$G:$G,"Weekly*")=0,"",SUMIFS('NSE - NIFTY Index Options'!$L:$L,'NSE - NIFTY Index Options'!$D:$D,$A47,'NSE - NIFTY Index Options'!$B:$B,"Tuesday",'NSE - NIFTY Index Options'!$G:$G,"Weekly*")+SUMIFS('NSE - Other Index Options'!$L:$L,'NSE - Other Index Options'!$D:$D,$A47,'NSE - Other Index Options'!$B:$B,"Tuesday",'NSE - Other Index Options'!$G:$G,"Weekly*")) -> 55845.19 | C47: =IF(SUMIFS('BSE - SENSEX Index Options'!$L:$L,'BSE - SENSEX Index Options'!$D:$D,$A47,'BSE - SENSEX Index Options'!$B:$B,"Tuesday",'BSE - SENSEX Index Options'!$G:$G,"Weekly*")+SUMIFS('BSE - Other Index Options'!$L:$L,'BSE - Other Index Options'!$D:$D,$A47,'BSE - Other Index Options'!$B:$B,"Tuesday",'BSE - Other Index Options'!$G:$G,"Weekly*")=0,"",SUMIFS('BSE - SENSEX Index Options'!$L:$L,'BSE - SENSEX Index Options'!$D:$D,$A47,'BSE - SENSEX Index Options'!$B:$B,"Tuesday",'BSE - SENSEX Index Options'!$G:$G,"Weekly*")+SUMIFS('BSE - Other Index Options'!$L:$L,'BSE - Other Index Options'!$D:$D,$A47,'BSE - Other Index Options'!$B:$B,"Tuesday",'BSE - Other Index Options'!$G:$G,"Weekly*")) -> 10136.66 | D47: =IF(SUM(B47:C47)=0,"",SUM(B47)/SUM(B47:C47)) -> 0.84637199 | E47: =IF(SUM(B47:C47)=0,"",SUM(C47)/SUM(B47:C47)) -> 0.15362801
A48: 46235 | B48: =IF(SUMIFS('NSE - NIFTY Index Options'!$L:$L,'NSE - NIFTY Index Options'!$D:$D,$A48,'NSE - NIFTY Index Options'!$B:$B,"Tuesday",'NSE - NIFTY Index Options'!$G:$G,"Weekly*")+SUMIFS('NSE - Other Index Options'!$L:$L,'NSE - Other Index Options'!$D:$D,$A48,'NSE - Other Index Options'!$B:$B,"Tuesday",'NSE - Other Index Options'!$G:$G,"Weekly*")=0,"",SUMIFS('NSE - NIFTY Index Options'!$L:$L,'NSE - NIFTY Index Options'!$D:$D,$A48,'NSE - NIFTY Index Options'!$B:$B,"Tuesday",'NSE - NIFTY Index Options'!$G:$G,"Weekly*")+SUMIFS('NSE - Other Index Options'!$L:$L,'NSE - Other Index Options'!$D:$D,$A48,'NSE - Other Index Options'!$B:$B,"Tuesday",'NSE - Other Index Options'!$G:$G,"Weekly*")) | C48: =IF(SUMIFS('BSE - SENSEX Index Options'!$L:$L,'BSE - SENSEX Index Options'!$D:$D,$A48,'BSE - SENSEX Index Options'!$B:$B,"Tuesday",'BSE - SENSEX Index Options'!$G:$G,"Weekly*")+SUMIFS('BSE - Other Index Options'!$L:$L,'BSE - Other Index Options'!$D:$D,$A48,'BSE - Other Index Options'!$B:$B,"Tuesday",'BSE - Other Index Options'!$G:$G,"Weekly*")=0,"",SUMIFS('BSE - SENSEX Index Options'!$L:$L,'BSE - SENSEX Index Options'!$D:$D,$A48,'BSE - SENSEX Index Options'!$B:$B,"Tuesday",'BSE - SENSEX Index Options'!$G:$G,"Weekly*")+SUMIFS('BSE - Other Index Options'!$L:$L,'BSE - Other Index Options'!$D:$D,$A48,'BSE - Other Index Options'!$B:$B,"Tuesday",'BSE - Other Index Options'!$G:$G,"Weekly*")) | D48: =IF(SUM(B48:C48)=0,"",SUM(B48)/SUM(B48:C48)) | E48: =IF(SUM(B48:C48)=0,"",SUM(C48)/SUM(B48:C48))
... A64: 46722 | B64: =IF(SUMIFS('NSE - NIFTY Index Options'!$L:$L,'NSE - NIFTY Index Options'!$D:$D,$A64,'NSE - NIFTY Index Options'!$B:$B,"Tuesday",'NSE - NIFTY Index Options'!$G:$G,"Weekly*")+SUMIFS('NSE - Other Index Options'!$L:$L,'NSE - Other Index Options'!$D:$D,$A64,'NSE - Other Index Options'!$B:$B,"Tuesday",'NSE - Other Index Options'!$G:$G,"Weekly*")=0,"",SUMIFS('NSE - NIFTY Index Options'!$L:$L,'NSE - NIFTY Index Options'!$D:$D,$A64,'NSE - NIFTY Index Options'!$B:$B,"Tuesday",'NSE - NIFTY Index Options'!$G:$G,"Weekly*")+SUMIFS('NSE - Other Index Options'!$L:$L,'NSE - Other Index Options'!$D:$D,$A64,'NSE - Other Index Options'!$B:$B,"Tuesday",'NSE - Other Index Options'!$G:$G,"Weekly*")) | C64: =IF(SUMIFS('BSE - SENSEX Index Options'!$L:$L,'BSE - SENSEX Index Options'!$D:$D,$A64,'BSE - SENSEX Index Options'!$B:$B,"Tuesday",'BSE - SENSEX Index Options'!$G:$G,"Weekly*")+SUMIFS('BSE - Other Index Options'!$L:$L,'BSE - Other Index Options'!$D:$D,$A64,'BSE - Other Index Options'!$B:$B,"Tuesday",'BSE - Other Index Options'!$G:$G,"Weekly*")=0,"",SUMIFS('BSE - SENSEX Index Options'!$L:$L,'BSE - SENSEX Index Options'!$D:$D,$A64,'BSE - SENSEX Index Options'!$B:$B,"Tuesday",'BSE - SENSEX Index Options'!$G:$G,"Weekly*")+SUMIFS('BSE - Other Index Options'!$L:$L,'BSE - Other Index Options'!$D:$D,$A64,'BSE - Other Index Options'!$B:$B,"Tuesday",'BSE - Other Index Options'!$G:$G,"Weekly*")) | D64: =IF(SUM(B64:C64)=0,"",SUM(B64)/SUM(B64:C64)) | E64: =IF(SUM(B64:C64)=0,"",SUM(C64)/SUM(B64:C64))
A65: Total | B65: =IF(SUM(B37:B64)=0,"",SUM(B37:B64)) -> 2144603.1 | C65: =IF(SUM(C37:C64)=0,"",SUM(C37:C64)) -> 353211.79 | D65: =IF(SUM(B65:C65)=0,"",SUM(B65)/SUM(B65:C65)) -> 0.85859169 | E65: =IF(SUM(B65:C65)=0,"",SUM(C65)/SUM(B65:C65)) -> 0.14140831
A67: Wednesday Trade Day
A68: Month | B68: NSE Premium Turnover (INR Crs) | C68: BSE Premium Turnover (INR Crs) | D68: NSE Market Share | E68: BSE Market Share
A69: 45901 | B69: =IF(SUMIFS('NSE - NIFTY Index Options'!$L:$L,'NSE - NIFTY Index Options'!$D:$D,$A69,'NSE - NIFTY Index Options'!$B:$B,"Wednesday",'NSE - NIFTY Index Options'!$G:$G,"Weekly*")+SUMIFS('NSE - Other Index Options'!$L:$L,'NSE - Other Index Options'!$D:$D,$A69,'NSE - Other Index Options'!$B:$B,"Wednesday",'NSE - Other Index Options'!$G:$G,"Weekly*")=0,"",SUMIFS('NSE - NIFTY Index Options'!$L:$L,'NSE - NIFTY Index Options'!$D:$D,$A69,'NSE - NIFTY Index Options'!$B:$B,"Wednesday",'NSE - NIFTY Index Options'!$G:$G,"Weekly*")+SUMIFS('NSE - Other Index Options'!$L:$L,'NSE - Other Index Options'!$D:$D,$A69,'NSE - Other Index Options'!$B:$B,"Wednesday",'NSE - Other Index Options'!$G:$G,"Weekly*")) -> 78559.64 | C69: =IF(SUMIFS('BSE - SENSEX Index Options'!$L:$L,'BSE - SENSEX Index Options'!$D:$D,$A69,'BSE - SENSEX Index Options'!$B:$B,"Wednesday",'BSE - SENSEX Index Options'!$G:$G,"Weekly*")+SUMIFS('BSE - Other Index Options'!$L:$L,'BSE - Other Index Options'!$D:$D,$A69,'BSE - Other Index Options'!$B:$B,"Wednesday",'BSE - Other Index Options'!$G:$G,"Weekly*")=0,"",SUMIFS('BSE - SENSEX Index Options'!$L:$L,'BSE - SENSEX Index Options'!$D:$D,$A69,'BSE - SENSEX Index Options'!$B:$B,"Wednesday",'BSE - SENSEX Index Options'!$G:$G,"Weekly*")+SUMIFS('BSE - Other Index Options'!$L:$L,'BSE - Other Index Options'!$D:$D,$A69,'BSE - Other Index Options'!$B:$B,"Wednesday",'BSE - Other Index Options'!$G:$G,"Weekly*")) -> 65292.48 | D69: =IF(SUM(B69:C69)=0,"",SUM(B69)/SUM(B69:C69)) -> 0.54611388 | E69: =IF(SUM(B69:C69)=0,"",SUM(C69)/SUM(B69:C69)) -> 0.45388612
A70: 45931 | B70: =IF(SUMIFS('NSE - NIFTY Index Options'!$L:$L,'NSE - NIFTY Index Options'!$D:$D,$A70,'NSE - NIFTY Index Options'!$B:$B,"Wednesday",'NSE - NIFTY Index Options'!$G:$G,"Weekly*")+SUMIFS('NSE - Other Index Options'!$L:$L,'NSE - Other Index Options'!$D:$D,$A70,'NSE - Other Index Options'!$B:$B,"Wednesday",'NSE - Other Index Options'!$G:$G,"Weekly*")=0,"",SUMIFS('NSE - NIFTY Index Options'!$L:$L,'NSE - NIFTY Index Options'!$D:$D,$A70,'NSE - NIFTY Index Options'!$B:$B,"Wednesday",'NSE - NIFTY Index Options'!$G:$G,"Weekly*")+SUMIFS('NSE - Other Index Options'!$L:$L,'NSE - Other Index Options'!$D:$D,$A70,'NSE - Other Index Options'!$B:$B,"Wednesday",'NSE - Other Index Options'!$G:$G,"Weekly*")) -> 126539.94 | C70: =IF(SUMIFS('BSE - SENSEX Index Options'!$L:$L,'BSE - SENSEX Index Options'!$D:$D,$A70,'BSE - SENSEX Index Options'!$B:$B,"Wednesday",'BSE - SENSEX Index Options'!$G:$G,"Weekly*")+SUMIFS('BSE - Other Index Options'!$L:$L,'BSE - Other Index Options'!$D:$D,$A70,'BSE - Other Index Options'!$B:$B,"Wednesday",'BSE - Other Index Options'!$G:$G,"Weekly*")=0,"",SUMIFS('BSE - SENSEX Index Options'!$L:$L,'BSE - SENSEX Index Options'!$D:$D,$A70,'BSE - SENSEX Index Options'!$B:$B,"Wednesday",'BSE - SENSEX Index Options'!$G:$G,"Weekly*")+SUMIFS('BSE - Other Index Options'!$L:$L,'BSE - Other Index Options'!$D:$D,$A70,'BSE - Other Index Options'!$B:$B,"Wednesday",'BSE - Other Index Options'!$G:$G,"Weekly*")) -> 98873.11 | D70: =IF(SUM(B70:C70)=0,"",SUM(B70)/SUM(B70:C70)) -> 0.56136918 | E70: =IF(SUM(B70:C70)=0,"",SUM(C70)/SUM(B70:C70)) -> 0.43863082
A71: 45962 | B71: =IF(SUMIFS('NSE - NIFTY Index Options'!$L:$L,'NSE - NIFTY Index Options'!$D:$D,$A71,'NSE - NIFTY Index Options'!$B:$B,"Wednesday",'NSE - NIFTY Index Options'!$G:$G,"Weekly*")+SUMIFS('NSE - Other Index Options'!$L:$L,'NSE - Other Index Options'!$D:$D,$A71,'NSE - Other Index Options'!$B:$B,"Wednesday",'NSE - Other Index Options'!$G:$G,"Weekly*")=0,"",SUMIFS('NSE - NIFTY Index Options'!$L:$L,'NSE - NIFTY Index Options'!$D:$D,$A71,'NSE - NIFTY Index Options'!$B:$B,"Wednesday",'NSE - NIFTY Index Options'!$G:$G,"Weekly*")+SUMIFS('NSE - Other Index Options'!$L:$L,'NSE - Other Index Options'!$D:$D,$A71,'NSE - Other Index Options'!$B:$B,"Wednesday",'NSE - Other Index Options'!$G:$G,"Weekly*")) -> 55315.54 | C71: =IF(SUMIFS('BSE - SENSEX Index Options'!$L:$L,'BSE - SENSEX Index Options'!$D:$D,$A71,'BSE - SENSEX Index Options'!$B:$B,"Wednesday",'BSE - SENSEX Index Options'!$G:$G,"Weekly*")+SUMIFS('BSE - Other Index Options'!$L:$L,'BSE - Other Index Options'!$D:$D,$A71,'BSE - Other Index Options'!$B:$B,"Wednesday",'BSE - Other Index Options'!$G:$G,"Weekly*")=0,"",SUMIFS('BSE - SENSEX Index Options'!$L:$L,'BSE - SENSEX Index Options'!$D:$D,$A71,'BSE - SENSEX Index Options'!$B:$B,"Wednesday",'BSE - SENSEX Index Options'!$G:$G,"Weekly*")+SUMIFS('BSE - Other Index Options'!$L:$L,'BSE - Other Index Options'!$D:$D,$A71,'BSE - Other Index Options'!$B:$B,"Wednesday",'BSE - Other Index Options'!$G:$G,"Weekly*")) -> 46058.12 | D71: =IF(SUM(B71:C71)=0,"",SUM(B71)/SUM(B71:C71)) -> 0.54565989 | E71: =IF(SUM(B71:C71)=0,"",SUM(C71)/SUM(B71:C71)) -> 0.45434011
A72: 45992 | B72: =IF(SUMIFS('NSE - NIFTY Index Options'!$L:$L,'NSE - NIFTY Index Options'!$D:$D,$A72,'NSE - NIFTY Index Options'!$B:$B,"Wednesday",'NSE - NIFTY Index Options'!$G:$G,"Weekly*")+SUMIFS('NSE - Other Index Options'!$L:$L,'NSE - Other Index Options'!$D:$D,$A72,'NSE - Other Index Options'!$B:$B,"Wednesday",'NSE - Other Index Options'!$G:$G,"Weekly*")=0,"",SUMIFS('NSE - NIFTY Index Options'!$L:$L,'NSE - NIFTY Index Options'!$D:$D,$A72,'NSE - NIFTY Index Options'!$B:$B,"Wednesday",'NSE - NIFTY Index Options'!$G:$G,"Weekly*")+SUMIFS('NSE - Other Index Options'!$L:$L,'NSE - Other Index Options'!$D:$D,$A72,'NSE - Other Index Options'!$B:$B,"Wednesday",'NSE - Other Index Options'!$G:$G,"Weekly*")) -> 113066.29 | C72: =IF(SUMIFS('BSE - SENSEX Index Options'!$L:$L,'BSE - SENSEX Index Options'!$D:$D,$A72,'BSE - SENSEX Index Options'!$B:$B,"Wednesday",'BSE - SENSEX Index Options'!$G:$G,"Weekly*")+SUMIFS('BSE - Other Index Options'!$L:$L,'BSE - Other Index Options'!$D:$D,$A72,'BSE - Other Index Options'!$B:$B,"Wednesday",'BSE - Other Index Options'!$G:$G,"Weekly*")=0,"",SUMIFS('BSE - SENSEX Index Options'!$L:$L,'BSE - SENSEX Index Options'!$D:$D,$A72,'BSE - SENSEX Index Options'!$B:$B,"Wednesday",'BSE - SENSEX Index Options'!$G:$G,"Weekly*")+SUMIFS('BSE - Other Index Options'!$L:$L,'BSE - Other Index Options'!$D:$D,$A72,'BSE - Other Index Options'!$B:$B,"Wednesday",'BSE - Other Index Options'!$G:$G,"Weekly*")) -> 143026.21 | D72: =IF(SUM(B72:C72)=0,"",SUM(B72)/SUM(B72:C72)) -> 0.44150567 | E72: =IF(SUM(B72:C72)=0,"",SUM(C72)/SUM(B72:C72)) -> 0.55849433
A73: 46023 | B73: =IF(SUMIFS('NSE - NIFTY Index Options'!$L:$L,'NSE - NIFTY Index Options'!$D:$D,$A73,'NSE - NIFTY Index Options'!$B:$B,"Wednesday",'NSE - NIFTY Index Options'!$G:$G,"Weekly*")+SUMIFS('NSE - Other Index Options'!$L:$L,'NSE - Other Index Options'!$D:$D,$A73,'NSE - Other Index Options'!$B:$B,"Wednesday",'NSE - Other Index Options'!$G:$G,"Weekly*")=0,"",SUMIFS('NSE - NIFTY Index Options'!$L:$L,'NSE - NIFTY Index Options'!$D:$D,$A73,'NSE - NIFTY Index Options'!$B:$B,"Wednesday",'NSE - NIFTY Index Options'!$G:$G,"Weekly*")+SUMIFS('NSE - Other Index Options'!$L:$L,'NSE - Other Index Options'!$D:$D,$A73,'NSE - Other Index Options'!$B:$B,"Wednesday",'NSE - Other Index Options'!$G:$G,"Weekly*")) -> 102468.32 | C73: =IF(SUMIFS('BSE - SENSEX Index Options'!$L:$L,'BSE - SENSEX Index Options'!$D:$D,$A73,'BSE - SENSEX Index Options'!$B:$B,"Wednesday",'BSE - SENSEX Index Options'!$G:$G,"Weekly*")+SUMIFS('BSE - Other Index Options'!$L:$L,'BSE - Other Index Options'!$D:$D,$A73,'BSE - Other Index Options'!$B:$B,"Wednesday",'BSE - Other Index Options'!$G:$G,"Weekly*")=0,"",SUMIFS('BSE - SENSEX Index Options'!$L:$L,'BSE - SENSEX Index Options'!$D:$D,$A73,'BSE - SENSEX Index Options'!$B:$B,"Wednesday",'BSE - SENSEX Index Options'!$G:$G,"Weekly*")+SUMIFS('BSE - Other Index Options'!$L:$L,'BSE - Other Index Options'!$D:$D,$A73,'BSE - Other Index Options'!$B:$B,"Wednesday",'BSE - Other Index Options'!$G:$G,"Weekly*")) -> 141364.31 | D73: =IF(SUM(B73:C73)=0,"",SUM(B73)/SUM(B73:C73)) -> 0.42024039 | E73: =IF(SUM(B73:C73)=0,"",SUM(C73)/SUM(B73:C73)) -> 0.57975961
A74: 46054 | B74: =IF(SUMIFS('NSE - NIFTY Index Options'!$L:$L,'NSE - NIFTY Index Options'!$D:$D,$A74,'NSE - NIFTY Index Options'!$B:$B,"Wednesday",'NSE - NIFTY Index Options'!$G:$G,"Weekly*")+SUMIFS('NSE - Other Index Options'!$L:$L,'NSE - Other Index Options'!$D:$D,$A74,'NSE - Other Index Options'!$B:$B,"Wednesday",'NSE - Other Index Options'!$G:$G,"Weekly*")=0,"",SUMIFS('NSE - NIFTY Index Options'!$L:$L,'NSE - NIFTY Index Options'!$D:$D,$A74,'NSE - NIFTY Index Options'!$B:$B,"Wednesday",'NSE - NIFTY Index Options'!$G:$G,"Weekly*")+SUMIFS('NSE - Other Index Options'!$L:$L,'NSE - Other Index Options'!$D:$D,$A74,'NSE - Other Index Options'!$B:$B,"Wednesday",'NSE - Other Index Options'!$G:$G,"Weekly*")) -> 101371.81 | C74: =IF(SUMIFS('BSE - SENSEX Index Options'!$L:$L,'BSE - SENSEX Index Options'!$D:$D,$A74,'BSE - SENSEX Index Options'!$B:$B,"Wednesday",'BSE - SENSEX Index Options'!$G:$G,"Weekly*")+SUMIFS('BSE - Other Index Options'!$L:$L,'BSE - Other Index Options'!$D:$D,$A74,'BSE - Other Index Options'!$B:$B,"Wednesday",'BSE - Other Index Options'!$G:$G,"Weekly*")=0,"",SUMIFS('BSE - SENSEX Index Options'!$L:$L,'BSE - SENSEX Index Options'!$D:$D,$A74,'BSE - SENSEX Index Options'!$B:$B,"Wednesday",'BSE - SENSEX Index Options'!$G:$G,"Weekly*")+SUMIFS('BSE - Other Index Options'!$L:$L,'BSE - Other Index Options'!$D:$D,$A74,'BSE - Other Index Options'!$B:$B,"Wednesday",'BSE - Other Index Options'!$G:$G,"Weekly*")) -> 94818.37 | D74: =IF(SUM(B74:C74)=0,"",SUM(B74)/SUM(B74:C74)) -> 0.51670175 | E74: =IF(SUM(B74:C74)=0,"",SUM(C74)/SUM(B74:C74)) -> 0.48329825
A75: 46082 | B75: =IF(SUMIFS('NSE - NIFTY Index Options'!$L:$L,'NSE - NIFTY Index Options'!$D:$D,$A75,'NSE - NIFTY Index Options'!$B:$B,"Wednesday",'NSE - NIFTY Index Options'!$G:$G,"Weekly*")+SUMIFS('NSE - Other Index Options'!$L:$L,'NSE - Other Index Options'!$D:$D,$A75,'NSE - Other Index Options'!$B:$B,"Wednesday",'NSE - Other Index Options'!$G:$G,"Weekly*")=0,"",SUMIFS('NSE - NIFTY Index Options'!$L:$L,'NSE - NIFTY Index Options'!$D:$D,$A75,'NSE - NIFTY Index Options'!$B:$B,"Wednesday",'NSE - NIFTY Index Options'!$G:$G,"Weekly*")+SUMIFS('NSE - Other Index Options'!$L:$L,'NSE - Other Index Options'!$D:$D,$A75,'NSE - Other Index Options'!$B:$B,"Wednesday",'NSE - Other Index Options'!$G:$G,"Weekly*")) -> 146941.3 | C75: =IF(SUMIFS('BSE - SENSEX Index Options'!$L:$L,'BSE - SENSEX Index Options'!$D:$D,$A75,'BSE - SENSEX Index Options'!$B:$B,"Wednesday",'BSE - SENSEX Index Options'!$G:$G,"Weekly*")+SUMIFS('BSE - Other Index Options'!$L:$L,'BSE - Other Index Options'!$D:$D,$A75,'BSE - Other Index Options'!$B:$B,"Wednesday",'BSE - Other Index Options'!$G:$G,"Weekly*")=0,"",SUMIFS('BSE - SENSEX Index Options'!$L:$L,'BSE - SENSEX Index Options'!$D:$D,$A75,'BSE - SENSEX Index Options'!$B:$B,"Wednesday",'BSE - SENSEX Index Options'!$G:$G,"Weekly*")+SUMIFS('BSE - Other Index Options'!$L:$L,'BSE - Other Index Options'!$D:$D,$A75,'BSE - Other Index Options'!$B:$B,"Wednesday",'BSE - Other Index Options'!$G:$G,"Weekly*")) -> 144008.06 | D75: =IF(SUM(B75:C75)=0,"",SUM(B75)/SUM(B75:C75)) -> 0.50504081 | E75: =IF(SUM(B75:C75)=0,"",SUM(C75)/SUM(B75:C75)) -> 0.49495919
A76: 46113 | B76: =IF(SUMIFS('NSE - NIFTY Index Options'!$L:$L,'NSE - NIFTY Index Options'!$D:$D,$A76,'NSE - NIFTY Index Options'!$B:$B,"Wednesday",'NSE - NIFTY Index Options'!$G:$G,"Weekly*")+SUMIFS('NSE - Other Index Options'!$L:$L,'NSE - Other Index Options'!$D:$D,$A76,'NSE - Other Index Options'!$B:$B,"Wednesday",'NSE - Other Index Options'!$G:$G,"Weekly*")=0,"",SUMIFS('NSE - NIFTY Index Options'!$L:$L,'NSE - NIFTY Index Options'!$D:$D,$A76,'NSE - NIFTY Index Options'!$B:$B,"Wednesday",'NSE - NIFTY Index Options'!$G:$G,"Weekly*")+SUMIFS('NSE - Other Index Options'!$L:$L,'NSE - Other Index Options'!$D:$D,$A76,'NSE - Other Index Options'!$B:$B,"Wednesday",'NSE - Other Index Options'!$G:$G,"Weekly*")) -> 140793.54 | C76: =IF(SUMIFS('BSE - SENSEX Index Options'!$L:$L,'BSE - SENSEX Index Options'!$D:$D,$A76,'BSE - SENSEX Index Options'!$B:$B,"Wednesday",'BSE - SENSEX Index Options'!$G:$G,"Weekly*")+SUMIFS('BSE - Other Index Options'!$L:$L,'BSE - Other Index Options'!$D:$D,$A76,'BSE - Other Index Options'!$B:$B,"Wednesday",'BSE - Other Index Options'!$G:$G,"Weekly*")=0,"",SUMIFS('BSE - SENSEX Index Options'!$L:$L,'BSE - SENSEX Index Options'!$D:$D,$A76,'BSE - SENSEX Index Options'!$B:$B,"Wednesday",'BSE - SENSEX Index Options'!$G:$G,"Weekly*")+SUMIFS('BSE - Other Index Options'!$L:$L,'BSE - Other Index Options'!$D:$D,$A76,'BSE - Other Index Options'!$B:$B,"Wednesday",'BSE - Other Index Options'!$G:$G,"Weekly*")) -> 153153.92 | D76: =IF(SUM(B76:C76)=0,"",SUM(B76)/SUM(B76:C76)) -> 0.47897519 | E76: =IF(SUM(B76:C76)=0,"",SUM(C76)/SUM(B76:C76)) -> 0.52102481
A77: 46143 | B77: =IF(SUMIFS('NSE - NIFTY Index Options'!$L:$L,'NSE - NIFTY Index Options'!$D:$D,$A77,'NSE - NIFTY Index Options'!$B:$B,"Wednesday",'NSE - NIFTY Index Options'!$G:$G,"Weekly*")+SUMIFS('NSE - Other Index Options'!$L:$L,'NSE - Other Index Options'!$D:$D,$A77,'NSE - Other Index Options'!$B:$B,"Wednesday",'NSE - Other Index Options'!$G:$G,"Weekly*")=0,"",SUMIFS('NSE - NIFTY Index Options'!$L:$L,'NSE - NIFTY Index Options'!$D:$D,$A77,'NSE - NIFTY Index Options'!$B:$B,"Wednesday",'NSE - NIFTY Index Options'!$G:$G,"Weekly*")+SUMIFS('NSE - Other Index Options'!$L:$L,'NSE - Other Index Options'!$D:$D,$A77,'NSE - Other Index Options'!$B:$B,"Wednesday",'NSE - Other Index Options'!$G:$G,"Weekly*")) -> 104236.18 | C77: =IF(SUMIFS('BSE - SENSEX Index Options'!$L:$L,'BSE - SENSEX Index Options'!$D:$D,$A77,'BSE - SENSEX Index Options'!$B:$B,"Wednesday",'BSE - SENSEX Index Options'!$G:$G,"Weekly*")+SUMIFS('BSE - Other Index Options'!$L:$L,'BSE - Other Index Options'!$D:$D,$A77,'BSE - Other Index Options'!$B:$B,"Wednesday",'BSE - Other Index Options'!$G:$G,"Weekly*")=0,"",SUMIFS('BSE - SENSEX Index Options'!$L:$L,'BSE - SENSEX Index Options'!$D:$D,$A77,'BSE - SENSEX Index Options'!$B:$B,"Wednesday",'BSE - SENSEX Index Options'!$G:$G,"Weekly*")+SUMIFS('BSE - Other Index Options'!$L:$L,'BSE - Other Index Options'!$D:$D,$A77,'BSE - Other Index Options'!$B:$B,"Wednesday",'BSE - Other Index Options'!$G:$G,"Weekly*")) -> 147348 | D77: =IF(SUM(B77:C77)=0,"",SUM(B77)/SUM(B77:C77)) -> 0.41431929 | E77: =IF(SUM(B77:C77)=0,"",SUM(C77)/SUM(B77:C77)) -> 0.58568071
A78: 46174 | B78: =IF(SUMIFS('NSE - NIFTY Index Options'!$L:$L,'NSE - NIFTY Index Options'!$D:$D,$A78,'NSE - NIFTY Index Options'!$B:$B,"Wednesday",'NSE - NIFTY Index Options'!$G:$G,"Weekly*")+SUMIFS('NSE - Other Index Options'!$L:$L,'NSE - Other Index Options'!$D:$D,$A78,'NSE - Other Index Options'!$B:$B,"Wednesday",'NSE - Other Index Options'!$G:$G,"Weekly*")=0,"",SUMIFS('NSE - NIFTY Index Options'!$L:$L,'NSE - NIFTY Index Options'!$D:$D,$A78,'NSE - NIFTY Index Options'!$B:$B,"Wednesday",'NSE - NIFTY Index Options'!$G:$G,"Weekly*")+SUMIFS('NSE - Other Index Options'!$L:$L,'NSE - Other Index Options'!$D:$D,$A78,'NSE - Other Index Options'!$B:$B,"Wednesday",'NSE - Other Index Options'!$G:$G,"Weekly*")) -> 99721.38 | C78: =IF(SUMIFS('BSE - SENSEX Index Options'!$L:$L,'BSE - SENSEX Index Options'!$D:$D,$A78,'BSE - SENSEX Index Options'!$B:$B,"Wednesday",'BSE - SENSEX Index Options'!$G:$G,"Weekly*")+SUMIFS('BSE - Other Index Options'!$L:$L,'BSE - Other Index Options'!$D:$D,$A78,'BSE - Other Index Options'!$B:$B,"Wednesday",'BSE - Other Index Options'!$G:$G,"Weekly*")=0,"",SUMIFS('BSE - SENSEX Index Options'!$L:$L,'BSE - SENSEX Index Options'!$D:$D,$A78,'BSE - SENSEX Index Options'!$B:$B,"Wednesday",'BSE - SENSEX Index Options'!$G:$G,"Weekly*")+SUMIFS('BSE - Other Index Options'!$L:$L,'BSE - Other Index Options'!$D:$D,$A78,'BSE - Other Index Options'!$B:$B,"Wednesday",'BSE - Other Index Options'!$G:$G,"Weekly*")) -> 120611.27 | D78: =IF(SUM(B78:C78)=0,"",SUM(B78)/SUM(B78:C78)) -> 0.45259466 | E78: =IF(SUM(B78:C78)=0,"",SUM(C78)/SUM(B78:C78)) -> 0.54740534
A79: 46204 | B79: =IF(SUMIFS('NSE - NIFTY Index Options'!$L:$L,'NSE - NIFTY Index Options'!$D:$D,$A79,'NSE - NIFTY Index Options'!$B:$B,"Wednesday",'NSE - NIFTY Index Options'!$G:$G,"Weekly*")+SUMIFS('NSE - Other Index Options'!$L:$L,'NSE - Other Index Options'!$D:$D,$A79,'NSE - Other Index Options'!$B:$B,"Wednesday",'NSE - Other Index Options'!$G:$G,"Weekly*")=0,"",SUMIFS('NSE - NIFTY Index Options'!$L:$L,'NSE - NIFTY Index Options'!$D:$D,$A79,'NSE - NIFTY Index Options'!$B:$B,"Wednesday",'NSE - NIFTY Index Options'!$G:$G,"Weekly*")+SUMIFS('NSE - Other Index Options'!$L:$L,'NSE - Other Index Options'!$D:$D,$A79,'NSE - Other Index Options'!$B:$B,"Wednesday",'NSE - Other Index Options'!$G:$G,"Weekly*")) -> 64318.3 | C79: =IF(SUMIFS('BSE - SENSEX Index Options'!$L:$L,'BSE - SENSEX Index Options'!$D:$D,$A79,'BSE - SENSEX Index Options'!$B:$B,"Wednesday",'BSE - SENSEX Index Options'!$G:$G,"Weekly*")+SUMIFS('BSE - Other Index Options'!$L:$L,'BSE - Other Index Options'!$D:$D,$A79,'BSE - Other Index Options'!$B:$B,"Wednesday",'BSE - Other Index Options'!$G:$G,"Weekly*")=0,"",SUMIFS('BSE - SENSEX Index Options'!$L:$L,'BSE - SENSEX Index Options'!$D:$D,$A79,'BSE - SENSEX Index Options'!$B:$B,"Wednesday",'BSE - SENSEX Index Options'!$G:$G,"Weekly*")+SUMIFS('BSE - Other Index Options'!$L:$L,'BSE - Other Index Options'!$D:$D,$A79,'BSE - Other Index Options'!$B:$B,"Wednesday",'BSE - Other Index Options'!$G:$G,"Weekly*")) -> 85358.89 | D79: =IF(SUM(B79:C79)=0,"",SUM(B79)/SUM(B79:C79)) -> 0.42971344 | E79: =IF(SUM(B79:C79)=0,"",SUM(C79)/SUM(B79:C79)) -> 0.57028656
A80: 46235 | B80: =IF(SUMIFS('NSE - NIFTY Index Options'!$L:$L,'NSE - NIFTY Index Options'!$D:$D,$A80,'NSE - NIFTY Index Options'!$B:$B,"Wednesday",'NSE - NIFTY Index Options'!$G:$G,"Weekly*")+SUMIFS('NSE - Other Index Options'!$L:$L,'NSE - Other Index Options'!$D:$D,$A80,'NSE - Other Index Options'!$B:$B,"Wednesday",'NSE - Other Index Options'!$G:$G,"Weekly*")=0,"",SUMIFS('NSE - NIFTY Index Options'!$L:$L,'NSE - NIFTY Index Options'!$D:$D,$A80,'NSE - NIFTY Index Options'!$B:$B,"Wednesday",'NSE - NIFTY Index Options'!$G:$G,"Weekly*")+SUMIFS('NSE - Other Index Options'!$L:$L,'NSE - Other Index Options'!$D:$D,$A80,'NSE - Other Index Options'!$B:$B,"Wednesday",'NSE - Other Index Options'!$G:$G,"Weekly*")) | C80: =IF(SUMIFS('BSE - SENSEX Index Options'!$L:$L,'BSE - SENSEX Index Options'!$D:$D,$A80,'BSE - SENSEX Index Options'!$B:$B,"Wednesday",'BSE - SENSEX Index Options'!$G:$G,"Weekly*")+SUMIFS('BSE - Other Index Options'!$L:$L,'BSE - Other Index Options'!$D:$D,$A80,'BSE - Other Index Options'!$B:$B,"Wednesday",'BSE - Other Index Options'!$G:$G,"Weekly*")=0,"",SUMIFS('BSE - SENSEX Index Options'!$L:$L,'BSE - SENSEX Index Options'!$D:$D,$A80,'BSE - SENSEX Index Options'!$B:$B,"Wednesday",'BSE - SENSEX Index Options'!$G:$G,"Weekly*")+SUMIFS('BSE - Other Index Options'!$L:$L,'BSE - Other Index Options'!$D:$D,$A80,'BSE - Other Index Options'!$B:$B,"Wednesday",'BSE - Other Index Options'!$G:$G,"Weekly*")) | D80: =IF(SUM(B80:C80)=0,"",SUM(B80)/SUM(B80:C80)) | E80: =IF(SUM(B80:C80)=0,"",SUM(C80)/SUM(B80:C80))
... A96: 46722 | B96: =IF(SUMIFS('NSE - NIFTY Index Options'!$L:$L,'NSE - NIFTY Index Options'!$D:$D,$A96,'NSE - NIFTY Index Options'!$B:$B,"Wednesday",'NSE - NIFTY Index Options'!$G:$G,"Weekly*")+SUMIFS('NSE - Other Index Options'!$L:$L,'NSE - Other Index Options'!$D:$D,$A96,'NSE - Other Index Options'!$B:$B,"Wednesday",'NSE - Other Index Options'!$G:$G,"Weekly*")=0,"",SUMIFS('NSE - NIFTY Index Options'!$L:$L,'NSE - NIFTY Index Options'!$D:$D,$A96,'NSE - NIFTY Index Options'!$B:$B,"Wednesday",'NSE - NIFTY Index Options'!$G:$G,"Weekly*")+SUMIFS('NSE - Other Index Options'!$L:$L,'NSE - Other Index Options'!$D:$D,$A96,'NSE - Other Index Options'!$B:$B,"Wednesday",'NSE - Other Index Options'!$G:$G,"Weekly*")) | C96: =IF(SUMIFS('BSE - SENSEX Index Options'!$L:$L,'BSE - SENSEX Index Options'!$D:$D,$A96,'BSE - SENSEX Index Options'!$B:$B,"Wednesday",'BSE - SENSEX Index Options'!$G:$G,"Weekly*")+SUMIFS('BSE - Other Index Options'!$L:$L,'BSE - Other Index Options'!$D:$D,$A96,'BSE - Other Index Options'!$B:$B,"Wednesday",'BSE - Other Index Options'!$G:$G,"Weekly*")=0,"",SUMIFS('BSE - SENSEX Index Options'!$L:$L,'BSE - SENSEX Index Options'!$D:$D,$A96,'BSE - SENSEX Index Options'!$B:$B,"Wednesday",'BSE - SENSEX Index Options'!$G:$G,"Weekly*")+SUMIFS('BSE - Other Index Options'!$L:$L,'BSE - Other Index Options'!$D:$D,$A96,'BSE - Other Index Options'!$B:$B,"Wednesday",'BSE - Other Index Options'!$G:$G,"Weekly*")) | D96: =IF(SUM(B96:C96)=0,"",SUM(B96)/SUM(B96:C96)) | E96: =IF(SUM(B96:C96)=0,"",SUM(C96)/SUM(B96:C96))
A97: Total | B97: =IF(SUM(B69:B96)=0,"",SUM(B69:B96)) -> 1133332.2 | C97: =IF(SUM(C69:C96)=0,"",SUM(C69:C96)) -> 1239912.7 | D97: =IF(SUM(B97:C97)=0,"",SUM(B97)/SUM(B97:C97)) -> 0.47754541 | E97: =IF(SUM(B97:C97)=0,"",SUM(C97)/SUM(B97:C97)) -> 0.52245459
A99: Thursday Trade Day
A100: Month | B100: NSE Premium Turnover (INR Crs) | C100: BSE Premium Turnover (INR Crs) | D100: NSE Market Share | E100: BSE Market Share
A101: 45901 | B101: =IF(SUMIFS('NSE - NIFTY Index Options'!$L:$L,'NSE - NIFTY Index Options'!$D:$D,$A101,'NSE - NIFTY Index Options'!$B:$B,"Thursday",'NSE - NIFTY Index Options'!$G:$G,"Weekly*")+SUMIFS('NSE - Other Index Options'!$L:$L,'NSE - Other Index Options'!$D:$D,$A101,'NSE - Other Index Options'!$B:$B,"Thursday",'NSE - Other Index Options'!$G:$G,"Weekly*")=0,"",SUMIFS('NSE - NIFTY Index Options'!$L:$L,'NSE - NIFTY Index Options'!$D:$D,$A101,'NSE - NIFTY Index Options'!$B:$B,"Thursday",'NSE - NIFTY Index Options'!$G:$G,"Weekly*")+SUMIFS('NSE - Other Index Options'!$L:$L,'NSE - Other Index Options'!$D:$D,$A101,'NSE - Other Index Options'!$B:$B,"Thursday",'NSE - Other Index Options'!$G:$G,"Weekly*")) -> 70757.85 | C101: =IF(SUMIFS('BSE - SENSEX Index Options'!$L:$L,'BSE - SENSEX Index Options'!$D:$D,$A101,'BSE - SENSEX Index Options'!$B:$B,"Thursday",'BSE - SENSEX Index Options'!$G:$G,"Weekly*")+SUMIFS('BSE - Other Index Options'!$L:$L,'BSE - Other Index Options'!$D:$D,$A101,'BSE - Other Index Options'!$B:$B,"Thursday",'BSE - Other Index Options'!$G:$G,"Weekly*")=0,"",SUMIFS('BSE - SENSEX Index Options'!$L:$L,'BSE - SENSEX Index Options'!$D:$D,$A101,'BSE - SENSEX Index Options'!$B:$B,"Thursday",'BSE - SENSEX Index Options'!$G:$G,"Weekly*")+SUMIFS('BSE - Other Index Options'!$L:$L,'BSE - Other Index Options'!$D:$D,$A101,'BSE - Other Index Options'!$B:$B,"Thursday",'BSE - Other Index Options'!$G:$G,"Weekly*")) -> 107540.88 | D101: =IF(SUM(B101:C101)=0,"",SUM(B101)/SUM(B101:C101)) -> 0.39684999 | E101: =IF(SUM(B101:C101)=0,"",SUM(C101)/SUM(B101:C101)) -> 0.60315001
A102: 45931 | B102: =IF(SUMIFS('NSE - NIFTY Index Options'!$L:$L,'NSE - NIFTY Index Options'!$D:$D,$A102,'NSE - NIFTY Index Options'!$B:$B,"Thursday",'NSE - NIFTY Index Options'!$G:$G,"Weekly*")+SUMIFS('NSE - Other Index Options'!$L:$L,'NSE - Other Index Options'!$D:$D,$A102,'NSE - Other Index Options'!$B:$B,"Thursday",'NSE - Other Index Options'!$G:$G,"Weekly*")=0,"",SUMIFS('NSE - NIFTY Index Options'!$L:$L,'NSE - NIFTY Index Options'!$D:$D,$A102,'NSE - NIFTY Index Options'!$B:$B,"Thursday",'NSE - NIFTY Index Options'!$G:$G,"Weekly*")+SUMIFS('NSE - Other Index Options'!$L:$L,'NSE - Other Index Options'!$D:$D,$A102,'NSE - Other Index Options'!$B:$B,"Thursday",'NSE - Other Index Options'!$G:$G,"Weekly*")) -> 86528.99 | C102: =IF(SUMIFS('BSE - SENSEX Index Options'!$L:$L,'BSE - SENSEX Index Options'!$D:$D,$A102,'BSE - SENSEX Index Options'!$B:$B,"Thursday",'BSE - SENSEX Index Options'!$G:$G,"Weekly*")+SUMIFS('BSE - Other Index Options'!$L:$L,'BSE - Other Index Options'!$D:$D,$A102,'BSE - Other Index Options'!$B:$B,"Thursday",'BSE - Other Index Options'!$G:$G,"Weekly*")=0,"",SUMIFS('BSE - SENSEX Index Options'!$L:$L,'BSE - SENSEX Index Options'!$D:$D,$A102,'BSE - SENSEX Index Options'!$B:$B,"Thursday",'BSE - SENSEX Index Options'!$G:$G,"Weekly*")+SUMIFS('BSE - Other Index Options'!$L:$L,'BSE - Other Index Options'!$D:$D,$A102,'BSE - Other Index Options'!$B:$B,"Thursday",'BSE - Other Index Options'!$G:$G,"Weekly*")) -> 131787.47 | D102: =IF(SUM(B102:C102)=0,"",SUM(B102)/SUM(B102:C102)) -> 0.39634662 | E102: =IF(SUM(B102:C102)=0,"",SUM(C102)/SUM(B102:C102)) -> 0.60365338
A103: 45962 | B103: =IF(SUMIFS('NSE - NIFTY Index Options'!$L:$L,'NSE - NIFTY Index Options'!$D:$D,$A103,'NSE - NIFTY Index Options'!$B:$B,"Thursday",'NSE - NIFTY Index Options'!$G:$G,"Weekly*")+SUMIFS('NSE - Other Index Options'!$L:$L,'NSE - Other Index Options'!$D:$D,$A103,'NSE - Other Index Options'!$B:$B,"Thursday",'NSE - Other Index Options'!$G:$G,"Weekly*")=0,"",SUMIFS('NSE - NIFTY Index Options'!$L:$L,'NSE - NIFTY Index Options'!$D:$D,$A103,'NSE - NIFTY Index Options'!$B:$B,"Thursday",'NSE - NIFTY Index Options'!$G:$G,"Weekly*")+SUMIFS('NSE - Other Index Options'!$L:$L,'NSE - Other Index Options'!$D:$D,$A103,'NSE - Other Index Options'!$B:$B,"Thursday",'NSE - Other Index Options'!$G:$G,"Weekly*")) -> 86922.88 | C103: =IF(SUMIFS('BSE - SENSEX Index Options'!$L:$L,'BSE - SENSEX Index Options'!$D:$D,$A103,'BSE - SENSEX Index Options'!$B:$B,"Thursday",'BSE - SENSEX Index Options'!$G:$G,"Weekly*")+SUMIFS('BSE - Other Index Options'!$L:$L,'BSE - Other Index Options'!$D:$D,$A103,'BSE - Other Index Options'!$B:$B,"Thursday",'BSE - Other Index Options'!$G:$G,"Weekly*")=0,"",SUMIFS('BSE - SENSEX Index Options'!$L:$L,'BSE - SENSEX Index Options'!$D:$D,$A103,'BSE - SENSEX Index Options'!$B:$B,"Thursday",'BSE - SENSEX Index Options'!$G:$G,"Weekly*")+SUMIFS('BSE - Other Index Options'!$L:$L,'BSE - Other Index Options'!$D:$D,$A103,'BSE - Other Index Options'!$B:$B,"Thursday",'BSE - Other Index Options'!$G:$G,"Weekly*")) -> 131688.79 | D103: =IF(SUM(B103:C103)=0,"",SUM(B103)/SUM(B103:C103)) -> 0.39761317 | E103: =IF(SUM(B103:C103)=0,"",SUM(C103)/SUM(B103:C103)) -> 0.60238683
A104: 45992 | B104: =IF(SUMIFS('NSE - NIFTY Index Options'!$L:$L,'NSE - NIFTY Index Options'!$D:$D,$A104,'NSE - NIFTY Index Options'!$B:$B,"Thursday",'NSE - NIFTY Index Options'!$G:$G,"Weekly*")+SUMIFS('NSE - Other Index Options'!$L:$L,'NSE - Other Index Options'!$D:$D,$A104,'NSE - Other Index Options'!$B:$B,"Thursday",'NSE - Other Index Options'!$G:$G,"Weekly*")=0,"",SUMIFS('NSE - NIFTY Index Options'!$L:$L,'NSE - NIFTY Index Options'!$D:$D,$A104,'NSE - NIFTY Index Options'!$B:$B,"Thursday",'NSE - NIFTY Index Options'!$G:$G,"Weekly*")+SUMIFS('NSE - Other Index Options'!$L:$L,'NSE - Other Index Options'!$D:$D,$A104,'NSE - Other Index Options'!$B:$B,"Thursday",'NSE - Other Index Options'!$G:$G,"Weekly*")) -> 83604.71 | C104: =IF(SUMIFS('BSE - SENSEX Index Options'!$L:$L,'BSE - SENSEX Index Options'!$D:$D,$A104,'BSE - SENSEX Index Options'!$B:$B,"Thursday",'BSE - SENSEX Index Options'!$G:$G,"Weekly*")+SUMIFS('BSE - Other Index Options'!$L:$L,'BSE - Other Index Options'!$D:$D,$A104,'BSE - Other Index Options'!$B:$B,"Thursday",'BSE - Other Index Options'!$G:$G,"Weekly*")=0,"",SUMIFS('BSE - SENSEX Index Options'!$L:$L,'BSE - SENSEX Index Options'!$D:$D,$A104,'BSE - SENSEX Index Options'!$B:$B,"Thursday",'BSE - SENSEX Index Options'!$G:$G,"Weekly*")+SUMIFS('BSE - Other Index Options'!$L:$L,'BSE - Other Index Options'!$D:$D,$A104,'BSE - Other Index Options'!$B:$B,"Thursday",'BSE - Other Index Options'!$G:$G,"Weekly*")) -> 145994.82 | D104: =IF(SUM(B104:C104)=0,"",SUM(B104)/SUM(B104:C104)) -> 0.36413276 | E104: =IF(SUM(B104:C104)=0,"",SUM(C104)/SUM(B104:C104)) -> 0.63586724
A105: 46023 | B105: =IF(SUMIFS('NSE - NIFTY Index Options'!$L:$L,'NSE - NIFTY Index Options'!$D:$D,$A105,'NSE - NIFTY Index Options'!$B:$B,"Thursday",'NSE - NIFTY Index Options'!$G:$G,"Weekly*")+SUMIFS('NSE - Other Index Options'!$L:$L,'NSE - Other Index Options'!$D:$D,$A105,'NSE - Other Index Options'!$B:$B,"Thursday",'NSE - Other Index Options'!$G:$G,"Weekly*")=0,"",SUMIFS('NSE - NIFTY Index Options'!$L:$L,'NSE - NIFTY Index Options'!$D:$D,$A105,'NSE - NIFTY Index Options'!$B:$B,"Thursday",'NSE - NIFTY Index Options'!$G:$G,"Weekly*")+SUMIFS('NSE - Other Index Options'!$L:$L,'NSE - Other Index Options'!$D:$D,$A105,'NSE - Other Index Options'!$B:$B,"Thursday",'NSE - Other Index Options'!$G:$G,"Weekly*")) -> 80420.4 | C105: =IF(SUMIFS('BSE - SENSEX Index Options'!$L:$L,'BSE - SENSEX Index Options'!$D:$D,$A105,'BSE - SENSEX Index Options'!$B:$B,"Thursday",'BSE - SENSEX Index Options'!$G:$G,"Weekly*")+SUMIFS('BSE - Other Index Options'!$L:$L,'BSE - Other Index Options'!$D:$D,$A105,'BSE - Other Index Options'!$B:$B,"Thursday",'BSE - Other Index Options'!$G:$G,"Weekly*")=0,"",SUMIFS('BSE - SENSEX Index Options'!$L:$L,'BSE - SENSEX Index Options'!$D:$D,$A105,'BSE - SENSEX Index Options'!$B:$B,"Thursday",'BSE - SENSEX Index Options'!$G:$G,"Weekly*")+SUMIFS('BSE - Other Index Options'!$L:$L,'BSE - Other Index Options'!$D:$D,$A105,'BSE - Other Index Options'!$B:$B,"Thursday",'BSE - Other Index Options'!$G:$G,"Weekly*")) -> 158016.41 | D105: =IF(SUM(B105:C105)=0,"",SUM(B105)/SUM(B105:C105)) -> 0.33728181 | E105: =IF(SUM(B105:C105)=0,"",SUM(C105)/SUM(B105:C105)) -> 0.66271819
A106: 46054 | B106: =IF(SUMIFS('NSE - NIFTY Index Options'!$L:$L,'NSE - NIFTY Index Options'!$D:$D,$A106,'NSE - NIFTY Index Options'!$B:$B,"Thursday",'NSE - NIFTY Index Options'!$G:$G,"Weekly*")+SUMIFS('NSE - Other Index Options'!$L:$L,'NSE - Other Index Options'!$D:$D,$A106,'NSE - Other Index Options'!$B:$B,"Thursday",'NSE - Other Index Options'!$G:$G,"Weekly*")=0,"",SUMIFS('NSE - NIFTY Index Options'!$L:$L,'NSE - NIFTY Index Options'!$D:$D,$A106,'NSE - NIFTY Index Options'!$B:$B,"Thursday",'NSE - NIFTY Index Options'!$G:$G,"Weekly*")+SUMIFS('NSE - Other Index Options'!$L:$L,'NSE - Other Index Options'!$D:$D,$A106,'NSE - Other Index Options'!$B:$B,"Thursday",'NSE - Other Index Options'!$G:$G,"Weekly*")) -> 87109.53 | C106: =IF(SUMIFS('BSE - SENSEX Index Options'!$L:$L,'BSE - SENSEX Index Options'!$D:$D,$A106,'BSE - SENSEX Index Options'!$B:$B,"Thursday",'BSE - SENSEX Index Options'!$G:$G,"Weekly*")+SUMIFS('BSE - Other Index Options'!$L:$L,'BSE - Other Index Options'!$D:$D,$A106,'BSE - Other Index Options'!$B:$B,"Thursday",'BSE - Other Index Options'!$G:$G,"Weekly*")=0,"",SUMIFS('BSE - SENSEX Index Options'!$L:$L,'BSE - SENSEX Index Options'!$D:$D,$A106,'BSE - SENSEX Index Options'!$B:$B,"Thursday",'BSE - SENSEX Index Options'!$G:$G,"Weekly*")+SUMIFS('BSE - Other Index Options'!$L:$L,'BSE - Other Index Options'!$D:$D,$A106,'BSE - Other Index Options'!$B:$B,"Thursday",'BSE - Other Index Options'!$G:$G,"Weekly*")) -> 153251.91 | D106: =IF(SUM(B106:C106)=0,"",SUM(B106)/SUM(B106:C106)) -> 0.36241058 | E106: =IF(SUM(B106:C106)=0,"",SUM(C106)/SUM(B106:C106)) -> 0.63758942
