Workbook

Sheet Quality Check
A1: Quality Check — Exchanges Monthly Weekly Expiry (MASTER FILE)
A3: Exchange | B3: Sheet | C3: Data From | D3: Data To | E3: Data Rows | F3: Premium Turnover (INR Bn) | I3: Data Sources
A4: NSE | B4: NSE - NIFTY Index Options | C4: ='NSE - NIFTY Index Options'!A2 -> 01-Sep-2025 | D4: =LOOKUP(2,1/('NSE - NIFTY Index Options'!$A$2:$A$100000<>""),'NSE - NIFTY Index Options'!$A$2:$A$100000) -> 17-Jul-2026 | E4: =COUNTA('NSE - NIFTY Index Options'!A:A)-1 -> 3906 | F4: =SUM('NSE - NIFTY Index Options'!L:L) -> 106798.5 | I4: NSE: F&O contract-wise archives (Security-wise Price Volume data) - https://www.nseindia.com/report-detail/fo_eq_security (API: nseindia.com/api/historicalOR/foCPV, instrumentType=OPTIDX; NIFTY, BANKNIFTY, FINNIFTY, MIDCPNIFTY, NIFTYNXT50)
A5: NSE | B5: NSE - Other Index Options | C5: ='NSE - Other Index Options'!A2 -> 01-Sep-2025 | D5: =LOOKUP(2,1/('NSE - Other Index Options'!$A$2:$A$100000<>""),'NSE - Other Index Options'!$A$2:$A$100000) -> 17-Jul-2026 | E5: =COUNTA('NSE - Other Index Options'!A:A)-1 -> 1302 | F5: =SUM('NSE - Other Index Options'!L:L) -> 11552.228 | I5: BSE: Derivatives historical archives - https://www.bseindia.com/markets/derivatives/derireports/derihistorical (API: api.bseindia.com/BseIndiaAPI, Product_Type=IO; SENSEX + other index options)
A6: BSE | B6: BSE - SENSEX Index Options | C6: ='BSE - SENSEX Index Options'!A2 -> 01-Sep-2025 | D6: =LOOKUP(2,1/('BSE - SENSEX Index Options'!$A$2:$A$100000<>""),'BSE - SENSEX Index Options'!$A$2:$A$100000) -> 17-Jul-2026 | E6: =COUNTA('BSE - SENSEX Index Options'!A:A)-1 -> 1402 | F6: =SUM('BSE - SENSEX Index Options'!L:L) -> 54230.209 | I6: Units: raw API turnover in INR lakh, converted to INR Bn (divided by 10,000). Contracts: NSE = traded qty / market lot; BSE = as reported.
A7: BSE | B7: BSE - Other Index Options | C7: ='BSE - Other Index Options'!A2 -> 01-Sep-2025 | D7: =LOOKUP(2,1/('BSE - Other Index Options'!$A$2:$A$100000<>""),'BSE - Other Index Options'!$A$2:$A$100000) -> 17-Jul-2026 | E7: =COUNTA('BSE - Other Index Options'!A:A)-1 -> 396 | F7: =SUM('BSE - Other Index Options'!L:L) -> 133.5026 | I7: Validation: BSE daily aggregates reconciled against BSE consolidated product-wise report (0 mismatches, tolerance 0.5%); NSE verified internally (contracts x lot x underlying = notional).
I8: Extraction scripts: nse_options_expiry.py / bse_options_expiry.py in the project's Python Files folder.
A9: NSE data updated through: | B9: =IF(D4=D5,D4,"MISMATCH between NSE sheets") -> 17-Jul-2026
A10: BSE data updated through: | B10: =IF(D6=D7,D6,"MISMATCH between BSE sheets") -> 17-Jul-2026
A11: NSE & BSE end dates aligned? | B11: =IF(B9=B10,"YES","NO — update the lagging exchange") -> YES
A12: Master file created: | B12: 46210
A13: Last data refresh: | B13: 46223
A14: Monthly Totals (live — populates as data is updated)
A15: Month | B15: NSE - Number of Contracts | C15: NSE - Notional Turnover (INR Bn) | D15: NSE - Premium Turnover (INR Bn) | E15: BSE - Number of Contracts | F15: BSE - Notional Turnover (INR Bn) | G15: BSE - Premium Turnover (INR Bn)
A16: 45901 | B16: =IF(SUMIFS('NSE - NIFTY Index Options'!$J:$J,'NSE - NIFTY Index Options'!$D:$D,$A16)+SUMIFS('NSE - Other Index Options'!$J:$J,'NSE - Other Index Options'!$D:$D,$A16)=0,"",SUMIFS('NSE - NIFTY Index Options'!$J:$J,'NSE - NIFTY Index Options'!$D:$D,$A16)+SUMIFS('NSE - Other Index Options'!$J:$J,'NSE - Other Index Options'!$D:$D,$A16)) -> 3099946962 | C16: =IF(SUMIFS('NSE - NIFTY Index Options'!$K:$K,'NSE - NIFTY Index Options'!$D:$D,$A16)+SUMIFS('NSE - Other Index Options'!$K:$K,'NSE - Other Index Options'!$D:$D,$A16)=0,"",SUMIFS('NSE - NIFTY Index Options'!$K:$K,'NSE - NIFTY Index Options'!$D:$D,$A16)+SUMIFS('NSE - Other Index Options'!$K:$K,'NSE - Other Index Options'!$D:$D,$A16)) -> 5807256.4 | D16: =IF(SUMIFS('NSE - NIFTY Index Options'!$L:$L,'NSE - NIFTY Index Options'!$D:$D,$A16)+SUMIFS('NSE - Other Index Options'!$L:$L,'NSE - Other Index Options'!$D:$D,$A16)=0,"",SUMIFS('NSE - NIFTY Index Options'!$L:$L,'NSE - NIFTY Index Options'!$D:$D,$A16)+SUMIFS('NSE - Other Index Options'!$L:$L,'NSE - Other Index Options'!$D:$D,$A16)) -> 9332.5851 | E16: =IF(SUMIFS('BSE - SENSEX Index Options'!$J:$J,'BSE - SENSEX Index Options'!$D:$D,$A16)+SUMIFS('BSE - Other Index Options'!$J:$J,'BSE - Other Index Options'!$D:$D,$A16)=0,"",SUMIFS('BSE - SENSEX Index Options'!$J:$J,'BSE - SENSEX Index Options'!$D:$D,$A16)+SUMIFS('BSE - Other Index Options'!$J:$J,'BSE - Other Index Options'!$D:$D,$A16)) -> 2235360301 | F16: =IF(SUMIFS('BSE - SENSEX Index Options'!$K:$K,'BSE - SENSEX Index Options'!$D:$D,$A16)+SUMIFS('BSE - Other Index Options'!$K:$K,'BSE - Other Index Options'!$D:$D,$A16)=0,"",SUMIFS('BSE - SENSEX Index Options'!$K:$K,'BSE - SENSEX Index Options'!$D:$D,$A16)+SUMIFS('BSE - Other Index Options'!$K:$K,'BSE - Other Index Options'!$D:$D,$A16)) -> 3651815.5 | G16: =IF(SUMIFS('BSE - SENSEX Index Options'!$L:$L,'BSE - SENSEX Index Options'!$D:$D,$A16)+SUMIFS('BSE - Other Index Options'!$L:$L,'BSE - Other Index Options'!$D:$D,$A16)=0,"",SUMIFS('BSE - SENSEX Index Options'!$L:$L,'BSE - SENSEX Index Options'!$D:$D,$A16)+SUMIFS('BSE - Other Index Options'!$L:$L,'BSE - Other Index Options'!$D:$D,$A16)) -> 3462.2472
A17: 45931 | B17: =IF(SUMIFS('NSE - NIFTY Index Options'!$J:$J,'NSE - NIFTY Index Options'!$D:$D,$A17)+SUMIFS('NSE - Other Index Options'!$J:$J,'NSE - Other Index Options'!$D:$D,$A17)=0,"",SUMIFS('NSE - NIFTY Index Options'!$J:$J,'NSE - NIFTY Index Options'!$D:$D,$A17)+SUMIFS('NSE - Other Index Options'!$J:$J,'NSE - Other Index Options'!$D:$D,$A17)) -> 3053547719 | C17: =IF(SUMIFS('NSE - NIFTY Index Options'!$K:$K,'NSE - NIFTY Index Options'!$D:$D,$A17)+SUMIFS('NSE - Other Index Options'!$K:$K,'NSE - Other Index Options'!$D:$D,$A17)=0,"",SUMIFS('NSE - NIFTY Index Options'!$K:$K,'NSE - NIFTY Index Options'!$D:$D,$A17)+SUMIFS('NSE - Other Index Options'!$K:$K,'NSE - Other Index Options'!$D:$D,$A17)) -> 5859561 | D17: =IF(SUMIFS('NSE - NIFTY Index Options'!$L:$L,'NSE - NIFTY Index Options'!$D:$D,$A17)+SUMIFS('NSE - Other Index Options'!$L:$L,'NSE - Other Index Options'!$D:$D,$A17)=0,"",SUMIFS('NSE - NIFTY Index Options'!$L:$L,'NSE - NIFTY Index Options'!$D:$D,$A17)+SUMIFS('NSE - Other Index Options'!$L:$L,'NSE - Other Index Options'!$D:$D,$A17)) -> 10417.99 | E17: =IF(SUMIFS('BSE - SENSEX Index Options'!$J:$J,'BSE - SENSEX Index Options'!$D:$D,$A17)+SUMIFS('BSE - Other Index Options'!$J:$J,'BSE - Other Index Options'!$D:$D,$A17)=0,"",SUMIFS('BSE - SENSEX Index Options'!$J:$J,'BSE - SENSEX Index Options'!$D:$D,$A17)+SUMIFS('BSE - Other Index Options'!$J:$J,'BSE - Other Index Options'!$D:$D,$A17)) -> 2790051623 | F17: =IF(SUMIFS('BSE - SENSEX Index Options'!$K:$K,'BSE - SENSEX Index Options'!$D:$D,$A17)+SUMIFS('BSE - Other Index Options'!$K:$K,'BSE - Other Index Options'!$D:$D,$A17)=0,"",SUMIFS('BSE - SENSEX Index Options'!$K:$K,'BSE - SENSEX Index Options'!$D:$D,$A17)+SUMIFS('BSE - Other Index Options'!$K:$K,'BSE - Other Index Options'!$D:$D,$A17)) -> 4641252.5 | G17: =IF(SUMIFS('BSE - SENSEX Index Options'!$L:$L,'BSE - SENSEX Index Options'!$D:$D,$A17)+SUMIFS('BSE - Other Index Options'!$L:$L,'BSE - Other Index Options'!$D:$D,$A17)=0,"",SUMIFS('BSE - SENSEX Index Options'!$L:$L,'BSE - SENSEX Index Options'!$D:$D,$A17)+SUMIFS('BSE - Other Index Options'!$L:$L,'BSE - Other Index Options'!$D:$D,$A17)) -> 4304.274
A18: 45962 | B18: =IF(SUMIFS('NSE - NIFTY Index Options'!$J:$J,'NSE - NIFTY Index Options'!$D:$D,$A18)+SUMIFS('NSE - Other Index Options'!$J:$J,'NSE - Other Index Options'!$D:$D,$A18)=0,"",SUMIFS('NSE - NIFTY Index Options'!$J:$J,'NSE - NIFTY Index Options'!$D:$D,$A18)+SUMIFS('NSE - Other Index Options'!$J:$J,'NSE - Other Index Options'!$D:$D,$A18)) -> 2587888973 | C18: =IF(SUMIFS('NSE - NIFTY Index Options'!$K:$K,'NSE - NIFTY Index Options'!$D:$D,$A18)+SUMIFS('NSE - Other Index Options'!$K:$K,'NSE - Other Index Options'!$D:$D,$A18)=0,"",SUMIFS('NSE - NIFTY Index Options'!$K:$K,'NSE - NIFTY Index Options'!$D:$D,$A18)+SUMIFS('NSE - Other Index Options'!$K:$K,'NSE - Other Index Options'!$D:$D,$A18)) -> 5040587.9 | D18: =IF(SUMIFS('NSE - NIFTY Index Options'!$L:$L,'NSE - NIFTY Index Options'!$D:$D,$A18)+SUMIFS('NSE - Other Index Options'!$L:$L,'NSE - Other Index Options'!$D:$D,$A18)=0,"",SUMIFS('NSE - NIFTY Index Options'!$L:$L,'NSE - NIFTY Index Options'!$D:$D,$A18)+SUMIFS('NSE - Other Index Options'!$L:$L,'NSE - Other Index Options'!$D:$D,$A18)) -> 9132.7733 | E18: =IF(SUMIFS('BSE - SENSEX Index Options'!$J:$J,'BSE - SENSEX Index Options'!$D:$D,$A18)+SUMIFS('BSE - Other Index Options'!$J:$J,'BSE - Other Index Options'!$D:$D,$A18)=0,"",SUMIFS('BSE - SENSEX Index Options'!$J:$J,'BSE - SENSEX Index Options'!$D:$D,$A18)+SUMIFS('BSE - Other Index Options'!$J:$J,'BSE - Other Index Options'!$D:$D,$A18)) -> 2335516230 | F18: =IF(SUMIFS('BSE - SENSEX Index Options'!$K:$K,'BSE - SENSEX Index Options'!$D:$D,$A18)+SUMIFS('BSE - Other Index Options'!$K:$K,'BSE - Other Index Options'!$D:$D,$A18)=0,"",SUMIFS('BSE - SENSEX Index Options'!$K:$K,'BSE - SENSEX Index Options'!$D:$D,$A18)+SUMIFS('BSE - Other Index Options'!$K:$K,'BSE - Other Index Options'!$D:$D,$A18)) -> 3963897 | G18: =IF(SUMIFS('BSE - SENSEX Index Options'!$L:$L,'BSE - SENSEX Index Options'!$D:$D,$A18)+SUMIFS('BSE - Other Index Options'!$L:$L,'BSE - Other Index Options'!$D:$D,$A18)=0,"",SUMIFS('BSE - SENSEX Index Options'!$L:$L,'BSE - SENSEX Index Options'!$D:$D,$A18)+SUMIFS('BSE - Other Index Options'!$L:$L,'BSE - Other Index Options'!$D:$D,$A18)) -> 3631.3211
A19: 45992 | B19: =IF(SUMIFS('NSE - NIFTY Index Options'!$J:$J,'NSE - NIFTY Index Options'!$D:$D,$A19)+SUMIFS('NSE - Other Index Options'!$J:$J,'NSE - Other Index Options'!$D:$D,$A19)=0,"",SUMIFS('NSE - NIFTY Index Options'!$J:$J,'NSE - NIFTY Index Options'!$D:$D,$A19)+SUMIFS('NSE - Other Index Options'!$J:$J,'NSE - Other Index Options'!$D:$D,$A19)) -> 2990707367 | C19: =IF(SUMIFS('NSE - NIFTY Index Options'!$K:$K,'NSE - NIFTY Index Options'!$D:$D,$A19)+SUMIFS('NSE - Other Index Options'!$K:$K,'NSE - Other Index Options'!$D:$D,$A19)=0,"",SUMIFS('NSE - NIFTY Index Options'!$K:$K,'NSE - NIFTY Index Options'!$D:$D,$A19)+SUMIFS('NSE - Other Index Options'!$K:$K,'NSE - Other Index Options'!$D:$D,$A19)) -> 5834460.1 | D19: =IF(SUMIFS('NSE - NIFTY Index Options'!$L:$L,'NSE - NIFTY Index Options'!$D:$D,$A19)+SUMIFS('NSE - Other Index Options'!$L:$L,'NSE - Other Index Options'!$D:$D,$A19)=0,"",SUMIFS('NSE - NIFTY Index Options'!$L:$L,'NSE - NIFTY Index Options'!$D:$D,$A19)+SUMIFS('NSE - Other Index Options'!$L:$L,'NSE - Other Index Options'!$D:$D,$A19)) -> 9469.2296 | E19: =IF(SUMIFS('BSE - SENSEX Index Options'!$J:$J,'BSE - SENSEX Index Options'!$D:$D,$A19)+SUMIFS('BSE - Other Index Options'!$J:$J,'BSE - Other Index Options'!$D:$D,$A19)=0,"",SUMIFS('BSE - SENSEX Index Options'!$J:$J,'BSE - SENSEX Index Options'!$D:$D,$A19)+SUMIFS('BSE - Other Index Options'!$J:$J,'BSE - Other Index Options'!$D:$D,$A19)) -> 2594328292 | F19: =IF(SUMIFS('BSE - SENSEX Index Options'!$K:$K,'BSE - SENSEX Index Options'!$D:$D,$A19)+SUMIFS('BSE - Other Index Options'!$K:$K,'BSE - Other Index Options'!$D:$D,$A19)=0,"",SUMIFS('BSE - SENSEX Index Options'!$K:$K,'BSE - SENSEX Index Options'!$D:$D,$A19)+SUMIFS('BSE - Other Index Options'!$K:$K,'BSE - Other Index Options'!$D:$D,$A19)) -> 4414449.5 | G19: =IF(SUMIFS('BSE - SENSEX Index Options'!$L:$L,'BSE - SENSEX Index Options'!$D:$D,$A19)+SUMIFS('BSE - Other Index Options'!$L:$L,'BSE - Other Index Options'!$D:$D,$A19)=0,"",SUMIFS('BSE - SENSEX Index Options'!$L:$L,'BSE - SENSEX Index Options'!$D:$D,$A19)+SUMIFS('BSE - Other Index Options'!$L:$L,'BSE - Other Index Options'!$D:$D,$A19)) -> 4129.0249
A20: 46023 | B20: =IF(SUMIFS('NSE - NIFTY Index Options'!$J:$J,'NSE - NIFTY Index Options'!$D:$D,$A20)+SUMIFS('NSE - Other Index Options'!$J:$J,'NSE - Other Index Options'!$D:$D,$A20)=0,"",SUMIFS('NSE - NIFTY Index Options'!$J:$J,'NSE - NIFTY Index Options'!$D:$D,$A20)+SUMIFS('NSE - Other Index Options'!$J:$J,'NSE - Other Index Options'!$D:$D,$A20)) -> 3556776860 | C20: =IF(SUMIFS('NSE - NIFTY Index Options'!$K:$K,'NSE - NIFTY Index Options'!$D:$D,$A20)+SUMIFS('NSE - Other Index Options'!$K:$K,'NSE - Other Index Options'!$D:$D,$A20)=0,"",SUMIFS('NSE - NIFTY Index Options'!$K:$K,'NSE - NIFTY Index Options'!$D:$D,$A20)+SUMIFS('NSE - Other Index Options'!$K:$K,'NSE - Other Index Options'!$D:$D,$A20)) -> 5959791.8 | D20: =IF(SUMIFS('NSE - NIFTY Index Options'!$L:$L,'NSE - NIFTY Index Options'!$D:$D,$A20)+SUMIFS('NSE - Other Index Options'!$L:$L,'NSE - Other Index Options'!$D:$D,$A20)=0,"",SUMIFS('NSE - NIFTY Index Options'!$L:$L,'NSE - NIFTY Index Options'!$D:$D,$A20)+SUMIFS('NSE - Other Index Options'!$L:$L,'NSE - Other Index Options'!$D:$D,$A20)) -> 11531.54 | E20: =IF(SUMIFS('BSE - SENSEX Index Options'!$J:$J,'BSE - SENSEX Index Options'!$D:$D,$A20)+SUMIFS('BSE - Other Index Options'!$J:$J,'BSE - Other Index Options'!$D:$D,$A20)=0,"",SUMIFS('BSE - SENSEX Index Options'!$J:$J,'BSE - SENSEX Index Options'!$D:$D,$A20)+SUMIFS('BSE - Other Index Options'!$J:$J,'BSE - Other Index Options'!$D:$D,$A20)) -> 3431358943 | F20: =IF(SUMIFS('BSE - SENSEX Index Options'!$K:$K,'BSE - SENSEX Index Options'!$D:$D,$A20)+SUMIFS('BSE - Other Index Options'!$K:$K,'BSE - Other Index Options'!$D:$D,$A20)=0,"",SUMIFS('BSE - SENSEX Index Options'!$K:$K,'BSE - SENSEX Index Options'!$D:$D,$A20)+SUMIFS('BSE - Other Index Options'!$K:$K,'BSE - Other Index Options'!$D:$D,$A20)) -> 5731640.5 | G20: =IF(SUMIFS('BSE - SENSEX Index Options'!$L:$L,'BSE - SENSEX Index Options'!$D:$D,$A20)+SUMIFS('BSE - Other Index Options'!$L:$L,'BSE - Other Index Options'!$D:$D,$A20)=0,"",SUMIFS('BSE - SENSEX Index Options'!$L:$L,'BSE - SENSEX Index Options'!$D:$D,$A20)+SUMIFS('BSE - Other Index Options'!$L:$L,'BSE - Other Index Options'!$D:$D,$A20)) -> 5753.7784
A21: 46054 | B21: =IF(SUMIFS('NSE - NIFTY Index Options'!$J:$J,'NSE - NIFTY Index Options'!$D:$D,$A21)+SUMIFS('NSE - Other Index Options'!$J:$J,'NSE - Other Index Options'!$D:$D,$A21)=0,"",SUMIFS('NSE - NIFTY Index Options'!$J:$J,'NSE - NIFTY Index Options'!$D:$D,$A21)+SUMIFS('NSE - Other Index Options'!$J:$J,'NSE - Other Index Options'!$D:$D,$A21)) -> 3553974028 | C21: =IF(SUMIFS('NSE - NIFTY Index Options'!$K:$K,'NSE - NIFTY Index Options'!$D:$D,$A21)+SUMIFS('NSE - Other Index Options'!$K:$K,'NSE - Other Index Options'!$D:$D,$A21)=0,"",SUMIFS('NSE - NIFTY Index Options'!$K:$K,'NSE - NIFTY Index Options'!$D:$D,$A21)+SUMIFS('NSE - Other Index Options'!$K:$K,'NSE - Other Index Options'!$D:$D,$A21)) -> 5949997.9 | D21: =IF(SUMIFS('NSE - NIFTY Index Options'!$L:$L,'NSE - NIFTY Index Options'!$D:$D,$A21)+SUMIFS('NSE - Other Index Options'!$L:$L,'NSE - Other Index Options'!$D:$D,$A21)=0,"",SUMIFS('NSE - NIFTY Index Options'!$L:$L,'NSE - NIFTY Index Options'!$D:$D,$A21)+SUMIFS('NSE - Other Index Options'!$L:$L,'NSE - Other Index Options'!$D:$D,$A21)) -> 12839.693 | E21: =IF(SUMIFS('BSE - SENSEX Index Options'!$J:$J,'BSE - SENSEX Index Options'!$D:$D,$A21)+SUMIFS('BSE - Other Index Options'!$J:$J,'BSE - Other Index Options'!$D:$D,$A21)=0,"",SUMIFS('BSE - SENSEX Index Options'!$J:$J,'BSE - SENSEX Index Options'!$D:$D,$A21)+SUMIFS('BSE - Other Index Options'!$J:$J,'BSE - Other Index Options'!$D:$D,$A21)) -> 2818479299 | F21: =IF(SUMIFS('BSE - SENSEX Index Options'!$K:$K,'BSE - SENSEX Index Options'!$D:$D,$A21)+SUMIFS('BSE - Other Index Options'!$K:$K,'BSE - Other Index Options'!$D:$D,$A21)=0,"",SUMIFS('BSE - SENSEX Index Options'!$K:$K,'BSE - SENSEX Index Options'!$D:$D,$A21)+SUMIFS('BSE - Other Index Options'!$K:$K,'BSE - Other Index Options'!$D:$D,$A21)) -> 4693409.7 | G21: =IF(SUMIFS('BSE - SENSEX Index Options'!$L:$L,'BSE - SENSEX Index Options'!$D:$D,$A21)+SUMIFS('BSE - Other Index Options'!$L:$L,'BSE - Other Index Options'!$D:$D,$A21)=0,"",SUMIFS('BSE - SENSEX Index Options'!$L:$L,'BSE - SENSEX Index Options'!$D:$D,$A21)+SUMIFS('BSE - Other Index Options'!$L:$L,'BSE - Other Index Options'!$D:$D,$A21)) -> 5320.6359
A22: 46082 | B22: =IF(SUMIFS('NSE - NIFTY Index Options'!$J:$J,'NSE - NIFTY Index Options'!$D:$D,$A22)+SUMIFS('NSE - Other Index Options'!$J:$J,'NSE - Other Index Options'!$D:$D,$A22)=0,"",SUMIFS('NSE - NIFTY Index Options'!$J:$J,'NSE - NIFTY Index Options'!$D:$D,$A22)+SUMIFS('NSE - Other Index Options'!$J:$J,'NSE - Other Index Options'!$D:$D,$A22)) -> 3507526776 | C22: =IF(SUMIFS('NSE - NIFTY Index Options'!$K:$K,'NSE - NIFTY Index Options'!$D:$D,$A22)+SUMIFS('NSE - Other Index Options'!$K:$K,'NSE - Other Index Options'!$D:$D,$A22)=0,"",SUMIFS('NSE - NIFTY Index Options'!$K:$K,'NSE - NIFTY Index Options'!$D:$D,$A22)+SUMIFS('NSE - Other Index Options'!$K:$K,'NSE - Other Index Options'!$D:$D,$A22)) -> 5410440 | D22: =IF(SUMIFS('NSE - NIFTY Index Options'!$L:$L,'NSE - NIFTY Index Options'!$D:$D,$A22)+SUMIFS('NSE - Other Index Options'!$L:$L,'NSE - Other Index Options'!$D:$D,$A22)=0,"",SUMIFS('NSE - NIFTY Index Options'!$L:$L,'NSE - NIFTY Index Options'!$D:$D,$A22)+SUMIFS('NSE - Other Index Options'!$L:$L,'NSE - Other Index Options'!$D:$D,$A22)) -> 16246.679 | E22: =IF(SUMIFS('BSE - SENSEX Index Options'!$J:$J,'BSE - SENSEX Index Options'!$D:$D,$A22)+SUMIFS('BSE - Other Index Options'!$J:$J,'BSE - Other Index Options'!$D:$D,$A22)=0,"",SUMIFS('BSE - SENSEX Index Options'!$J:$J,'BSE - SENSEX Index Options'!$D:$D,$A22)+SUMIFS('BSE - Other Index Options'!$J:$J,'BSE - Other Index Options'!$D:$D,$A22)) -> 2780655501 | F22: =IF(SUMIFS('BSE - SENSEX Index Options'!$K:$K,'BSE - SENSEX Index Options'!$D:$D,$A22)+SUMIFS('BSE - Other Index Options'!$K:$K,'BSE - Other Index Options'!$D:$D,$A22)=0,"",SUMIFS('BSE - SENSEX Index Options'!$K:$K,'BSE - SENSEX Index Options'!$D:$D,$A22)+SUMIFS('BSE - Other Index Options'!$K:$K,'BSE - Other Index Options'!$D:$D,$A22)) -> 4274629.1 | G22: =IF(SUMIFS('BSE - SENSEX Index Options'!$L:$L,'BSE - SENSEX Index Options'!$D:$D,$A22)+SUMIFS('BSE - Other Index Options'!$L:$L,'BSE - Other Index Options'!$D:$D,$A22)=0,"",SUMIFS('BSE - SENSEX Index Options'!$L:$L,'BSE - SENSEX Index Options'!$D:$D,$A22)+SUMIFS('BSE - Other Index Options'!$L:$L,'BSE - Other Index Options'!$D:$D,$A22)) -> 6278.0398
A23: 46113 | B23: =IF(SUMIFS('NSE - NIFTY Index Options'!$J:$J,'NSE - NIFTY Index Options'!$D:$D,$A23)+SUMIFS('NSE - Other Index Options'!$J:$J,'NSE - Other Index Options'!$D:$D,$A23)=0,"",SUMIFS('NSE - NIFTY Index Options'!$J:$J,'NSE - NIFTY Index Options'!$D:$D,$A23)+SUMIFS('NSE - Other Index Options'!$J:$J,'NSE - Other Index Options'!$D:$D,$A23)) -> 2704917038 | C23: =IF(SUMIFS('NSE - NIFTY Index Options'!$K:$K,'NSE - NIFTY Index Options'!$D:$D,$A23)+SUMIFS('NSE - Other Index Options'!$K:$K,'NSE - Other Index Options'!$D:$D,$A23)=0,"",SUMIFS('NSE - NIFTY Index Options'!$K:$K,'NSE - NIFTY Index Options'!$D:$D,$A23)+SUMIFS('NSE - Other Index Options'!$K:$K,'NSE - Other Index Options'!$D:$D,$A23)) -> 4212880.9 | D23: =IF(SUMIFS('NSE - NIFTY Index Options'!$L:$L,'NSE - NIFTY Index Options'!$D:$D,$A23)+SUMIFS('NSE - Other Index Options'!$L:$L,'NSE - Other Index Options'!$D:$D,$A23)=0,"",SUMIFS('NSE - NIFTY Index Options'!$L:$L,'NSE - NIFTY Index Options'!$D:$D,$A23)+SUMIFS('NSE - Other Index Options'!$L:$L,'NSE - Other Index Options'!$D:$D,$A23)) -> 11243.915 | E23: =IF(SUMIFS('BSE - SENSEX Index Options'!$J:$J,'BSE - SENSEX Index Options'!$D:$D,$A23)+SUMIFS('BSE - Other Index Options'!$J:$J,'BSE - Other Index Options'!$D:$D,$A23)=0,"",SUMIFS('BSE - SENSEX Index Options'!$J:$J,'BSE - SENSEX Index Options'!$D:$D,$A23)+SUMIFS('BSE - Other Index Options'!$J:$J,'BSE - Other Index Options'!$D:$D,$A23)) -> 3511987765 | F23: =IF(SUMIFS('BSE - SENSEX Index Options'!$K:$K,'BSE - SENSEX Index Options'!$D:$D,$A23)+SUMIFS('BSE - Other Index Options'!$K:$K,'BSE - Other Index Options'!$D:$D,$A23)=0,"",SUMIFS('BSE - SENSEX Index Options'!$K:$K,'BSE - SENSEX Index Options'!$D:$D,$A23)+SUMIFS('BSE - Other Index Options'!$K:$K,'BSE - Other Index Options'!$D:$D,$A23)) -> 5377649.8 | G23: =IF(SUMIFS('BSE - SENSEX Index Options'!$L:$L,'BSE - SENSEX Index Options'!$D:$D,$A23)+SUMIFS('BSE - Other Index Options'!$L:$L,'BSE - Other Index Options'!$D:$D,$A23)=0,"",SUMIFS('BSE - SENSEX Index Options'!$L:$L,'BSE - SENSEX Index Options'!$D:$D,$A23)+SUMIFS('BSE - Other Index Options'!$L:$L,'BSE - Other Index Options'!$D:$D,$A23)) -> 6628.9961
A24: 46143 | B24: =IF(SUMIFS('NSE - NIFTY Index Options'!$J:$J,'NSE - NIFTY Index Options'!$D:$D,$A24)+SUMIFS('NSE - Other Index Options'!$J:$J,'NSE - Other Index Options'!$D:$D,$A24)=0,"",SUMIFS('NSE - NIFTY Index Options'!$J:$J,'NSE - NIFTY Index Options'!$D:$D,$A24)+SUMIFS('NSE - Other Index Options'!$J:$J,'NSE - Other Index Options'!$D:$D,$A24)) -> 3038254197 | C24: =IF(SUMIFS('NSE - NIFTY Index Options'!$K:$K,'NSE - NIFTY Index Options'!$D:$D,$A24)+SUMIFS('NSE - Other Index Options'!$K:$K,'NSE - Other Index Options'!$D:$D,$A24)=0,"",SUMIFS('NSE - NIFTY Index Options'!$K:$K,'NSE - NIFTY Index Options'!$D:$D,$A24)+SUMIFS('NSE - Other Index Options'!$K:$K,'NSE - Other Index Options'!$D:$D,$A24)) -> 4737453.4 | D24: =IF(SUMIFS('NSE - NIFTY Index Options'!$L:$L,'NSE - NIFTY Index Options'!$D:$D,$A24)+SUMIFS('NSE - Other Index Options'!$L:$L,'NSE - Other Index Options'!$D:$D,$A24)=0,"",SUMIFS('NSE - NIFTY Index Options'!$L:$L,'NSE - NIFTY Index Options'!$D:$D,$A24)+SUMIFS('NSE - Other Index Options'!$L:$L,'NSE - Other Index Options'!$D:$D,$A24)) -> 11128.716 | E24: =IF(SUMIFS('BSE - SENSEX Index Options'!$J:$J,'BSE - SENSEX Index Options'!$D:$D,$A24)+SUMIFS('BSE - Other Index Options'!$J:$J,'BSE - Other Index Options'!$D:$D,$A24)=0,"",SUMIFS('BSE - SENSEX Index Options'!$J:$J,'BSE - SENSEX Index Options'!$D:$D,$A24)+SUMIFS('BSE - Other Index Options'!$J:$J,'BSE - Other Index Options'!$D:$D,$A24)) -> 2859237260 | F24: =IF(SUMIFS('BSE - SENSEX Index Options'!$K:$K,'BSE - SENSEX Index Options'!$D:$D,$A24)+SUMIFS('BSE - Other Index Options'!$K:$K,'BSE - Other Index Options'!$D:$D,$A24)=0,"",SUMIFS('BSE - SENSEX Index Options'!$K:$K,'BSE - SENSEX Index Options'!$D:$D,$A24)+SUMIFS('BSE - Other Index Options'!$K:$K,'BSE - Other Index Options'!$D:$D,$A24)) -> 4360339.9 | G24: =IF(SUMIFS('BSE - SENSEX Index Options'!$L:$L,'BSE - SENSEX Index Options'!$D:$D,$A24)+SUMIFS('BSE - Other Index Options'!$L:$L,'BSE - Other Index Options'!$D:$D,$A24)=0,"",SUMIFS('BSE - SENSEX Index Options'!$L:$L,'BSE - SENSEX Index Options'!$D:$D,$A24)+SUMIFS('BSE - Other Index Options'!$L:$L,'BSE - Other Index Options'!$D:$D,$A24)) -> 5636.8826
A25: 46174 | B25: =IF(SUMIFS('NSE - NIFTY Index Options'!$J:$J,'NSE - NIFTY Index Options'!$D:$D,$A25)+SUMIFS('NSE - Other Index Options'!$J:$J,'NSE - Other Index Options'!$D:$D,$A25)=0,"",SUMIFS('NSE - NIFTY Index Options'!$J:$J,'NSE - NIFTY Index Options'!$D:$D,$A25)+SUMIFS('NSE - Other Index Options'!$J:$J,'NSE - Other Index Options'!$D:$D,$A25)) -> 3676370909 | C25: =IF(SUMIFS('NSE - NIFTY Index Options'!$K:$K,'NSE - NIFTY Index Options'!$D:$D,$A25)+SUMIFS('NSE - Other Index Options'!$K:$K,'NSE - Other Index Options'!$D:$D,$A25)=0,"",SUMIFS('NSE - NIFTY Index Options'!$K:$K,'NSE - NIFTY Index Options'!$D:$D,$A25)+SUMIFS('NSE - Other Index Options'!$K:$K,'NSE - Other Index Options'!$D:$D,$A25)) -> 5703559.3 | D25: =IF(SUMIFS('NSE - NIFTY Index Options'!$L:$L,'NSE - NIFTY Index Options'!$D:$D,$A25)+SUMIFS('NSE - Other Index Options'!$L:$L,'NSE - Other Index Options'!$D:$D,$A25)=0,"",SUMIFS('NSE - NIFTY Index Options'!$L:$L,'NSE - NIFTY Index Options'!$D:$D,$A25)+SUMIFS('NSE - Other Index Options'!$L:$L,'NSE - Other Index Options'!$D:$D,$A25)) -> 11487.337 | E25: =IF(SUMIFS('BSE - SENSEX Index Options'!$J:$J,'BSE - SENSEX Index Options'!$D:$D,$A25)+SUMIFS('BSE - Other Index Options'!$J:$J,'BSE - Other Index Options'!$D:$D,$A25)=0,"",SUMIFS('BSE - SENSEX Index Options'!$J:$J,'BSE - SENSEX Index Options'!$D:$D,$A25)+SUMIFS('BSE - Other Index Options'!$J:$J,'BSE - Other Index Options'!$D:$D,$A25)) -> 2968566958 | F25: =IF(SUMIFS('BSE - SENSEX Index Options'!$K:$K,'BSE - SENSEX Index Options'!$D:$D,$A25)+SUMIFS('BSE - Other Index Options'!$K:$K,'BSE - Other Index Options'!$D:$D,$A25)=0,"",SUMIFS('BSE - SENSEX Index Options'!$K:$K,'BSE - SENSEX Index Options'!$D:$D,$A25)+SUMIFS('BSE - Other Index Options'!$K:$K,'BSE - Other Index Options'!$D:$D,$A25)) -> 4497161 | G25: =IF(SUMIFS('BSE - SENSEX Index Options'!$L:$L,'BSE - SENSEX Index Options'!$D:$D,$A25)+SUMIFS('BSE - Other Index Options'!$L:$L,'BSE - Other Index Options'!$D:$D,$A25)=0,"",SUMIFS('BSE - SENSEX Index Options'!$L:$L,'BSE - SENSEX Index Options'!$D:$D,$A25)+SUMIFS('BSE - Other Index Options'!$L:$L,'BSE - Other Index Options'!$D:$D,$A25)) -> 5503.3389
A26: 46204 | B26: =IF(SUMIFS('NSE - NIFTY Index Options'!$J:$J,'NSE - NIFTY Index Options'!$D:$D,$A26)+SUMIFS('NSE - Other Index Options'!$J:$J,'NSE - Other Index Options'!$D:$D,$A26)=0,"",SUMIFS('NSE - NIFTY Index Options'!$J:$J,'NSE - NIFTY Index Options'!$D:$D,$A26)+SUMIFS('NSE - Other Index Options'!$J:$J,'NSE - Other Index Options'!$D:$D,$A26)) -> 1658865585 | C26: =IF(SUMIFS('NSE - NIFTY Index Options'!$K:$K,'NSE - NIFTY Index Options'!$D:$D,$A26)+SUMIFS('NSE - Other Index Options'!$K:$K,'NSE - Other Index Options'!$D:$D,$A26)=0,"",SUMIFS('NSE - NIFTY Index Options'!$K:$K,'NSE - NIFTY Index Options'!$D:$D,$A26)+SUMIFS('NSE - Other Index Options'!$K:$K,'NSE - Other Index Options'!$D:$D,$A26)) -> 2619549.9 | D26: =IF(SUMIFS('NSE - NIFTY Index Options'!$L:$L,'NSE - NIFTY Index Options'!$D:$D,$A26)+SUMIFS('NSE - Other Index Options'!$L:$L,'NSE - Other Index Options'!$D:$D,$A26)=0,"",SUMIFS('NSE - NIFTY Index Options'!$L:$L,'NSE - NIFTY Index Options'!$D:$D,$A26)+SUMIFS('NSE - Other Index Options'!$L:$L,'NSE - Other Index Options'!$D:$D,$A26)) -> 5520.267 | E26: =IF(SUMIFS('BSE - SENSEX Index Options'!$J:$J,'BSE - SENSEX Index Options'!$D:$D,$A26)+SUMIFS('BSE - Other Index Options'!$J:$J,'BSE - Other Index Options'!$D:$D,$A26)=0,"",SUMIFS('BSE - SENSEX Index Options'!$J:$J,'BSE - SENSEX Index Options'!$D:$D,$A26)+SUMIFS('BSE - Other Index Options'!$J:$J,'BSE - Other Index Options'!$D:$D,$A26)) -> 2135572172 | F26: =IF(SUMIFS('BSE - SENSEX Index Options'!$K:$K,'BSE - SENSEX Index Options'!$D:$D,$A26)+SUMIFS('BSE - Other Index Options'!$K:$K,'BSE - Other Index Options'!$D:$D,$A26)=0,"",SUMIFS('BSE - SENSEX Index Options'!$K:$K,'BSE - SENSEX Index Options'!$D:$D,$A26)+SUMIFS('BSE - Other Index Options'!$K:$K,'BSE - Other Index Options'!$D:$D,$A26)) -> 3299727.4 | G26: =IF(SUMIFS('BSE - SENSEX Index Options'!$L:$L,'BSE - SENSEX Index Options'!$D:$D,$A26)+SUMIFS('BSE - Other Index Options'!$L:$L,'BSE - Other Index Options'!$D:$D,$A26)=0,"",SUMIFS('BSE - SENSEX Index Options'!$L:$L,'BSE - SENSEX Index Options'!$D:$D,$A26)+SUMIFS('BSE - Other Index Options'!$L:$L,'BSE - Other Index Options'!$D:$D,$A26)) -> 3715.1728
A27: 46235 | B27: =IF(SUMIFS('NSE - NIFTY Index Options'!$J:$J,'NSE - NIFTY Index Options'!$D:$D,$A27)+SUMIFS('NSE - Other Index Options'!$J:$J,'NSE - Other Index Options'!$D:$D,$A27)=0,"",SUMIFS('NSE - NIFTY Index Options'!$J:$J,'NSE - NIFTY Index Options'!$D:$D,$A27)+SUMIFS('NSE - Other Index Options'!$J:$J,'NSE - Other Index Options'!$D:$D,$A27)) | C27: =IF(SUMIFS('NSE - NIFTY Index Options'!$K:$K,'NSE - NIFTY Index Options'!$D:$D,$A27)+SUMIFS('NSE - Other Index Options'!$K:$K,'NSE - Other Index Options'!$D:$D,$A27)=0,"",SUMIFS('NSE - NIFTY Index Options'!$K:$K,'NSE - NIFTY Index Options'!$D:$D,$A27)+SUMIFS('NSE - Other Index Options'!$K:$K,'NSE - Other Index Options'!$D:$D,$A27)) | D27: =IF(SUMIFS('NSE - NIFTY Index Options'!$L:$L,'NSE - NIFTY Index Options'!$D:$D,$A27)+SUMIFS('NSE - Other Index Options'!$L:$L,'NSE - Other Index Options'!$D:$D,$A27)=0,"",SUMIFS('NSE - NIFTY Index Options'!$L:$L,'NSE - NIFTY Index Options'!$D:$D,$A27)+SUMIFS('NSE - Other Index Options'!$L:$L,'NSE - Other Index Options'!$D:$D,$A27)) | E27: =IF(SUMIFS('BSE - SENSEX Index Options'!$J:$J,'BSE - SENSEX Index Options'!$D:$D,$A27)+SUMIFS('BSE - Other Index Options'!$J:$J,'BSE - Other Index Options'!$D:$D,$A27)=0,"",SUMIFS('BSE - SENSEX Index Options'!$J:$J,'BSE - SENSEX Index Options'!$D:$D,$A27)+SUMIFS('BSE - Other Index Options'!$J:$J,'BSE - Other Index Options'!$D:$D,$A27)) | F27: =IF(SUMIFS('BSE - SENSEX Index Options'!$K:$K,'BSE - SENSEX Index Options'!$D:$D,$A27)+SUMIFS('BSE - Other Index Options'!$K:$K,'BSE - Other Index Options'!$D:$D,$A27)=0,"",SUMIFS('BSE - SENSEX Index Options'!$K:$K,'BSE - SENSEX Index Options'!$D:$D,$A27)+SUMIFS('BSE - Other Index Options'!$K:$K,'BSE - Other Index Options'!$D:$D,$A27)) | G27: =IF(SUMIFS('BSE - SENSEX Index Options'!$L:$L,'BSE - SENSEX Index Options'!$D:$D,$A27)+SUMIFS('BSE - Other Index Options'!$L:$L,'BSE - Other Index Options'!$D:$D,$A27)=0,"",SUMIFS('BSE - SENSEX Index Options'!$L:$L,'BSE - SENSEX Index Options'!$D:$D,$A27)+SUMIFS('BSE - Other Index Options'!$L:$L,'BSE - Other Index Options'!$D:$D,$A27))
... A43: 46722 | B43: =IF(SUMIFS('NSE - NIFTY Index Options'!$J:$J,'NSE - NIFTY Index Options'!$D:$D,$A43)+SUMIFS('NSE - Other Index Options'!$J:$J,'NSE - Other Index Options'!$D:$D,$A43)=0,"",SUMIFS('NSE - NIFTY Index Options'!$J:$J,'NSE - NIFTY Index Options'!$D:$D,$A43)+SUMIFS('NSE - Other Index Options'!$J:$J,'NSE - Other Index Options'!$D:$D,$A43)) | C43: =IF(SUMIFS('NSE - NIFTY Index Options'!$K:$K,'NSE - NIFTY Index Options'!$D:$D,$A43)+SUMIFS('NSE - Other Index Options'!$K:$K,'NSE - Other Index Options'!$D:$D,$A43)=0,"",SUMIFS('NSE - NIFTY Index Options'!$K:$K,'NSE - NIFTY Index Options'!$D:$D,$A43)+SUMIFS('NSE - Other Index Options'!$K:$K,'NSE - Other Index Options'!$D:$D,$A43)) | D43: =IF(SUMIFS('NSE - NIFTY Index Options'!$L:$L,'NSE - NIFTY Index Options'!$D:$D,$A43)+SUMIFS('NSE - Other Index Options'!$L:$L,'NSE - Other Index Options'!$D:$D,$A43)=0,"",SUMIFS('NSE - NIFTY Index Options'!$L:$L,'NSE - NIFTY Index Options'!$D:$D,$A43)+SUMIFS('NSE - Other Index Options'!$L:$L,'NSE - Other Index Options'!$D:$D,$A43)) | E43: =IF(SUMIFS('BSE - SENSEX Index Options'!$J:$J,'BSE - SENSEX Index Options'!$D:$D,$A43)+SUMIFS('BSE - Other Index Options'!$J:$J,'BSE - Other Index Options'!$D:$D,$A43)=0,"",SUMIFS('BSE - SENSEX Index Options'!$J:$J,'BSE - SENSEX Index Options'!$D:$D,$A43)+SUMIFS('BSE - Other Index Options'!$J:$J,'BSE - Other Index Options'!$D:$D,$A43)) | F43: =IF(SUMIFS('BSE - SENSEX Index Options'!$K:$K,'BSE - SENSEX Index Options'!$D:$D,$A43)+SUMIFS('BSE - Other Index Options'!$K:$K,'BSE - Other Index Options'!$D:$D,$A43)=0,"",SUMIFS('BSE - SENSEX Index Options'!$K:$K,'BSE - SENSEX Index Options'!$D:$D,$A43)+SUMIFS('BSE - Other Index Options'!$K:$K,'BSE - Other Index Options'!$D:$D,$A43)) | G43: =IF(SUMIFS('BSE - SENSEX Index Options'!$L:$L,'BSE - SENSEX Index Options'!$D:$D,$A43)+SUMIFS('BSE - Other Index Options'!$L:$L,'BSE - Other Index Options'!$D:$D,$A43)=0,"",SUMIFS('BSE - SENSEX Index Options'!$L:$L,'BSE - SENSEX Index Options'!$D:$D,$A43)+SUMIFS('BSE - Other Index Options'!$L:$L,'BSE - Other Index Options'!$D:$D,$A43))
A44: Total | B44: =IF(SUM(B16:B43)=0,"",SUM(B16:B43)) -> 33428776414 | C44: =IF(SUM(C16:C43)=0,"",SUM(C16:C43)) -> 57135539 | D44: =IF(SUM(D16:D43)=0,"",SUM(D16:D43)) -> 118350.73 | E44: =IF(SUM(E16:E43)=0,"",SUM(E16:E43)) -> 30461114344 | F44: =IF(SUM(F16:F43)=0,"",SUM(F16:F43)) -> 48905972 | G44: =IF(SUM(G16:G43)=0,"",SUM(G16:G43)) -> 54363.712

Sheet Dataset Overview
A1: DATASET OVERVIEW — NSE & BSE Index Options, Expiry-wise Daily Premium Turnover
A2: Orientation page: what this dataset contains, how it is cut, and where to find each view. All figures below are live formulas.
A4: About the data
A5: Granularity: | B5: One row per Trade Date × Expiry Date per sheet; calls and puts combined. Columns: dates, day names, week/month labels, expiry classifications, Contracts, Notional & Premium Turnover.
A6: Coverage: | B6: INDEX OPTIONS ONLY (no stock options, no futures). NSE: NIFTY + other indices (BANKNIFTY, FINNIFTY, MIDCPNIFTY, NIFTYNXT50). BSE: SENSEX + other BSE indices.
A7: Period: | B7: 01-Sep-2025 onwards. NSE updated through: see Quality Check B9; BSE through: Quality Check B10. Includes special Sunday sessions and Muhurat trading.
A8: Units: | B8: Turnover in INR Bn (1 Bn = 100 crore). Raw exchange data arrives in INR lakh and is converted (÷10,000).
A9: Expiry calendar: | B9: NSE expiries fall on Tuesday (Monday when Tuesday is a holiday). BSE expiries fall on Thursday (Wednesday when shifted). NIFTY & SENSEX have weekly + monthly contracts; all other indices are monthly-only.
A10: Expiry Type: | B10: Monthly - <day> if the expiry date is in the last 7 days of its month (the month's final contract), else Weekly - <day>.
A11: Expiry Type 2: | B11: Same as Expiry Type, except a Monthly contract trading within 6 days of its own expiry becomes MDAW - <day> (Monthly acting As Weekly, i.e. the front contract of expiry week). MDAW applies only to NIFTY & SENSEX; other-index sheets keep Expiry Type as-is.
A13: Segment matrix — full period totals (live)
A14: Exchange | B14: Sheet | C14: Expiry Type 2 Cut | D14: Contracts | E14: Notional Turnover (INR Bn) | F14: Premium Turnover (INR Bn) | G14: % of Grand Premium
A15: NSE | B15: NIFTY Index Options | C15: Weekly | D15: =SUMIFS('NSE - NIFTY Index Options'!$J:$J,'NSE - NIFTY Index Options'!$H:$H,"Weekly*") -> 25123619614 | E15: =SUMIFS('NSE - NIFTY Index Options'!$K:$K,'NSE - NIFTY Index Options'!$H:$H,"Weekly*") -> 42707150 | F15: =SUMIFS('NSE - NIFTY Index Options'!$L:$L,'NSE - NIFTY Index Options'!$H:$H,"Weekly*") -> 80949.287 | G15: =IF($F$32=0,"",F15/$F$32) -> 0.4686886
A16: NSE | B16: NIFTY Index Options | C16: MDAW | D16: =SUMIFS('NSE - NIFTY Index Options'!$J:$J,'NSE - NIFTY Index Options'!$H:$H,"MDAW*") -> 5940511083 | E16: =SUMIFS('NSE - NIFTY Index Options'!$K:$K,'NSE - NIFTY Index Options'!$H:$H,"MDAW*") -> 10175975 | F16: =SUMIFS('NSE - NIFTY Index Options'!$L:$L,'NSE - NIFTY Index Options'!$H:$H,"MDAW*") -> 18875.127 | G16: =IF($F$32=0,"",F16/$F$32) -> 0.10928517
A17: NSE | B17: NIFTY Index Options | C17: Monthly | D17: =SUMIFS('NSE - NIFTY Index Options'!$J:$J,'NSE - NIFTY Index Options'!$H:$H,"Monthly*") -> 601353258 | E17: =SUMIFS('NSE - NIFTY Index Options'!$K:$K,'NSE - NIFTY Index Options'!$H:$H,"Monthly*") -> 1036899.6 | F17: =SUMIFS('NSE - NIFTY Index Options'!$L:$L,'NSE - NIFTY Index Options'!$H:$H,"Monthly*") -> 6974.0832 | G17: =IF($F$32=0,"",F17/$F$32) -> 0.040379272
A18: NSE | B18: NIFTY Index Options — Total | D18: =SUM(D15:D17) -> 31665483955 | E18: =SUM(E15:E17) -> 53920024 | F18: =SUM(F15:F17) -> 106798.5 | G18: =IF($F$32=0,"",F18/$F$32) -> 0.61835304
A19: NSE | B19: Other Index Options | C19: Weekly | D19: =SUMIFS('NSE - Other Index Options'!$J:$J,'NSE - Other Index Options'!$H:$H,"Weekly*") -> 0 | E19: =SUMIFS('NSE - Other Index Options'!$K:$K,'NSE - Other Index Options'!$H:$H,"Weekly*") -> 0 | F19: =SUMIFS('NSE - Other Index Options'!$L:$L,'NSE - Other Index Options'!$H:$H,"Weekly*") -> 0 | G19: =IF($F$32=0,"",F19/$F$32) -> 0
A20: NSE | B20: Other Index Options | C20: MDAW | D20: =SUMIFS('NSE - Other Index Options'!$J:$J,'NSE - Other Index Options'!$H:$H,"MDAW*") -> 0 | E20: =SUMIFS('NSE - Other Index Options'!$K:$K,'NSE - Other Index Options'!$H:$H,"MDAW*") -> 0 | F20: =SUMIFS('NSE - Other Index Options'!$L:$L,'NSE - Other Index Options'!$H:$H,"MDAW*") -> 0 | G20: =IF($F$32=0,"",F20/$F$32) -> 0
A21: NSE | B21: Other Index Options | C21: Monthly | D21: =SUMIFS('NSE - Other Index Options'!$J:$J,'NSE - Other Index Options'!$H:$H,"Monthly*") -> 1763292459 | E21: =SUMIFS('NSE - Other Index Options'!$K:$K,'NSE - Other Index Options'!$H:$H,"Monthly*") -> 3215514.4 | F21: =SUMIFS('NSE - Other Index Options'!$L:$L,'NSE - Other Index Options'!$H:$H,"Monthly*") -> 11552.228 | G21: =IF($F$32=0,"",F21/$F$32) -> 0.06688629
A22: NSE | B22: Other Index Options — Total | D22: =SUM(D19:D21) -> 1763292459 | E22: =SUM(E19:E21) -> 3215514.4 | F22: =SUM(F19:F21) -> 11552.228 | G22: =IF($F$32=0,"",F22/$F$32) -> 0.06688629
A23: BSE | B23: SENSEX Index Options | C23: Weekly | D23: =SUMIFS('BSE - SENSEX Index Options'!$J:$J,'BSE - SENSEX Index Options'!$H:$H,"Weekly*") -> 24566933353 | E23: =SUMIFS('BSE - SENSEX Index Options'!$K:$K,'BSE - SENSEX Index Options'!$H:$H,"Weekly*") -> 39416808 | F23: =SUMIFS('BSE - SENSEX Index Options'!$L:$L,'BSE - SENSEX Index Options'!$H:$H,"Weekly*") -> 43803.318 | G23: =IF($F$32=0,"",F23/$F$32) -> 0.253617
A24: BSE | B24: SENSEX Index Options | C24: MDAW | D24: =SUMIFS('BSE - SENSEX Index Options'!$J:$J,'BSE - SENSEX Index Options'!$H:$H,"MDAW*") -> 5793661425 | E24: =SUMIFS('BSE - SENSEX Index Options'!$K:$K,'BSE - SENSEX Index Options'!$H:$H,"MDAW*") -> 9303331.2 | F24: =SUMIFS('BSE - SENSEX Index Options'!$L:$L,'BSE - SENSEX Index Options'!$H:$H,"MDAW*") -> 10200.019 | G24: =IF($F$32=0,"",F24/$F$32) -> 0.059057128
A25: BSE | B25: SENSEX Index Options | C25: Monthly | D25: =SUMIFS('BSE - SENSEX Index Options'!$J:$J,'BSE - SENSEX Index Options'!$H:$H,"Monthly*") -> 30877741 | E25: =SUMIFS('BSE - SENSEX Index Options'!$K:$K,'BSE - SENSEX Index Options'!$H:$H,"Monthly*") -> 50540.097 | F25: =SUMIFS('BSE - SENSEX Index Options'!$L:$L,'BSE - SENSEX Index Options'!$H:$H,"Monthly*") -> 226.8724 | G25: =IF($F$32=0,"",F25/$F$32) -> 0.0013135694
A26: BSE | B26: SENSEX Index Options — Total | D26: =SUM(D23:D25) -> 30391472519 | E26: =SUM(E23:E25) -> 48770680 | F26: =SUM(F23:F25) -> 54230.209 | G26: =IF($F$32=0,"",F26/$F$32) -> 0.3139877
A27: BSE | B27: Other Index Options | C27: Weekly | D27: =SUMIFS('BSE - Other Index Options'!$J:$J,'BSE - Other Index Options'!$H:$H,"Weekly*") -> 0 | E27: =SUMIFS('BSE - Other Index Options'!$K:$K,'BSE - Other Index Options'!$H:$H,"Weekly*") -> 0 | F27: =SUMIFS('BSE - Other Index Options'!$L:$L,'BSE - Other Index Options'!$H:$H,"Weekly*") -> 0 | G27: =IF($F$32=0,"",F27/$F$32) -> 0
A28: BSE | B28: Other Index Options | C28: MDAW | D28: =SUMIFS('BSE - Other Index Options'!$J:$J,'BSE - Other Index Options'!$H:$H,"MDAW*") -> 0 | E28: =SUMIFS('BSE - Other Index Options'!$K:$K,'BSE - Other Index Options'!$H:$H,"MDAW*") -> 0 | F28: =SUMIFS('BSE - Other Index Options'!$L:$L,'BSE - Other Index Options'!$H:$H,"MDAW*") -> 0 | G28: =IF($F$32=0,"",F28/$F$32) -> 0
A29: BSE | B29: Other Index Options | C29: Monthly | D29: =SUMIFS('BSE - Other Index Options'!$J:$J,'BSE - Other Index Options'!$H:$H,"Monthly*") -> 69641825 | E29: =SUMIFS('BSE - Other Index Options'!$K:$K,'BSE - Other Index Options'!$H:$H,"Monthly*") -> 135291.91 | F29: =SUMIFS('BSE - Other Index Options'!$L:$L,'BSE - Other Index Options'!$H:$H,"Monthly*") -> 133.5026 | G29: =IF($F$32=0,"",F29/$F$32) -> 0.00077296723
A30: BSE | B30: Other Index Options — Total | D30: =SUM(D27:D29) -> 69641825 | E30: =SUM(E27:E29) -> 135291.91 | F30: =SUM(F27:F29) -> 133.5026 | G30: =IF($F$32=0,"",F30/$F$32) -> 0.00077296723
A32: GRAND TOTAL | D32: =D18+D22+D26+D30 -> 63889890758 | E32: =E18+E22+E26+E30 -> 1.0604151e+08 | F32: =F18+F22+F26+F30 -> 172714.44 | G32: =IF($F$32=0,"",F32/$F$32) -> 1
A35: Sheet guide
A36: Quality Check | B36: Data currency per sheet, NSE/BSE alignment flag, monthly totals, data sources.
A37: Analysis1 | B37: Monthly premium by trade day (6 tables, Mon-Fri + Sunday), NSE vs BSE + market share. All expiry types.
A38: Analysis2 | B38: Same as Analysis1 but weekly-expiry contracts only.
A39: Analysis3 | B39: Week-level premium by trade day: NSE / BSE premium & share matrices. All expiry types.
A40: Analysis4 | B40: Week-level matrices, Weekly + MDAW premium only.
A41: Analysis5 | B41: Week-level matrices, Monthly premium only.
A42: Analysis6 | B42: Overall monthly NSE vs BSE: three tables (All / Weekly+MDAW / Monthly).
A43: Analysis7 | B43: Overall monthly NSE vs BSE: four tables (All / Weekly / MDAW / Monthly) + composition of each cut as % of All (NSE, BSE, combined).
A44: Analysis8 | B44: Combined NSE+BSE week × day premium matrix + day-wise weekly composition + Mon+Tue / Wed+Thu / Fri grouping. All expiry types.
A45: Analysis9 | B45: Same as Analysis8 but Weekly + MDAW only.
A46: Overall Summary / NSE Summary / BSE Summary | B46: Himank's own pivot-based summary tabs (month-filtered day-wise views).
A47: 4 data sheets | B47: Raw aggregated data (12 columns) — one per exchange × underlying group; everything above is formula-driven from these.

Sheet Analysis1
A1: Premium Turnover Time Series by Trade Day — NSE vs BSE (Sep-2025 onwards, live — populates as master data is updated) | K1: Cuts / Scope
A2: Index options premium turnover (INR Bn) per month, one table per trade day (Mon-Fri + Sunday special sessions): NSE (NIFTY + other indices) vs BSE (SENSEX + other indices) with market share. ALL expiry types. Data: NSE & BSE contract-level archives, Sep-2025 onwards; live formulas — future months are blank and grouped (click + to expand). | K2: Index Options | L2: Yes
A3: Monday Trade Day | K3: Stock Options | L3: No
A4: Month | B4: NSE Premium Turnover (INR Bn) | C4: BSE Premium Turnover (INR Bn) | D4: NSE Market Share | E4: BSE Market Share | K4: Index Futures | L4: No
A5: 45901 | B5: =IF(SUMIFS('NSE - NIFTY Index Options'!$L:$L,'NSE - NIFTY Index Options'!$D:$D,$A5,'NSE - NIFTY Index Options'!$B:$B,"Monday")+SUMIFS('NSE - Other Index Options'!$L:$L,'NSE - Other Index Options'!$D:$D,$A5,'NSE - Other Index Options'!$B:$B,"Monday")=0,"",SUMIFS('NSE - NIFTY Index Options'!$L:$L,'NSE - NIFTY Index Options'!$D:$D,$A5,'NSE - NIFTY Index Options'!$B:$B,"Monday")+SUMIFS('NSE - Other Index Options'!$L:$L,'NSE - Other Index Options'!$D:$D,$A5,'NSE - Other Index Options'!$B:$B,"Monday")) -> 2182.4289 | C5: =IF(SUMIFS('BSE - SENSEX Index Options'!$L:$L,'BSE - SENSEX Index Options'!$D:$D,$A5,'BSE - SENSEX Index Options'!$B:$B,"Monday")+SUMIFS('BSE - Other Index Options'!$L:$L,'BSE - Other Index Options'!$D:$D,$A5,'BSE - Other Index Options'!$B:$B,"Monday")=0,"",SUMIFS('BSE - SENSEX Index Options'!$L:$L,'BSE - SENSEX Index Options'!$D:$D,$A5,'BSE - SENSEX Index Options'!$B:$B,"Monday")+SUMIFS('BSE - Other Index Options'!$L:$L,'BSE - Other Index Options'!$D:$D,$A5,'BSE - Other Index Options'!$B:$B,"Monday")) -> 405.9117 | D5: =IF(SUM(B5:C5)=0,"",SUM(B5)/SUM(B5:C5)) -> 0.84317686 | E5: =IF(SUM(B5:C5)=0,"",SUM(C5)/SUM(B5:C5)) -> 0.15682314 | K5: NSE | L5: Yes
A6: 45931 | B6: =IF(SUMIFS('NSE - NIFTY Index Options'!$L:$L,'NSE - NIFTY Index Options'!$D:$D,$A6,'NSE - NIFTY Index Options'!$B:$B,"Monday")+SUMIFS('NSE - Other Index Options'!$L:$L,'NSE - Other Index Options'!$D:$D,$A6,'NSE - Other Index Options'!$B:$B,"Monday")=0,"",SUMIFS('NSE - NIFTY Index Options'!$L:$L,'NSE - NIFTY Index Options'!$D:$D,$A6,'NSE - NIFTY Index Options'!$B:$B,"Monday")+SUMIFS('NSE - Other Index Options'!$L:$L,'NSE - Other Index Options'!$D:$D,$A6,'NSE - Other Index Options'!$B:$B,"Monday")) -> 2246.8502 | C6: =IF(SUMIFS('BSE - SENSEX Index Options'!$L:$L,'BSE - SENSEX Index Options'!$D:$D,$A6,'BSE - SENSEX Index Options'!$B:$B,"Monday")+SUMIFS('BSE - Other Index Options'!$L:$L,'BSE - Other Index Options'!$D:$D,$A6,'BSE - Other Index Options'!$B:$B,"Monday")=0,"",SUMIFS('BSE - SENSEX Index Options'!$L:$L,'BSE - SENSEX Index Options'!$D:$D,$A6,'BSE - SENSEX Index Options'!$B:$B,"Monday")+SUMIFS('BSE - Other Index Options'!$L:$L,'BSE - Other Index Options'!$D:$D,$A6,'BSE - Other Index Options'!$B:$B,"Monday")) -> 391.2667 | D6: =IF(SUM(B6:C6)=0,"",SUM(B6)/SUM(B6:C6)) -> 0.85168713 | E6: =IF(SUM(B6:C6)=0,"",SUM(C6)/SUM(B6:C6)) -> 0.14831287 | K6: BSE | L6: Yes
A7: 45962 | B7: =IF(SUMIFS('NSE - NIFTY Index Options'!$L:$L,'NSE - NIFTY Index Options'!$D:$D,$A7,'NSE - NIFTY Index Options'!$B:$B,"Monday")+SUMIFS('NSE - Other Index Options'!$L:$L,'NSE - Other Index Options'!$D:$D,$A7,'NSE - Other Index Options'!$B:$B,"Monday")=0,"",SUMIFS('NSE - NIFTY Index Options'!$L:$L,'NSE - NIFTY Index Options'!$D:$D,$A7,'NSE - NIFTY Index Options'!$B:$B,"Monday")+SUMIFS('NSE - Other Index Options'!$L:$L,'NSE - Other Index Options'!$D:$D,$A7,'NSE - Other Index Options'!$B:$B,"Monday")) -> 1968.3215 | C7: =IF(SUMIFS('BSE - SENSEX Index Options'!$L:$L,'BSE - SENSEX Index Options'!$D:$D,$A7,'BSE - SENSEX Index Options'!$B:$B,"Monday")+SUMIFS('BSE - Other Index Options'!$L:$L,'BSE - Other Index Options'!$D:$D,$A7,'BSE - Other Index Options'!$B:$B,"Monday")=0,"",SUMIFS('BSE - SENSEX Index Options'!$L:$L,'BSE - SENSEX Index Options'!$D:$D,$A7,'BSE - SENSEX Index Options'!$B:$B,"Monday")+SUMIFS('BSE - Other Index Options'!$L:$L,'BSE - Other Index Options'!$D:$D,$A7,'BSE - Other Index Options'!$B:$B,"Monday")) -> 347.4632 | D7: =IF(SUM(B7:C7)=0,"",SUM(B7)/SUM(B7:C7)) -> 0.84995876 | E7: =IF(SUM(B7:C7)=0,"",SUM(C7)/SUM(B7:C7)) -> 0.15004124 | K7: NIFTY Index | L7: Yes
A8: 45992 | B8: =IF(SUMIFS('NSE - NIFTY Index Options'!$L:$L,'NSE - NIFTY Index Options'!$D:$D,$A8,'NSE - NIFTY Index Options'!$B:$B,"Monday")+SUMIFS('NSE - Other Index Options'!$L:$L,'NSE - Other Index Options'!$D:$D,$A8,'NSE - Other Index Options'!$B:$B,"Monday")=0,"",SUMIFS('NSE - NIFTY Index Options'!$L:$L,'NSE - NIFTY Index Options'!$D:$D,$A8,'NSE - NIFTY Index Options'!$B:$B,"Monday")+SUMIFS('NSE - Other Index Options'!$L:$L,'NSE - Other Index Options'!$D:$D,$A8,'NSE - Other Index Options'!$B:$B,"Monday")) -> 2246.6209 | C8: =IF(SUMIFS('BSE - SENSEX Index Options'!$L:$L,'BSE - SENSEX Index Options'!$D:$D,$A8,'BSE - SENSEX Index Options'!$B:$B,"Monday")+SUMIFS('BSE - Other Index Options'!$L:$L,'BSE - Other Index Options'!$D:$D,$A8,'BSE - Other Index Options'!$B:$B,"Monday")=0,"",SUMIFS('BSE - SENSEX Index Options'!$L:$L,'BSE - SENSEX Index Options'!$D:$D,$A8,'BSE - SENSEX Index Options'!$B:$B,"Monday")+SUMIFS('BSE - Other Index Options'!$L:$L,'BSE - Other Index Options'!$D:$D,$A8,'BSE - Other Index Options'!$B:$B,"Monday")) -> 444.2045 | D8: =IF(SUM(B8:C8)=0,"",SUM(B8)/SUM(B8:C8)) -> 0.83491887 | E8: =IF(SUM(B8:C8)=0,"",SUM(C8)/SUM(B8:C8)) -> 0.16508113 | K8: Other NSE Indices | L8: Yes
A9: 46023 | B9: =IF(SUMIFS('NSE - NIFTY Index Options'!$L:$L,'NSE - NIFTY Index Options'!$D:$D,$A9,'NSE - NIFTY Index Options'!$B:$B,"Monday")+SUMIFS('NSE - Other Index Options'!$L:$L,'NSE - Other Index Options'!$D:$D,$A9,'NSE - Other Index Options'!$B:$B,"Monday")=0,"",SUMIFS('NSE - NIFTY Index Options'!$L:$L,'NSE - NIFTY Index Options'!$D:$D,$A9,'NSE - NIFTY Index Options'!$B:$B,"Monday")+SUMIFS('NSE - Other Index Options'!$L:$L,'NSE - Other Index Options'!$D:$D,$A9,'NSE - Other Index Options'!$B:$B,"Monday")) -> 1887.0359 | C9: =IF(SUMIFS('BSE - SENSEX Index Options'!$L:$L,'BSE - SENSEX Index Options'!$D:$D,$A9,'BSE - SENSEX Index Options'!$B:$B,"Monday")+SUMIFS('BSE - Other Index Options'!$L:$L,'BSE - Other Index Options'!$D:$D,$A9,'BSE - Other Index Options'!$B:$B,"Monday")=0,"",SUMIFS('BSE - SENSEX Index Options'!$L:$L,'BSE - SENSEX Index Options'!$D:$D,$A9,'BSE - SENSEX Index Options'!$B:$B,"Monday")+SUMIFS('BSE - Other Index Options'!$L:$L,'BSE - Other Index Options'!$D:$D,$A9,'BSE - Other Index Options'!$B:$B,"Monday")) -> 406.061 | D9: =IF(SUM(B9:C9)=0,"",SUM(B9)/SUM(B9:C9)) -> 0.82292026 | E9: =IF(SUM(B9:C9)=0,"",SUM(C9)/SUM(B9:C9)) -> 0.17707974 | K9: SENSEX Index | L9: Yes
A10: 46054 | B10: =IF(SUMIFS('NSE - NIFTY Index Options'!$L:$L,'NSE - NIFTY Index Options'!$D:$D,$A10,'NSE - NIFTY Index Options'!$B:$B,"Monday")+SUMIFS('NSE - Other Index Options'!$L:$L,'NSE - Other Index Options'!$D:$D,$A10,'NSE - Other Index Options'!$B:$B,"Monday")=0,"",SUMIFS('NSE - NIFTY Index Options'!$L:$L,'NSE - NIFTY Index Options'!$D:$D,$A10,'NSE - NIFTY Index Options'!$B:$B,"Monday")+SUMIFS('NSE - Other Index Options'!$L:$L,'NSE - Other Index Options'!$D:$D,$A10,'NSE - Other Index Options'!$B:$B,"Monday")) -> 2735.854 | C10: =IF(SUMIFS('BSE - SENSEX Index Options'!$L:$L,'BSE - SENSEX Index Options'!$D:$D,$A10,'BSE - SENSEX Index Options'!$B:$B,"Monday")+SUMIFS('BSE - Other Index Options'!$L:$L,'BSE - Other Index Options'!$D:$D,$A10,'BSE - Other Index Options'!$B:$B,"Monday")=0,"",SUMIFS('BSE - SENSEX Index Options'!$L:$L,'BSE - SENSEX Index Options'!$D:$D,$A10,'BSE - SENSEX Index Options'!$B:$B,"Monday")+SUMIFS('BSE - Other Index Options'!$L:$L,'BSE - Other Index Options'!$D:$D,$A10,'BSE - Other Index Options'!$B:$B,"Monday")) -> 495.3982 | D10: =IF(SUM(B10:C10)=0,"",SUM(B10)/SUM(B10:C10)) -> 0.84668538 | E10: =IF(SUM(B10:C10)=0,"",SUM(C10)/SUM(B10:C10)) -> 0.15331462 | K10: Other BSE Indices | L10: Yes
A11: 46082 | B11: =IF(SUMIFS('NSE - NIFTY Index Options'!$L:$L,'NSE - NIFTY Index Options'!$D:$D,$A11,'NSE - NIFTY Index Options'!$B:$B,"Monday")+SUMIFS('NSE - Other Index Options'!$L:$L,'NSE - Other Index Options'!$D:$D,$A11,'NSE - Other Index Options'!$B:$B,"Monday")=0,"",SUMIFS('NSE - NIFTY Index Options'!$L:$L,'NSE - NIFTY Index Options'!$D:$D,$A11,'NSE - NIFTY Index Options'!$B:$B,"Monday")+SUMIFS('NSE - Other Index Options'!$L:$L,'NSE - Other Index Options'!$D:$D,$A11,'NSE - Other Index Options'!$B:$B,"Monday")) -> 5503.2387 | C11: =IF(SUMIFS('BSE - SENSEX Index Options'!$L:$L,'BSE - SENSEX Index Options'!$D:$D,$A11,'BSE - SENSEX Index Options'!$B:$B,"Monday")+SUMIFS('BSE - Other Index Options'!$L:$L,'BSE - Other Index Options'!$D:$D,$A11,'BSE - Other Index Options'!$B:$B,"Monday")=0,"",SUMIFS('BSE - SENSEX Index Options'!$L:$L,'BSE - SENSEX Index Options'!$D:$D,$A11,'BSE - SENSEX Index Options'!$B:$B,"Monday")+SUMIFS('BSE - Other Index Options'!$L:$L,'BSE - Other Index Options'!$D:$D,$A11,'BSE - Other Index Options'!$B:$B,"Monday")) -> 807.4614 | D11: =IF(SUM(B11:C11)=0,"",SUM(B11)/SUM(B11:C11)) -> 0.87204884 | E11: =IF(SUM(B11:C11)=0,"",SUM(C11)/SUM(B11:C11)) -> 0.12795116 | K11: Expiry Type 2 - Weekly | L11: Yes
A12: 46113 | B12: =IF(SUMIFS('NSE - NIFTY Index Options'!$L:$L,'NSE - NIFTY Index Options'!$D:$D,$A12,'NSE - NIFTY Index Options'!$B:$B,"Monday")+SUMIFS('NSE - Other Index Options'!$L:$L,'NSE - Other Index Options'!$D:$D,$A12,'NSE - Other Index Options'!$B:$B,"Monday")=0,"",SUMIFS('NSE - NIFTY Index Options'!$L:$L,'NSE - NIFTY Index Options'!$D:$D,$A12,'NSE - NIFTY Index Options'!$B:$B,"Monday")+SUMIFS('NSE - Other Index Options'!$L:$L,'NSE - Other Index Options'!$D:$D,$A12,'NSE - Other Index Options'!$B:$B,"Monday")) -> 3009.4779 | C12: =IF(SUMIFS('BSE - SENSEX Index Options'!$L:$L,'BSE - SENSEX Index Options'!$D:$D,$A12,'BSE - SENSEX Index Options'!$B:$B,"Monday")+SUMIFS('BSE - Other Index Options'!$L:$L,'BSE - Other Index Options'!$D:$D,$A12,'BSE - Other Index Options'!$B:$B,"Monday")=0,"",SUMIFS('BSE - SENSEX Index Options'!$L:$L,'BSE - SENSEX Index Options'!$D:$D,$A12,'BSE - SENSEX Index Options'!$B:$B,"Monday")+SUMIFS('BSE - Other Index Options'!$L:$L,'BSE - Other Index Options'!$D:$D,$A12,'BSE - Other Index Options'!$B:$B,"Monday")) -> 490.4214 | D12: =IF(SUM(B12:C12)=0,"",SUM(B12)/SUM(B12:C12)) -> 0.85987557 | E12: =IF(SUM(B12:C12)=0,"",SUM(C12)/SUM(B12:C12)) -> 0.14012443 | K12: Expiry Type 2 - MDAW | L12: Yes
A13: 46143 | B13: =IF(SUMIFS('NSE - NIFTY Index Options'!$L:$L,'NSE - NIFTY Index Options'!$D:$D,$A13,'NSE - NIFTY Index Options'!$B:$B,"Monday")+SUMIFS('NSE - Other Index Options'!$L:$L,'NSE - Other Index Options'!$D:$D,$A13,'NSE - Other Index Options'!$B:$B,"Monday")=0,"",SUMIFS('NSE - NIFTY Index Options'!$L:$L,'NSE - NIFTY Index Options'!$D:$D,$A13,'NSE - NIFTY Index Options'!$B:$B,"Monday")+SUMIFS('NSE - Other Index Options'!$L:$L,'NSE - Other Index Options'!$D:$D,$A13,'NSE - Other Index Options'!$B:$B,"Monday")) -> 2759.5683 | C13: =IF(SUMIFS('BSE - SENSEX Index Options'!$L:$L,'BSE - SENSEX Index Options'!$D:$D,$A13,'BSE - SENSEX Index Options'!$B:$B,"Monday")+SUMIFS('BSE - Other Index Options'!$L:$L,'BSE - Other Index Options'!$D:$D,$A13,'BSE - Other Index Options'!$B:$B,"Monday")=0,"",SUMIFS('BSE - SENSEX Index Options'!$L:$L,'BSE - SENSEX Index Options'!$D:$D,$A13,'BSE - SENSEX Index Options'!$B:$B,"Monday")+SUMIFS('BSE - Other Index Options'!$L:$L,'BSE - Other Index Options'!$D:$D,$A13,'BSE - Other Index Options'!$B:$B,"Monday")) -> 518.2124 | D13: =IF(SUM(B13:C13)=0,"",SUM(B13)/SUM(B13:C13)) -> 0.84190144 | E13: =IF(SUM(B13:C13)=0,"",SUM(C13)/SUM(B13:C13)) -> 0.15809856 | K13: Expiry Type 2 - Monthly | L13: Yes
A14: 46174 | B14: =IF(SUMIFS('NSE - NIFTY Index Options'!$L:$L,'NSE - NIFTY Index Options'!$D:$D,$A14,'NSE - NIFTY Index Options'!$B:$B,"Monday")+SUMIFS('NSE - Other Index Options'!$L:$L,'NSE - Other Index Options'!$D:$D,$A14,'NSE - Other Index Options'!$B:$B,"Monday")=0,"",SUMIFS('NSE - NIFTY Index Options'!$L:$L,'NSE - NIFTY Index Options'!$D:$D,$A14,'NSE - NIFTY Index Options'!$B:$B,"Monday")+SUMIFS('NSE - Other Index Options'!$L:$L,'NSE - Other Index Options'!$D:$D,$A14,'NSE - Other Index Options'!$B:$B,"Monday")) -> 2921.816 | C14: =IF(SUMIFS('BSE - SENSEX Index Options'!$L:$L,'BSE - SENSEX Index Options'!$D:$D,$A14,'BSE - SENSEX Index Options'!$B:$B,"Monday")+SUMIFS('BSE - Other Index Options'!$L:$L,'BSE - Other Index Options'!$D:$D,$A14,'BSE - Other Index Options'!$B:$B,"Monday")=0,"",SUMIFS('BSE - SENSEX Index Options'!$L:$L,'BSE - SENSEX Index Options'!$D:$D,$A14,'BSE - SENSEX Index Options'!$B:$B,"Monday")+SUMIFS('BSE - Other Index Options'!$L:$L,'BSE - Other Index Options'!$D:$D,$A14,'BSE - Other Index Options'!$B:$B,"Monday")) -> 524.7205 | D14: =IF(SUM(B14:C14)=0,"",SUM(B14)/SUM(B14:C14)) -> 0.84775426 | E14: =IF(SUM(B14:C14)=0,"",SUM(C14)/SUM(B14:C14)) -> 0.15224574
A15: 46204 | B15: =IF(SUMIFS('NSE - NIFTY Index Options'!$L:$L,'NSE - NIFTY Index Options'!$D:$D,$A15,'NSE - NIFTY Index Options'!$B:$B,"Monday")+SUMIFS('NSE - Other Index Options'!$L:$L,'NSE - Other Index Options'!$D:$D,$A15,'NSE - Other Index Options'!$B:$B,"Monday")=0,"",SUMIFS('NSE - NIFTY Index Options'!$L:$L,'NSE - NIFTY Index Options'!$D:$D,$A15,'NSE - NIFTY Index Options'!$B:$B,"Monday")+SUMIFS('NSE - Other Index Options'!$L:$L,'NSE - Other Index Options'!$D:$D,$A15,'NSE - Other Index Options'!$B:$B,"Monday")) -> 985.6022 | C15: =IF(SUMIFS('BSE - SENSEX Index Options'!$L:$L,'BSE - SENSEX Index Options'!$D:$D,$A15,'BSE - SENSEX Index Options'!$B:$B,"Monday")+SUMIFS('BSE - Other Index Options'!$L:$L,'BSE - Other Index Options'!$D:$D,$A15,'BSE - Other Index Options'!$B:$B,"Monday")=0,"",SUMIFS('BSE - SENSEX Index Options'!$L:$L,'BSE - SENSEX Index Options'!$D:$D,$A15,'BSE - SENSEX Index Options'!$B:$B,"Monday")+SUMIFS('BSE - Other Index Options'!$L:$L,'BSE - Other Index Options'!$D:$D,$A15,'BSE - Other Index Options'!$B:$B,"Monday")) -> 223.3558 | D15: =IF(SUM(B15:C15)=0,"",SUM(B15)/SUM(B15:C15)) -> 0.81524933 | E15: =IF(SUM(B15:C15)=0,"",SUM(C15)/SUM(B15:C15)) -> 0.18475067
A16: 46235 | B16: =IF(SUMIFS('NSE - NIFTY Index Options'!$L:$L,'NSE - NIFTY Index Options'!$D:$D,$A16,'NSE - NIFTY Index Options'!$B:$B,"Monday")+SUMIFS('NSE - Other Index Options'!$L:$L,'NSE - Other Index Options'!$D:$D,$A16,'NSE - Other Index Options'!$B:$B,"Monday")=0,"",SUMIFS('NSE - NIFTY Index Options'!$L:$L,'NSE - NIFTY Index Options'!$D:$D,$A16,'NSE - NIFTY Index Options'!$B:$B,"Monday")+SUMIFS('NSE - Other Index Options'!$L:$L,'NSE - Other Index Options'!$D:$D,$A16,'NSE - Other Index Options'!$B:$B,"Monday")) | C16: =IF(SUMIFS('BSE - SENSEX Index Options'!$L:$L,'BSE - SENSEX Index Options'!$D:$D,$A16,'BSE - SENSEX Index Options'!$B:$B,"Monday")+SUMIFS('BSE - Other Index Options'!$L:$L,'BSE - Other Index Options'!$D:$D,$A16,'BSE - Other Index Options'!$B:$B,"Monday")=0,"",SUMIFS('BSE - SENSEX Index Options'!$L:$L,'BSE - SENSEX Index Options'!$D:$D,$A16,'BSE - SENSEX Index Options'!$B:$B,"Monday")+SUMIFS('BSE - Other Index Options'!$L:$L,'BSE - Other Index Options'!$D:$D,$A16,'BSE - Other Index Options'!$B:$B,"Monday")) | D16: =IF(SUM(B16:C16)=0,"",SUM(B16)/SUM(B16:C16)) | E16: =IF(SUM(B16:C16)=0,"",SUM(C16)/SUM(B16:C16))
A17: 46266 | B17: =IF(SUMIFS('NSE - NIFTY Index Options'!$L:$L,'NSE - NIFTY Index Options'!$D:$D,$A17,'NSE - NIFTY Index Options'!$B:$B,"Monday")+SUMIFS('NSE - Other Index Options'!$L:$L,'NSE - Other Index Options'!$D:$D,$A17,'NSE - Other Index Options'!$B:$B,"Monday")=0,"",SUMIFS('NSE - NIFTY Index Options'!$L:$L,'NSE - NIFTY Index Options'!$D:$D,$A17,'NSE - NIFTY Index Options'!$B:$B,"Monday")+SUMIFS('NSE - Other Index Options'!$L:$L,'NSE - Other Index Options'!$D:$D,$A17,'NSE - Other Index Options'!$B:$B,"Monday")) | C17: =IF(SUMIFS('BSE - SENSEX Index Options'!$L:$L,'BSE - SENSEX Index Options'!$D:$D,$A17,'BSE - SENSEX Index Options'!$B:$B,"Monday")+SUMIFS('BSE - Other Index Options'!$L:$L,'BSE - Other Index Options'!$D:$D,$A17,'BSE - Other Index Options'!$B:$B,"Monday")=0,"",SUMIFS('BSE - SENSEX Index Options'!$L:$L,'BSE - SENSEX Index Options'!$D:$D,$A17,'BSE - SENSEX Index Options'!$B:$B,"Monday")+SUMIFS('BSE - Other Index Options'!$L:$L,'BSE - Other Index Options'!$D:$D,$A17,'BSE - Other Index Options'!$B:$B,"Monday")) | D17: =IF(SUM(B17:C17)=0,"",SUM(B17)/SUM(B17:C17)) | E17: =IF(SUM(B17:C17)=0,"",SUM(C17)/SUM(B17:C17))
A18: 46296 | B18: =IF(SUMIFS('NSE - NIFTY Index Options'!$L:$L,'NSE - NIFTY Index Options'!$D:$D,$A18,'NSE - NIFTY Index Options'!$B:$B,"Monday")+SUMIFS('NSE - Other Index Options'!$L:$L,'NSE - Other Index Options'!$D:$D,$A18,'NSE - Other Index Options'!$B:$B,"Monday")=0,"",SUMIFS('NSE - NIFTY Index Options'!$L:$L,'NSE - NIFTY Index Options'!$D:$D,$A18,'NSE - NIFTY Index Options'!$B:$B,"Monday")+SUMIFS('NSE - Other Index Options'!$L:$L,'NSE - Other Index Options'!$D:$D,$A18,'NSE - Other Index Options'!$B:$B,"Monday")) | C18: =IF(SUMIFS('BSE - SENSEX Index Options'!$L:$L,'BSE - SENSEX Index Options'!$D:$D,$A18,'BSE - SENSEX Index Options'!$B:$B,"Monday")+SUMIFS('BSE - Other Index Options'!$L:$L,'BSE - Other Index Options'!$D:$D,$A18,'BSE - Other Index Options'!$B:$B,"Monday")=0,"",SUMIFS('BSE - SENSEX Index Options'!$L:$L,'BSE - SENSEX Index Options'!$D:$D,$A18,'BSE - SENSEX Index Options'!$B:$B,"Monday")+SUMIFS('BSE - Other Index Options'!$L:$L,'BSE - Other Index Options'!$D:$D,$A18,'BSE - Other Index Options'!$B:$B,"Monday")) | D18: =IF(SUM(B18:C18)=0,"",SUM(B18)/SUM(B18:C18)) | E18: =IF(SUM(B18:C18)=0,"",SUM(C18)/SUM(B18:C18))
A19: 46327 | B19: =IF(SUMIFS('NSE - NIFTY Index Options'!$L:$L,'NSE - NIFTY Index Options'!$D:$D,$A19,'NSE - NIFTY Index Options'!$B:$B,"Monday")+SUMIFS('NSE - Other Index Options'!$L:$L,'NSE - Other Index Options'!$D:$D,$A19,'NSE - Other Index Options'!$B:$B,"Monday")=0,"",SUMIFS('NSE - NIFTY Index Options'!$L:$L,'NSE - NIFTY Index Options'!$D:$D,$A19,'NSE - NIFTY Index Options'!$B:$B,"Monday")+SUMIFS('NSE - Other Index Options'!$L:$L,'NSE - Other Index Options'!$D:$D,$A19,'NSE - Other Index Options'!$B:$B,"Monday")) | C19: =IF(SUMIFS('BSE - SENSEX Index Options'!$L:$L,'BSE - SENSEX Index Options'!$D:$D,$A19,'BSE - SENSEX Index Options'!$B:$B,"Monday")+SUMIFS('BSE - Other Index Options'!$L:$L,'BSE - Other Index Options'!$D:$D,$A19,'BSE - Other Index Options'!$B:$B,"Monday")=0,"",SUMIFS('BSE - SENSEX Index Options'!$L:$L,'BSE - SENSEX Index Options'!$D:$D,$A19,'BSE - SENSEX Index Options'!$B:$B,"Monday")+SUMIFS('BSE - Other Index Options'!$L:$L,'BSE - Other Index Options'!$D:$D,$A19,'BSE - Other Index Options'!$B:$B,"Monday")) | D19: =IF(SUM(B19:C19)=0,"",SUM(B19)/SUM(B19:C19)) | E19: =IF(SUM(B19:C19)=0,"",SUM(C19)/SUM(B19:C19))
A20: 46357 | B20: =IF(SUMIFS('NSE - NIFTY Index Options'!$L:$L,'NSE - NIFTY Index Options'!$D:$D,$A20,'NSE - NIFTY Index Options'!$B:$B,"Monday")+SUMIFS('NSE - Other Index Options'!$L:$L,'NSE - Other Index Options'!$D:$D,$A20,'NSE - Other Index Options'!$B:$B,"Monday")=0,"",SUMIFS('NSE - NIFTY Index Options'!$L:$L,'NSE - NIFTY Index Options'!$D:$D,$A20,'NSE - NIFTY Index Options'!$B:$B,"Monday")+SUMIFS('NSE - Other Index Options'!$L:$L,'NSE - Other Index Options'!$D:$D,$A20,'NSE - Other Index Options'!$B:$B,"Monday")) | C20: =IF(SUMIFS('BSE - SENSEX Index Options'!$L:$L,'BSE - SENSEX Index Options'!$D:$D,$A20,'BSE - SENSEX Index Options'!$B:$B,"Monday")+SUMIFS('BSE - Other Index Options'!$L:$L,'BSE - Other Index Options'!$D:$D,$A20,'BSE - Other Index Options'!$B:$B,"Monday")=0,"",SUMIFS('BSE - SENSEX Index Options'!$L:$L,'BSE - SENSEX Index Options'!$D:$D,$A20,'BSE - SENSEX Index Options'!$B:$B,"Monday")+SUMIFS('BSE - Other Index Options'!$L:$L,'BSE - Other Index Options'!$D:$D,$A20,'BSE - Other Index Options'!$B:$B,"Monday")) | D20: =IF(SUM(B20:C20)=0,"",SUM(B20)/SUM(B20:C20)) | E20: =IF(SUM(B20:C20)=0,"",SUM(C20)/SUM(B20:C20))
A21: 46388 | B21: =IF(SUMIFS('NSE - NIFTY Index Options'!$L:$L,'NSE - NIFTY Index Options'!$D:$D,$A21,'NSE - NIFTY Index Options'!$B:$B,"Monday")+SUMIFS('NSE - Other Index Options'!$L:$L,'NSE - Other Index Options'!$D:$D,$A21,'NSE - Other Index Options'!$B:$B,"Monday")=0,"",SUMIFS('NSE - NIFTY Index Options'!$L:$L,'NSE - NIFTY Index Options'!$D:$D,$A21,'NSE - NIFTY Index Options'!$B:$B,"Monday")+SUMIFS('NSE - Other Index Options'!$L:$L,'NSE - Other Index Options'!$D:$D,$A21,'NSE - Other Index Options'!$B:$B,"Monday")) | C21: =IF(SUMIFS('BSE - SENSEX Index Options'!$L:$L,'BSE - SENSEX Index Options'!$D:$D,$A21,'BSE - SENSEX Index Options'!$B:$B,"Monday")+SUMIFS('BSE - Other Index Options'!$L:$L,'BSE - Other Index Options'!$D:$D,$A21,'BSE - Other Index Options'!$B:$B,"Monday")=0,"",SUMIFS('BSE - SENSEX Index Options'!$L:$L,'BSE - SENSEX Index Options'!$D:$D,$A21,'BSE - SENSEX Index Options'!$B:$B,"Monday")+SUMIFS('BSE - Other Index Options'!$L:$L,'BSE - Other Index Options'!$D:$D,$A21,'BSE - Other Index Options'!$B:$B,"Monday")) | D21: =IF(SUM(B21:C21)=0,"",SUM(B21)/SUM(B21:C21)) | E21: =IF(SUM(B21:C21)=0,"",SUM(C21)/SUM(B21:C21))
A22: 46419 | B22: =IF(SUMIFS('NSE - NIFTY Index Options'!$L:$L,'NSE - NIFTY Index Options'!$D:$D,$A22,'NSE - NIFTY Index Options'!$B:$B,"Monday")+SUMIFS('NSE - Other Index Options'!$L:$L,'NSE - Other Index Options'!$D:$D,$A22,'NSE - Other Index Options'!$B:$B,"Monday")=0,"",SUMIFS('NSE - NIFTY Index Options'!$L:$L,'NSE - NIFTY Index Options'!$D:$D,$A22,'NSE - NIFTY Index Options'!$B:$B,"Monday")+SUMIFS('NSE - Other Index Options'!$L:$L,'NSE - Other Index Options'!$D:$D,$A22,'NSE - Other Index Options'!$B:$B,"Monday")) | C22: =IF(SUMIFS('BSE - SENSEX Index Options'!$L:$L,'BSE - SENSEX Index Options'!$D:$D,$A22,'BSE - SENSEX Index Options'!$B:$B,"Monday")+SUMIFS('BSE - Other Index Options'!$L:$L,'BSE - Other Index Options'!$D:$D,$A22,'BSE - Other Index Options'!$B:$B,"Monday")=0,"",SUMIFS('BSE - SENSEX Index Options'!$L:$L,'BSE - SENSEX Index Options'!$D:$D,$A22,'BSE - SENSEX Index Options'!$B:$B,"Monday")+SUMIFS('BSE - Other Index Options'!$L:$L,'BSE - Other Index Options'!$D:$D,$A22,'BSE - Other Index Options'!$B:$B,"Monday")) | D22: =IF(SUM(B22:C22)=0,"",SUM(B22)/SUM(B22:C22)) | E22: =IF(SUM(B22:C22)=0,"",SUM(C22)/SUM(B22:C22))
A23: 46447 | B23: =IF(SUMIFS('NSE - NIFTY Index Options'!$L:$L,'NSE - NIFTY Index Options'!$D:$D,$A23,'NSE - NIFTY Index Options'!$B:$B,"Monday")+SUMIFS('NSE - Other Index Options'!$L:$L,'NSE - Other Index Options'!$D:$D,$A23,'NSE - Other Index Options'!$B:$B,"Monday")=0,"",SUMIFS('NSE - NIFTY Index Options'!$L:$L,'NSE - NIFTY Index Options'!$D:$D,$A23,'NSE - NIFTY Index Options'!$B:$B,"Monday")+SUMIFS('NSE - Other Index Options'!$L:$L,'NSE - Other Index Options'!$D:$D,$A23,'NSE - Other Index Options'!$B:$B,"Monday")) | C23: =IF(SUMIFS('BSE - SENSEX Index Options'!$L:$L,'BSE - SENSEX Index Options'!$D:$D,$A23,'BSE - SENSEX Index Options'!$B:$B,"Monday")+SUMIFS('BSE - Other Index Options'!$L:$L,'BSE - Other Index Options'!$D:$D,$A23,'BSE - Other Index Options'!$B:$B,"Monday")=0,"",SUMIFS('BSE - SENSEX Index Options'!$L:$L,'BSE - SENSEX Index Options'!$D:$D,$A23,'BSE - SENSEX Index Options'!$B:$B,"Monday")+SUMIFS('BSE - Other Index Options'!$L:$L,'BSE - Other Index Options'!$D:$D,$A23,'BSE - Other Index Options'!$B:$B,"Monday")) | D23: =IF(SUM(B23:C23)=0,"",SUM(B23)/SUM(B23:C23)) | E23: =IF(SUM(B23:C23)=0,"",SUM(C23)/SUM(B23:C23))
A24: 46478 | B24: =IF(SUMIFS('NSE - NIFTY Index Options'!$L:$L,'NSE - NIFTY Index Options'!$D:$D,$A24,'NSE - NIFTY Index Options'!$B:$B,"Monday")+SUMIFS('NSE - Other Index Options'!$L:$L,'NSE - Other Index Options'!$D:$D,$A24,'NSE - Other Index Options'!$B:$B,"Monday")=0,"",SUMIFS('NSE - NIFTY Index Options'!$L:$L,'NSE - NIFTY Index Options'!$D:$D,$A24,'NSE - NIFTY Index Options'!$B:$B,"Monday")+SUMIFS('NSE - Other Index Options'!$L:$L,'NSE - Other Index Options'!$D:$D,$A24,'NSE - Other Index Options'!$B:$B,"Monday")) | C24: =IF(SUMIFS('BSE - SENSEX Index Options'!$L:$L,'BSE - SENSEX Index Options'!$D:$D,$A24,'BSE - SENSEX Index Options'!$B:$B,"Monday")+SUMIFS('BSE - Other Index Options'!$L:$L,'BSE - Other Index Options'!$D:$D,$A24,'BSE - Other Index Options'!$B:$B,"Monday")=0,"",SUMIFS('BSE - SENSEX Index Options'!$L:$L,'BSE - SENSEX Index Options'!$D:$D,$A24,'BSE - SENSEX Index Options'!$B:$B,"Monday")+SUMIFS('BSE - Other Index Options'!$L:$L,'BSE - Other Index Options'!$D:$D,$A24,'BSE - Other Index Options'!$B:$B,"Monday")) | D24: =IF(SUM(B24:C24)=0,"",SUM(B24)/SUM(B24:C24)) | E24: =IF(SUM(B24:C24)=0,"",SUM(C24)/SUM(B24:C24))
A25: 46508 | B25: =IF(SUMIFS('NSE - NIFTY Index Options'!$L:$L,'NSE - NIFTY Index Options'!$D:$D,$A25,'NSE - NIFTY Index Options'!$B:$B,"Monday")+SUMIFS('NSE - Other Index Options'!$L:$L,'NSE - Other Index Options'!$D:$D,$A25,'NSE - Other Index Options'!$B:$B,"Monday")=0,"",SUMIFS('NSE - NIFTY Index Options'!$L:$L,'NSE - NIFTY Index Options'!$D:$D,$A25,'NSE - NIFTY Index Options'!$B:$B,"Monday")+SUMIFS('NSE - Other Index Options'!$L:$L,'NSE - Other Index Options'!$D:$D,$A25,'NSE - Other Index Options'!$B:$B,"Monday")) | C25: =IF(SUMIFS('BSE - SENSEX Index Options'!$L:$L,'BSE - SENSEX Index Options'!$D:$D,$A25,'BSE - SENSEX Index Options'!$B:$B,"Monday")+SUMIFS('BSE - Other Index Options'!$L:$L,'BSE - Other Index Options'!$D:$D,$A25,'BSE - Other Index Options'!$B:$B,"Monday")=0,"",SUMIFS('BSE - SENSEX Index Options'!$L:$L,'BSE - SENSEX Index Options'!$D:$D,$A25,'BSE - SENSEX Index Options'!$B:$B,"Monday")+SUMIFS('BSE - Other Index Options'!$L:$L,'BSE - Other Index Options'!$D:$D,$A25,'BSE - Other Index Options'!$B:$B,"Monday")) | D25: =IF(SUM(B25:C25)=0,"",SUM(B25)/SUM(B25:C25)) | E25: =IF(SUM(B25:C25)=0,"",SUM(C25)/SUM(B25:C25))
... A32: 46722 | B32: =IF(SUMIFS('NSE - NIFTY Index Options'!$L:$L,'NSE - NIFTY Index Options'!$D:$D,$A32,'NSE - NIFTY Index Options'!$B:$B,"Monday")+SUMIFS('NSE - Other Index Options'!$L:$L,'NSE - Other Index Options'!$D:$D,$A32,'NSE - Other Index Options'!$B:$B,"Monday")=0,"",SUMIFS('NSE - NIFTY Index Options'!$L:$L,'NSE - NIFTY Index Options'!$D:$D,$A32,'NSE - NIFTY Index Options'!$B:$B,"Monday")+SUMIFS('NSE - Other Index Options'!$L:$L,'NSE - Other Index Options'!$D:$D,$A32,'NSE - Other Index Options'!$B:$B,"Monday")) | C32: =IF(SUMIFS('BSE - SENSEX Index Options'!$L:$L,'BSE - SENSEX Index Options'!$D:$D,$A32,'BSE - SENSEX Index Options'!$B:$B,"Monday")+SUMIFS('BSE - Other Index Options'!$L:$L,'BSE - Other Index Options'!$D:$D,$A32,'BSE - Other Index Options'!$B:$B,"Monday")=0,"",SUMIFS('BSE - SENSEX Index Options'!$L:$L,'BSE - SENSEX Index Options'!$D:$D,$A32,'BSE - SENSEX Index Options'!$B:$B,"Monday")+SUMIFS('BSE - Other Index Options'!$L:$L,'BSE - Other Index Options'!$D:$D,$A32,'BSE - Other Index Options'!$B:$B,"Monday")) | D32: =IF(SUM(B32:C32)=0,"",SUM(B32)/SUM(B32:C32)) | E32: =IF(SUM(B32:C32)=0,"",SUM(C32)/SUM(B32:C32))
A33: Total | B33: =IF(SUM(B5:B32)=0,"",SUM(B5:B32)) -> 28446.815 | C33: =IF(SUM(C5:C32)=0,"",SUM(C5:C32)) -> 5054.4768 | D33: =IF(SUM(B33:C33)=0,"",SUM(B33)/SUM(B33:C33)) -> 0.84912591 | E33: =IF(SUM(B33:C33)=0,"",SUM(C33)/SUM(B33:C33)) -> 0.15087409
A35: Tuesday Trade Day
A36: Month | B36: NSE Premium Turnover (INR Bn) | C36: BSE Premium Turnover (INR Bn) | D36: NSE Market Share | E36: BSE Market Share
A37: 45901 | B37: =IF(SUMIFS('NSE - NIFTY Index Options'!$L:$L,'NSE - NIFTY Index Options'!$D:$D,$A37,'NSE - NIFTY Index Options'!$B:$B,"Tuesday")+SUMIFS('NSE - Other Index Options'!$L:$L,'NSE - Other Index Options'!$D:$D,$A37,'NSE - Other Index Options'!$B:$B,"Tuesday")=0,"",SUMIFS('NSE - NIFTY Index Options'!$L:$L,'NSE - NIFTY Index Options'!$D:$D,$A37,'NSE - NIFTY Index Options'!$B:$B,"Tuesday")+SUMIFS('NSE - Other Index Options'!$L:$L,'NSE - Other Index Options'!$D:$D,$A37,'NSE - Other Index Options'!$B:$B,"Tuesday")) -> 2952.4449 | C37: =IF(SUMIFS('BSE - SENSEX Index Options'!$L:$L,'BSE - SENSEX Index Options'!$D:$D,$A37,'BSE - SENSEX Index Options'!$B:$B,"Tuesday")+SUMIFS('BSE - Other Index Options'!$L:$L,'BSE - Other Index Options'!$D:$D,$A37,'BSE - Other Index Options'!$B:$B,"Tuesday")=0,"",SUMIFS('BSE - SENSEX Index Options'!$L:$L,'BSE - SENSEX Index Options'!$D:$D,$A37,'BSE - SENSEX Index Options'!$B:$B,"Tuesday")+SUMIFS('BSE - Other Index Options'!$L:$L,'BSE - Other Index Options'!$D:$D,$A37,'BSE - Other Index Options'!$B:$B,"Tuesday")) -> 414.7237 | D37: =IF(SUM(B37:C37)=0,"",SUM(B37)/SUM(B37:C37)) -> 0.87683311 | E37: =IF(SUM(B37:C37)=0,"",SUM(C37)/SUM(B37:C37)) -> 0.12316689
A38: 45931 | B38: =IF(SUMIFS('NSE - NIFTY Index Options'!$L:$L,'NSE - NIFTY Index Options'!$D:$D,$A38,'NSE - NIFTY Index Options'!$B:$B,"Tuesday")+SUMIFS('NSE - Other Index Options'!$L:$L,'NSE - Other Index Options'!$D:$D,$A38,'NSE - Other Index Options'!$B:$B,"Tuesday")=0,"",SUMIFS('NSE - NIFTY Index Options'!$L:$L,'NSE - NIFTY Index Options'!$D:$D,$A38,'NSE - NIFTY Index Options'!$B:$B,"Tuesday")+SUMIFS('NSE - Other Index Options'!$L:$L,'NSE - Other Index Options'!$D:$D,$A38,'NSE - Other Index Options'!$B:$B,"Tuesday")) -> 2352.7376 | C38: =IF(SUMIFS('BSE - SENSEX Index Options'!$L:$L,'BSE - SENSEX Index Options'!$D:$D,$A38,'BSE - SENSEX Index Options'!$B:$B,"Tuesday")+SUMIFS('BSE - Other Index Options'!$L:$L,'BSE - Other Index Options'!$D:$D,$A38,'BSE - Other Index Options'!$B:$B,"Tuesday")=0,"",SUMIFS('BSE - SENSEX Index Options'!$L:$L,'BSE - SENSEX Index Options'!$D:$D,$A38,'BSE - SENSEX Index Options'!$B:$B,"Tuesday")+SUMIFS('BSE - Other Index Options'!$L:$L,'BSE - Other Index Options'!$D:$D,$A38,'BSE - Other Index Options'!$B:$B,"Tuesday")) -> 366.7118 | D38: =IF(SUM(B38:C38)=0,"",SUM(B38)/SUM(B38:C38)) -> 0.86515219 | E38: =IF(SUM(B38:C38)=0,"",SUM(C38)/SUM(B38:C38)) -> 0.13484781
A39: 45962 | B39: =IF(SUMIFS('NSE - NIFTY Index Options'!$L:$L,'NSE - NIFTY Index Options'!$D:$D,$A39,'NSE - NIFTY Index Options'!$B:$B,"Tuesday")+SUMIFS('NSE - Other Index Options'!$L:$L,'NSE - Other Index Options'!$D:$D,$A39,'NSE - Other Index Options'!$B:$B,"Tuesday")=0,"",SUMIFS('NSE - NIFTY Index Options'!$L:$L,'NSE - NIFTY Index Options'!$D:$D,$A39,'NSE - NIFTY Index Options'!$B:$B,"Tuesday")+SUMIFS('NSE - Other Index Options'!$L:$L,'NSE - Other Index Options'!$D:$D,$A39,'NSE - Other Index Options'!$B:$B,"Tuesday")) -> 2587.5337 | C39: =IF(SUMIFS('BSE - SENSEX Index Options'!$L:$L,'BSE - SENSEX Index Options'!$D:$D,$A39,'BSE - SENSEX Index Options'!$B:$B,"Tuesday")+SUMIFS('BSE - Other Index Options'!$L:$L,'BSE - Other Index Options'!$D:$D,$A39,'BSE - Other Index Options'!$B:$B,"Tuesday")=0,"",SUMIFS('BSE - SENSEX Index Options'!$L:$L,'BSE - SENSEX Index Options'!$D:$D,$A39,'BSE - SENSEX Index Options'!$B:$B,"Tuesday")+SUMIFS('BSE - Other Index Options'!$L:$L,'BSE - Other Index Options'!$D:$D,$A39,'BSE - Other Index Options'!$B:$B,"Tuesday")) -> 374.5127 | D39: =IF(SUM(B39:C39)=0,"",SUM(B39)/SUM(B39:C39)) -> 0.87356285 | E39: =IF(SUM(B39:C39)=0,"",SUM(C39)/SUM(B39:C39)) -> 0.12643715
A40: 45992 | B40: =IF(SUMIFS('NSE - NIFTY Index Options'!$L:$L,'NSE - NIFTY Index Options'!$D:$D,$A40,'NSE - NIFTY Index Options'!$B:$B,"Tuesday")+SUMIFS('NSE - Other Index Options'!$L:$L,'NSE - Other Index Options'!$D:$D,$A40,'NSE - Other Index Options'!$B:$B,"Tuesday")=0,"",SUMIFS('NSE - NIFTY Index Options'!$L:$L,'NSE - NIFTY Index Options'!$D:$D,$A40,'NSE - NIFTY Index Options'!$B:$B,"Tuesday")+SUMIFS('NSE - Other Index Options'!$L:$L,'NSE - Other Index Options'!$D:$D,$A40,'NSE - Other Index Options'!$B:$B,"Tuesday")) -> 2943.6869 | C40: =IF(SUMIFS('BSE - SENSEX Index Options'!$L:$L,'BSE - SENSEX Index Options'!$D:$D,$A40,'BSE - SENSEX Index Options'!$B:$B,"Tuesday")+SUMIFS('BSE - Other Index Options'!$L:$L,'BSE - Other Index Options'!$D:$D,$A40,'BSE - Other Index Options'!$B:$B,"Tuesday")=0,"",SUMIFS('BSE - SENSEX Index Options'!$L:$L,'BSE - SENSEX Index Options'!$D:$D,$A40,'BSE - SENSEX Index Options'!$B:$B,"Tuesday")+SUMIFS('BSE - Other Index Options'!$L:$L,'BSE - Other Index Options'!$D:$D,$A40,'BSE - Other Index Options'!$B:$B,"Tuesday")) -> 447.1159 | D40: =IF(SUM(B40:C40)=0,"",SUM(B40)/SUM(B40:C40)) -> 0.86813863 | E40: =IF(SUM(B40:C40)=0,"",SUM(C40)/SUM(B40:C40)) -> 0.13186137
A41: 46023 | B41: =IF(SUMIFS('NSE - NIFTY Index Options'!$L:$L,'NSE - NIFTY Index Options'!$D:$D,$A41,'NSE - NIFTY Index Options'!$B:$B,"Tuesday")+SUMIFS('NSE - Other Index Options'!$L:$L,'NSE - Other Index Options'!$D:$D,$A41,'NSE - Other Index Options'!$B:$B,"Tuesday")=0,"",SUMIFS('NSE - NIFTY Index Options'!$L:$L,'NSE - NIFTY Index Options'!$D:$D,$A41,'NSE - NIFTY Index Options'!$B:$B,"Tuesday")+SUMIFS('NSE - Other Index Options'!$L:$L,'NSE - Other Index Options'!$D:$D,$A41,'NSE - Other Index Options'!$B:$B,"Tuesday")) -> 3258.0967 | C41: =IF(SUMIFS('BSE - SENSEX Index Options'!$L:$L,'BSE - SENSEX Index Options'!$D:$D,$A41,'BSE - SENSEX Index Options'!$B:$B,"Tuesday")+SUMIFS('BSE - Other Index Options'!$L:$L,'BSE - Other Index Options'!$D:$D,$A41,'BSE - Other Index Options'!$B:$B,"Tuesday")=0,"",SUMIFS('BSE - SENSEX Index Options'!$L:$L,'BSE - SENSEX Index Options'!$D:$D,$A41,'BSE - SENSEX Index Options'!$B:$B,"Tuesday")+SUMIFS('BSE - Other Index Options'!$L:$L,'BSE - Other Index Options'!$D:$D,$A41,'BSE - Other Index Options'!$B:$B,"Tuesday")) -> 567.5032 | D41: =IF(SUM(B41:C41)=0,"",SUM(B41)/SUM(B41:C41)) -> 0.85165642 | E41: =IF(SUM(B41:C41)=0,"",SUM(C41)/SUM(B41:C41)) -> 0.14834358
A42: 46054 | B42: =IF(SUMIFS('NSE - NIFTY Index Options'!$L:$L,'NSE - NIFTY Index Options'!$D:$D,$A42,'NSE - NIFTY Index Options'!$B:$B,"Tuesday")+SUMIFS('NSE - Other Index Options'!$L:$L,'NSE - Other Index Options'!$D:$D,$A42,'NSE - Other Index Options'!$B:$B,"Tuesday")=0,"",SUMIFS('NSE - NIFTY Index Options'!$L:$L,'NSE - NIFTY Index Options'!$D:$D,$A42,'NSE - NIFTY Index Options'!$B:$B,"Tuesday")+SUMIFS('NSE - Other Index Options'!$L:$L,'NSE - Other Index Options'!$D:$D,$A42,'NSE - Other Index Options'!$B:$B,"Tuesday")) -> 3446.4584 | C42: =IF(SUMIFS('BSE - SENSEX Index Options'!$L:$L,'BSE - SENSEX Index Options'!$D:$D,$A42,'BSE - SENSEX Index Options'!$B:$B,"Tuesday")+SUMIFS('BSE - Other Index Options'!$L:$L,'BSE - Other Index Options'!$D:$D,$A42,'BSE - Other Index Options'!$B:$B,"Tuesday")=0,"",SUMIFS('BSE - SENSEX Index Options'!$L:$L,'BSE - SENSEX Index Options'!$D:$D,$A42,'BSE - SENSEX Index Options'!$B:$B,"Tuesday")+SUMIFS('BSE - Other Index Options'!$L:$L,'BSE - Other Index Options'!$D:$D,$A42,'BSE - Other Index Options'!$B:$B,"Tuesday")) -> 523.7641 | D42: =IF(SUM(B42:C42)=0,"",SUM(B42)/SUM(B42:C42)) -> 0.86807689 | E42: =IF(SUM(B42:C42)=0,"",SUM(C42)/SUM(B42:C42)) -> 0.13192311
A43: 46082 | B43: =IF(SUMIFS('NSE - NIFTY Index Options'!$L:$L,'NSE - NIFTY Index Options'!$D:$D,$A43,'NSE - NIFTY Index Options'!$B:$B,"Tuesday")+SUMIFS('NSE - Other Index Options'!$L:$L,'NSE - Other Index Options'!$D:$D,$A43,'NSE - Other Index Options'!$B:$B,"Tuesday")=0,"",SUMIFS('NSE - NIFTY Index Options'!$L:$L,'NSE - NIFTY Index Options'!$D:$D,$A43,'NSE - NIFTY Index Options'!$B:$B,"Tuesday")+SUMIFS('NSE - Other Index Options'!$L:$L,'NSE - Other Index Options'!$D:$D,$A43,'NSE - Other Index Options'!$B:$B,"Tuesday")) -> 3330.5523 | C43: =IF(SUMIFS('BSE - SENSEX Index Options'!$L:$L,'BSE - SENSEX Index Options'!$D:$D,$A43,'BSE - SENSEX Index Options'!$B:$B,"Tuesday")+SUMIFS('BSE - Other Index Options'!$L:$L,'BSE - Other Index Options'!$D:$D,$A43,'BSE - Other Index Options'!$B:$B,"Tuesday")=0,"",SUMIFS('BSE - SENSEX Index Options'!$L:$L,'BSE - SENSEX Index Options'!$D:$D,$A43,'BSE - SENSEX Index Options'!$B:$B,"Tuesday")+SUMIFS('BSE - Other Index Options'!$L:$L,'BSE - Other Index Options'!$D:$D,$A43,'BSE - Other Index Options'!$B:$B,"Tuesday")) -> 497.671 | D43: =IF(SUM(B43:C43)=0,"",SUM(B43)/SUM(B43:C43)) -> 0.86999949 | E43: =IF(SUM(B43:C43)=0,"",SUM(C43)/SUM(B43:C43)) -> 0.13000051
A44: 46113 | B44: =IF(SUMIFS('NSE - NIFTY Index Options'!$L:$L,'NSE - NIFTY Index Options'!$D:$D,$A44,'NSE - NIFTY Index Options'!$B:$B,"Tuesday")+SUMIFS('NSE - Other Index Options'!$L:$L,'NSE - Other Index Options'!$D:$D,$A44,'NSE - Other Index Options'!$B:$B,"Tuesday")=0,"",SUMIFS('NSE - NIFTY Index Options'!$L:$L,'NSE - NIFTY Index Options'!$D:$D,$A44,'NSE - NIFTY Index Options'!$B:$B,"Tuesday")+SUMIFS('NSE - Other Index Options'!$L:$L,'NSE - Other Index Options'!$D:$D,$A44,'NSE - Other Index Options'!$B:$B,"Tuesday")) -> 2453.1147 | C44: =IF(SUMIFS('BSE - SENSEX Index Options'!$L:$L,'BSE - SENSEX Index Options'!$D:$D,$A44,'BSE - SENSEX Index Options'!$B:$B,"Tuesday")+SUMIFS('BSE - Other Index Options'!$L:$L,'BSE - Other Index Options'!$D:$D,$A44,'BSE - Other Index Options'!$B:$B,"Tuesday")=0,"",SUMIFS('BSE - SENSEX Index Options'!$L:$L,'BSE - SENSEX Index Options'!$D:$D,$A44,'BSE - SENSEX Index Options'!$B:$B,"Tuesday")+SUMIFS('BSE - Other Index Options'!$L:$L,'BSE - Other Index Options'!$D:$D,$A44,'BSE - Other Index Options'!$B:$B,"Tuesday")) -> 325.019 | D44: =IF(SUM(B44:C44)=0,"",SUM(B44)/SUM(B44:C44)) -> 0.88300815 | E44: =IF(SUM(B44:C44)=0,"",SUM(C44)/SUM(B44:C44)) -> 0.11699185
A45: 46143 | B45: =IF(SUMIFS('NSE - NIFTY Index Options'!$L:$L,'NSE - NIFTY Index Options'!$D:$D,$A45,'NSE - NIFTY Index Options'!$B:$B,"Tuesday")+SUMIFS('NSE - Other Index Options'!$L:$L,'NSE - Other Index Options'!$D:$D,$A45,'NSE - Other Index Options'!$B:$B,"Tuesday")=0,"",SUMIFS('NSE - NIFTY Index Options'!$L:$L,'NSE - NIFTY Index Options'!$D:$D,$A45,'NSE - NIFTY Index Options'!$B:$B,"Tuesday")+SUMIFS('NSE - Other Index Options'!$L:$L,'NSE - Other Index Options'!$D:$D,$A45,'NSE - Other Index Options'!$B:$B,"Tuesday")) -> 3196.4791 | C45: =IF(SUMIFS('BSE - SENSEX Index Options'!$L:$L,'BSE - SENSEX Index Options'!$D:$D,$A45,'BSE - SENSEX Index Options'!$B:$B,"Tuesday")+SUMIFS('BSE - Other Index Options'!$L:$L,'BSE - Other Index Options'!$D:$D,$A45,'BSE - Other Index Options'!$B:$B,"Tuesday")=0,"",SUMIFS('BSE - SENSEX Index Options'!$L:$L,'BSE - SENSEX Index Options'!$D:$D,$A45,'BSE - SENSEX Index Options'!$B:$B,"Tuesday")+SUMIFS('BSE - Other Index Options'!$L:$L,'BSE - Other Index Options'!$D:$D,$A45,'BSE - Other Index Options'!$B:$B,"Tuesday")) -> 460.1085 | D45: =IF(SUM(B45:C45)=0,"",SUM(B45)/SUM(B45:C45)) -> 0.87416998 | E45: =IF(SUM(B45:C45)=0,"",SUM(C45)/SUM(B45:C45)) -> 0.12583002
A46: 46174 | B46: =IF(SUMIFS('NSE - NIFTY Index Options'!$L:$L,'NSE - NIFTY Index Options'!$D:$D,$A46,'NSE - NIFTY Index Options'!$B:$B,"Tuesday")+SUMIFS('NSE - Other Index Options'!$L:$L,'NSE - Other Index Options'!$D:$D,$A46,'NSE - Other Index Options'!$B:$B,"Tuesday")=0,"",SUMIFS('NSE - NIFTY Index Options'!$L:$L,'NSE - NIFTY Index Options'!$D:$D,$A46,'NSE - NIFTY Index Options'!$B:$B,"Tuesday")+SUMIFS('NSE - Other Index Options'!$L:$L,'NSE - Other Index Options'!$D:$D,$A46,'NSE - Other Index Options'!$B:$B,"Tuesday")) -> 3857.3592 | C46: =IF(SUMIFS('BSE - SENSEX Index Options'!$L:$L,'BSE - SENSEX Index Options'!$D:$D,$A46,'BSE - SENSEX Index Options'!$B:$B,"Tuesday")+SUMIFS('BSE - Other Index Options'!$L:$L,'BSE - Other Index Options'!$D:$D,$A46,'BSE - Other Index Options'!$B:$B,"Tuesday")=0,"",SUMIFS('BSE - SENSEX Index Options'!$L:$L,'BSE - SENSEX Index Options'!$D:$D,$A46,'BSE - SENSEX Index Options'!$B:$B,"Tuesday")+SUMIFS('BSE - Other Index Options'!$L:$L,'BSE - Other Index Options'!$D:$D,$A46,'BSE - Other Index Options'!$B:$B,"Tuesday")) -> 561.6473 | D46: =IF(SUM(B46:C46)=0,"",SUM(B46)/SUM(B46:C46)) -> 0.87290191 | E46: =IF(SUM(B46:C46)=0,"",SUM(C46)/SUM(B46:C46)) -> 0.12709809
A47: 46204 | B47: =IF(SUMIFS('NSE - NIFTY Index Options'!$L:$L,'NSE - NIFTY Index Options'!$D:$D,$A47,'NSE - NIFTY Index Options'!$B:$B,"Tuesday")+SUMIFS('NSE - Other Index Options'!$L:$L,'NSE - Other Index Options'!$D:$D,$A47,'NSE - Other Index Options'!$B:$B,"Tuesday")=0,"",SUMIFS('NSE - NIFTY Index Options'!$L:$L,'NSE - NIFTY Index Options'!$D:$D,$A47,'NSE - NIFTY Index Options'!$B:$B,"Tuesday")+SUMIFS('NSE - Other Index Options'!$L:$L,'NSE - Other Index Options'!$D:$D,$A47,'NSE - Other Index Options'!$B:$B,"Tuesday")) -> 1301.7133 | C47: =IF(SUMIFS('BSE - SENSEX Index Options'!$L:$L,'BSE - SENSEX Index Options'!$D:$D,$A47,'BSE - SENSEX Index Options'!$B:$B,"Tuesday")+SUMIFS('BSE - Other Index Options'!$L:$L,'BSE - Other Index Options'!$D:$D,$A47,'BSE - Other Index Options'!$B:$B,"Tuesday")=0,"",SUMIFS('BSE - SENSEX Index Options'!$L:$L,'BSE - SENSEX Index Options'!$D:$D,$A47,'BSE - SENSEX Index Options'!$B:$B,"Tuesday")+SUMIFS('BSE - Other Index Options'!$L:$L,'BSE - Other Index Options'!$D:$D,$A47,'BSE - Other Index Options'!$B:$B,"Tuesday")) -> 216.476 | D47: =IF(SUM(B47:C47)=0,"",SUM(B47)/SUM(B47:C47)) -> 0.85741172 | E47: =IF(SUM(B47:C47)=0,"",SUM(C47)/SUM(B47:C47)) -> 0.14258828
A48: 46235 | B48: =IF(SUMIFS('NSE - NIFTY Index Options'!$L:$L,'NSE - NIFTY Index Options'!$D:$D,$A48,'NSE - NIFTY Index Options'!$B:$B,"Tuesday")+SUMIFS('NSE - Other Index Options'!$L:$L,'NSE - Other Index Options'!$D:$D,$A48,'NSE - Other Index Options'!$B:$B,"Tuesday")=0,"",SUMIFS('NSE - NIFTY Index Options'!$L:$L,'NSE - NIFTY Index Options'!$D:$D,$A48,'NSE - NIFTY Index Options'!$B:$B,"Tuesday")+SUMIFS('NSE - Other Index Options'!$L:$L,'NSE - Other Index Options'!$D:$D,$A48,'NSE - Other Index Options'!$B:$B,"Tuesday")) | C48: =IF(SUMIFS('BSE - SENSEX Index Options'!$L:$L,'BSE - SENSEX Index Options'!$D:$D,$A48,'BSE - SENSEX Index Options'!$B:$B,"Tuesday")+SUMIFS('BSE - Other Index Options'!$L:$L,'BSE - Other Index Options'!$D:$D,$A48,'BSE - Other Index Options'!$B:$B,"Tuesday")=0,"",SUMIFS('BSE - SENSEX Index Options'!$L:$L,'BSE - SENSEX Index Options'!$D:$D,$A48,'BSE - SENSEX Index Options'!$B:$B,"Tuesday")+SUMIFS('BSE - Other Index Options'!$L:$L,'BSE - Other Index Options'!$D:$D,$A48,'BSE - Other Index Options'!$B:$B,"Tuesday")) | D48: =IF(SUM(B48:C48)=0,"",SUM(B48)/SUM(B48:C48)) | E48: =IF(SUM(B48:C48)=0,"",SUM(C48)/SUM(B48:C48))
... A64: 46722 | B64: =IF(SUMIFS('NSE - NIFTY Index Options'!$L:$L,'NSE - NIFTY Index Options'!$D:$D,$A64,'NSE - NIFTY Index Options'!$B:$B,"Tuesday")+SUMIFS('NSE - Other Index Options'!$L:$L,'NSE - Other Index Options'!$D:$D,$A64,'NSE - Other Index Options'!$B:$B,"Tuesday")=0,"",SUMIFS('NSE - NIFTY Index Options'!$L:$L,'NSE - NIFTY Index Options'!$D:$D,$A64,'NSE - NIFTY Index Options'!$B:$B,"Tuesday")+SUMIFS('NSE - Other Index Options'!$L:$L,'NSE - Other Index Options'!$D:$D,$A64,'NSE - Other Index Options'!$B:$B,"Tuesday")) | C64: =IF(SUMIFS('BSE - SENSEX Index Options'!$L:$L,'BSE - SENSEX Index Options'!$D:$D,$A64,'BSE - SENSEX Index Options'!$B:$B,"Tuesday")+SUMIFS('BSE - Other Index Options'!$L:$L,'BSE - Other Index Options'!$D:$D,$A64,'BSE - Other Index Options'!$B:$B,"Tuesday")=0,"",SUMIFS('BSE - SENSEX Index Options'!$L:$L,'BSE - SENSEX Index Options'!$D:$D,$A64,'BSE - SENSEX Index Options'!$B:$B,"Tuesday")+SUMIFS('BSE - Other Index Options'!$L:$L,'BSE - Other Index Options'!$D:$D,$A64,'BSE - Other Index Options'!$B:$B,"Tuesday")) | D64: =IF(SUM(B64:C64)=0,"",SUM(B64)/SUM(B64:C64)) | E64: =IF(SUM(B64:C64)=0,"",SUM(C64)/SUM(B64:C64))
A65: Total | B65: =IF(SUM(B37:B64)=0,"",SUM(B37:B64)) -> 31680.177 | C65: =IF(SUM(C37:C64)=0,"",SUM(C37:C64)) -> 4755.2532 | D65: =IF(SUM(B65:C65)=0,"",SUM(B65)/SUM(B65:C65)) -> 0.86948821 | E65: =IF(SUM(B65:C65)=0,"",SUM(C65)/SUM(B65:C65)) -> 0.13051179
A67: Wednesday Trade Day
A68: Month | B68: NSE Premium Turnover (INR Bn) | C68: BSE Premium Turnover (INR Bn) | D68: NSE Market Share | E68: BSE Market Share
A69: 45901 | B69: =IF(SUMIFS('NSE - NIFTY Index Options'!$L:$L,'NSE - NIFTY Index Options'!$D:$D,$A69,'NSE - NIFTY Index Options'!$B:$B,"Wednesday")+SUMIFS('NSE - Other Index Options'!$L:$L,'NSE - Other Index Options'!$D:$D,$A69,'NSE - Other Index Options'!$B:$B,"Wednesday")=0,"",SUMIFS('NSE - NIFTY Index Options'!$L:$L,'NSE - NIFTY Index Options'!$D:$D,$A69,'NSE - NIFTY Index Options'!$B:$B,"Wednesday")+SUMIFS('NSE - Other Index Options'!$L:$L,'NSE - Other Index Options'!$D:$D,$A69,'NSE - Other Index Options'!$B:$B,"Wednesday")) -> 1296.4812 | C69: =IF(SUMIFS('BSE - SENSEX Index Options'!$L:$L,'BSE - SENSEX Index Options'!$D:$D,$A69,'BSE - SENSEX Index Options'!$B:$B,"Wednesday")+SUMIFS('BSE - Other Index Options'!$L:$L,'BSE - Other Index Options'!$D:$D,$A69,'BSE - Other Index Options'!$B:$B,"Wednesday")=0,"",SUMIFS('BSE - SENSEX Index Options'!$L:$L,'BSE - SENSEX Index Options'!$D:$D,$A69,'BSE - SENSEX Index Options'!$B:$B,"Wednesday")+SUMIFS('BSE - Other Index Options'!$L:$L,'BSE - Other Index Options'!$D:$D,$A69,'BSE - Other Index Options'!$B:$B,"Wednesday")) -> 887.0773 | D69: =IF(SUM(B69:C69)=0,"",SUM(B69)/SUM(B69:C69)) -> 0.59374695 | E69: =IF(SUM(B69:C69)=0,"",SUM(C69)/SUM(B69:C69)) -> 0.40625305
A70: 45931 | B70: =IF(SUMIFS('NSE - NIFTY Index Options'!$L:$L,'NSE - NIFTY Index Options'!$D:$D,$A70,'NSE - NIFTY Index Options'!$B:$B,"Wednesday")+SUMIFS('NSE - Other Index Options'!$L:$L,'NSE - Other Index Options'!$D:$D,$A70,'NSE - Other Index Options'!$B:$B,"Wednesday")=0,"",SUMIFS('NSE - NIFTY Index Options'!$L:$L,'NSE - NIFTY Index Options'!$D:$D,$A70,'NSE - NIFTY Index Options'!$B:$B,"Wednesday")+SUMIFS('NSE - Other Index Options'!$L:$L,'NSE - Other Index Options'!$D:$D,$A70,'NSE - Other Index Options'!$B:$B,"Wednesday")) -> 1545.438 | C70: =IF(SUMIFS('BSE - SENSEX Index Options'!$L:$L,'BSE - SENSEX Index Options'!$D:$D,$A70,'BSE - SENSEX Index Options'!$B:$B,"Wednesday")+SUMIFS('BSE - Other Index Options'!$L:$L,'BSE - Other Index Options'!$D:$D,$A70,'BSE - Other Index Options'!$B:$B,"Wednesday")=0,"",SUMIFS('BSE - SENSEX Index Options'!$L:$L,'BSE - SENSEX Index Options'!$D:$D,$A70,'BSE - SENSEX Index Options'!$B:$B,"Wednesday")+SUMIFS('BSE - Other Index Options'!$L:$L,'BSE - Other Index Options'!$D:$D,$A70,'BSE - Other Index Options'!$B:$B,"Wednesday")) -> 1257.5762 | D70: =IF(SUM(B70:C70)=0,"",SUM(B70)/SUM(B70:C70)) -> 0.55134862 | E70: =IF(SUM(B70:C70)=0,"",SUM(C70)/SUM(B70:C70)) -> 0.44865138
A71: 45962 | B71: =IF(SUMIFS('NSE - NIFTY Index Options'!$L:$L,'NSE - NIFTY Index Options'!$D:$D,$A71,'NSE - NIFTY Index Options'!$B:$B,"Wednesday")+SUMIFS('NSE - Other Index Options'!$L:$L,'NSE - Other Index Options'!$D:$D,$A71,'NSE - Other Index Options'!$B:$B,"Wednesday")=0,"",SUMIFS('NSE - NIFTY Index Options'!$L:$L,'NSE - NIFTY Index Options'!$D:$D,$A71,'NSE - NIFTY Index Options'!$B:$B,"Wednesday")+SUMIFS('NSE - Other Index Options'!$L:$L,'NSE - Other Index Options'!$D:$D,$A71,'NSE - Other Index Options'!$B:$B,"Wednesday")) -> 1049.5837 | C71: =IF(SUMIFS('BSE - SENSEX Index Options'!$L:$L,'BSE - SENSEX Index Options'!$D:$D,$A71,'BSE - SENSEX Index Options'!$B:$B,"Wednesday")+SUMIFS('BSE - Other Index Options'!$L:$L,'BSE - Other Index Options'!$D:$D,$A71,'BSE - Other Index Options'!$B:$B,"Wednesday")=0,"",SUMIFS('BSE - SENSEX Index Options'!$L:$L,'BSE - SENSEX Index Options'!$D:$D,$A71,'BSE - SENSEX Index Options'!$B:$B,"Wednesday")+SUMIFS('BSE - Other Index Options'!$L:$L,'BSE - Other Index Options'!$D:$D,$A71,'BSE - Other Index Options'!$B:$B,"Wednesday")) -> 707.9786 | D71: =IF(SUM(B71:C71)=0,"",SUM(B71)/SUM(B71:C71)) -> 0.59718151 | E71: =IF(SUM(B71:C71)=0,"",SUM(C71)/SUM(B71:C71)) -> 0.40281849
A72: 45992 | B72: =IF(SUMIFS('NSE - NIFTY Index Options'!$L:$L,'NSE - NIFTY Index Options'!$D:$D,$A72,'NSE - NIFTY Index Options'!$B:$B,"Wednesday")+SUMIFS('NSE - Other Index Options'!$L:$L,'NSE - Other Index Options'!$D:$D,$A72,'NSE - Other Index Options'!$B:$B,"Wednesday")=0,"",SUMIFS('NSE - NIFTY Index Options'!$L:$L,'NSE - NIFTY Index Options'!$D:$D,$A72,'NSE - NIFTY Index Options'!$B:$B,"Wednesday")+SUMIFS('NSE - Other Index Options'!$L:$L,'NSE - Other Index Options'!$D:$D,$A72,'NSE - Other Index Options'!$B:$B,"Wednesday")) -> 1590.1878 | C72: =IF(SUMIFS('BSE - SENSEX Index Options'!$L:$L,'BSE - SENSEX Index Options'!$D:$D,$A72,'BSE - SENSEX Index Options'!$B:$B,"Wednesday")+SUMIFS('BSE - Other Index Options'!$L:$L,'BSE - Other Index Options'!$D:$D,$A72,'BSE - Other Index Options'!$B:$B,"Wednesday")=0,"",SUMIFS('BSE - SENSEX Index Options'!$L:$L,'BSE - SENSEX Index Options'!$D:$D,$A72,'BSE - SENSEX Index Options'!$B:$B,"Wednesday")+SUMIFS('BSE - Other Index Options'!$L:$L,'BSE - Other Index Options'!$D:$D,$A72,'BSE - Other Index Options'!$B:$B,"Wednesday")) -> 1430.5725 | D72: =IF(SUM(B72:C72)=0,"",SUM(B72)/SUM(B72:C72)) -> 0.52641972 | E72: =IF(SUM(B72:C72)=0,"",SUM(C72)/SUM(B72:C72)) -> 0.47358028
A73: 46023 | B73: =IF(SUMIFS('NSE - NIFTY Index Options'!$L:$L,'NSE - NIFTY Index Options'!$D:$D,$A73,'NSE - NIFTY Index Options'!$B:$B,"Wednesday")+SUMIFS('NSE - Other Index Options'!$L:$L,'NSE - Other Index Options'!$D:$D,$A73,'NSE - Other Index Options'!$B:$B,"Wednesday")=0,"",SUMIFS('NSE - NIFTY Index Options'!$L:$L,'NSE - NIFTY Index Options'!$D:$D,$A73,'NSE - NIFTY Index Options'!$B:$B,"Wednesday")+SUMIFS('NSE - Other Index Options'!$L:$L,'NSE - Other Index Options'!$D:$D,$A73,'NSE - Other Index Options'!$B:$B,"Wednesday")) -> 1907.9604 | C73: =IF(SUMIFS('BSE - SENSEX Index Options'!$L:$L,'BSE - SENSEX Index Options'!$D:$D,$A73,'BSE - SENSEX Index Options'!$B:$B,"Wednesday")+SUMIFS('BSE - Other Index Options'!$L:$L,'BSE - Other Index Options'!$D:$D,$A73,'BSE - Other Index Options'!$B:$B,"Wednesday")=0,"",SUMIFS('BSE - SENSEX Index Options'!$L:$L,'BSE - SENSEX Index Options'!$D:$D,$A73,'BSE - SENSEX Index Options'!$B:$B,"Wednesday")+SUMIFS('BSE - Other Index Options'!$L:$L,'BSE - Other Index Options'!$D:$D,$A73,'BSE - Other Index Options'!$B:$B,"Wednesday")) -> 1886.5884 | D73: =IF(SUM(B73:C73)=0,"",SUM(B73)/SUM(B73:C73)) -> 0.50281615 | E73: =IF(SUM(B73:C73)=0,"",SUM(C73)/SUM(B73:C73)) -> 0.49718385
A74: 46054 | B74: =IF(SUMIFS('NSE - NIFTY Index Options'!$L:$L,'NSE - NIFTY Index Options'!$D:$D,$A74,'NSE - NIFTY Index Options'!$B:$B,"Wednesday")+SUMIFS('NSE - Other Index Options'!$L:$L,'NSE - Other Index Options'!$D:$D,$A74,'NSE - Other Index Options'!$B:$B,"Wednesday")=0,"",SUMIFS('NSE - NIFTY Index Options'!$L:$L,'NSE - NIFTY Index Options'!$D:$D,$A74,'NSE - NIFTY Index Options'!$B:$B,"Wednesday")+SUMIFS('NSE - Other Index Options'!$L:$L,'NSE - Other Index Options'!$D:$D,$A74,'NSE - Other Index Options'!$B:$B,"Wednesday")) -> 1545.9202 | C74: =IF(SUMIFS('BSE - SENSEX Index Options'!$L:$L,'BSE - SENSEX Index Options'!$D:$D,$A74,'BSE - SENSEX Index Options'!$B:$B,"Wednesday")+SUMIFS('BSE - Other Index Options'!$L:$L,'BSE - Other Index Options'!$D:$D,$A74,'BSE - Other Index Options'!$B:$B,"Wednesday")=0,"",SUMIFS('BSE - SENSEX Index Options'!$L:$L,'BSE - SENSEX Index Options'!$D:$D,$A74,'BSE - SENSEX Index Options'!$B:$B,"Wednesday")+SUMIFS('BSE - Other Index Options'!$L:$L,'BSE - Other Index Options'!$D:$D,$A74,'BSE - Other Index Options'!$B:$B,"Wednesday")) -> 1357.9478 | D74: =IF(SUM(B74:C74)=0,"",SUM(B74)/SUM(B74:C74)) -> 0.53236587 | E74: =IF(SUM(B74:C74)=0,"",SUM(C74)/SUM(B74:C74)) -> 0.46763413
A75: 46082 | B75: =IF(SUMIFS('NSE - NIFTY Index Options'!$L:$L,'NSE - NIFTY Index Options'!$D:$D,$A75,'NSE - NIFTY Index Options'!$B:$B,"Wednesday")+SUMIFS('NSE - Other Index Options'!$L:$L,'NSE - Other Index Options'!$D:$D,$A75,'NSE - Other Index Options'!$B:$B,"Wednesday")=0,"",SUMIFS('NSE - NIFTY Index Options'!$L:$L,'NSE - NIFTY Index Options'!$D:$D,$A75,'NSE - NIFTY Index Options'!$B:$B,"Wednesday")+SUMIFS('NSE - Other Index Options'!$L:$L,'NSE - Other Index Options'!$D:$D,$A75,'NSE - Other Index Options'!$B:$B,"Wednesday")) -> 2313.6531 | C75: =IF(SUMIFS('BSE - SENSEX Index Options'!$L:$L,'BSE - SENSEX Index Options'!$D:$D,$A75,'BSE - SENSEX Index Options'!$B:$B,"Wednesday")+SUMIFS('BSE - Other Index Options'!$L:$L,'BSE - Other Index Options'!$D:$D,$A75,'BSE - Other Index Options'!$B:$B,"Wednesday")=0,"",SUMIFS('BSE - SENSEX Index Options'!$L:$L,'BSE - SENSEX Index Options'!$D:$D,$A75,'BSE - SENSEX Index Options'!$B:$B,"Wednesday")+SUMIFS('BSE - Other Index Options'!$L:$L,'BSE - Other Index Options'!$D:$D,$A75,'BSE - Other Index Options'!$B:$B,"Wednesday")) -> 2154.2772 | D75: =IF(SUM(B75:C75)=0,"",SUM(B75)/SUM(B75:C75)) -> 0.51783554 | E75: =IF(SUM(B75:C75)=0,"",SUM(C75)/SUM(B75:C75)) -> 0.48216446
A76: 46113 | B76: =IF(SUMIFS('NSE - NIFTY Index Options'!$L:$L,'NSE - NIFTY Index Options'!$D:$D,$A76,'NSE - NIFTY Index Options'!$B:$B,"Wednesday")+SUMIFS('NSE - Other Index Options'!$L:$L,'NSE - Other Index Options'!$D:$D,$A76,'NSE - Other Index Options'!$B:$B,"Wednesday")=0,"",SUMIFS('NSE - NIFTY Index Options'!$L:$L,'NSE - NIFTY Index Options'!$D:$D,$A76,'NSE - NIFTY Index Options'!$B:$B,"Wednesday")+SUMIFS('NSE - Other Index Options'!$L:$L,'NSE - Other Index Options'!$D:$D,$A76,'NSE - Other Index Options'!$B:$B,"Wednesday")) -> 2108.5067 | C76: =IF(SUMIFS('BSE - SENSEX Index Options'!$L:$L,'BSE - SENSEX Index Options'!$D:$D,$A76,'BSE - SENSEX Index Options'!$B:$B,"Wednesday")+SUMIFS('BSE - Other Index Options'!$L:$L,'BSE - Other Index Options'!$D:$D,$A76,'BSE - Other Index Options'!$B:$B,"Wednesday")=0,"",SUMIFS('BSE - SENSEX Index Options'!$L:$L,'BSE - SENSEX Index Options'!$D:$D,$A76,'BSE - SENSEX Index Options'!$B:$B,"Wednesday")+SUMIFS('BSE - Other Index Options'!$L:$L,'BSE - Other Index Options'!$D:$D,$A76,'BSE - Other Index Options'!$B:$B,"Wednesday")) -> 1903.6664 | D76: =IF(SUM(B76:C76)=0,"",SUM(B76)/SUM(B76:C76)) -> 0.52552735 | E76: =IF(SUM(B76:C76)=0,"",SUM(C76)/SUM(B76:C76)) -> 0.47447265
A77: 46143 | B77: =IF(SUMIFS('NSE - NIFTY Index Options'!$L:$L,'NSE - NIFTY Index Options'!$D:$D,$A77,'NSE - NIFTY Index Options'!$B:$B,"Wednesday")+SUMIFS('NSE - Other Index Options'!$L:$L,'NSE - Other Index Options'!$D:$D,$A77,'NSE - Other Index Options'!$B:$B,"Wednesday")=0,"",SUMIFS('NSE - NIFTY Index Options'!$L:$L,'NSE - NIFTY Index Options'!$D:$D,$A77,'NSE - NIFTY Index Options'!$B:$B,"Wednesday")+SUMIFS('NSE - Other Index Options'!$L:$L,'NSE - Other Index Options'!$D:$D,$A77,'NSE - Other Index Options'!$B:$B,"Wednesday")) -> 1680.4731 | C77: =IF(SUMIFS('BSE - SENSEX Index Options'!$L:$L,'BSE - SENSEX Index Options'!$D:$D,$A77,'BSE - SENSEX Index Options'!$B:$B,"Wednesday")+SUMIFS('BSE - Other Index Options'!$L:$L,'BSE - Other Index Options'!$D:$D,$A77,'BSE - Other Index Options'!$B:$B,"Wednesday")=0,"",SUMIFS('BSE - SENSEX Index Options'!$L:$L,'BSE - SENSEX Index Options'!$D:$D,$A77,'BSE - SENSEX Index Options'!$B:$B,"Wednesday")+SUMIFS('BSE - Other Index Options'!$L:$L,'BSE - Other Index Options'!$D:$D,$A77,'BSE - Other Index Options'!$B:$B,"Wednesday")) -> 1983.7637 | D77: =IF(SUM(B77:C77)=0,"",SUM(B77)/SUM(B77:C77)) -> 0.45861477 | E77: =IF(SUM(B77:C77)=0,"",SUM(C77)/SUM(B77:C77)) -> 0.54138523
A78: 46174 | B78: =IF(SUMIFS('NSE - NIFTY Index Options'!$L:$L,'NSE - NIFTY Index Options'!$D:$D,$A78,'NSE - NIFTY Index Options'!$B:$B,"Wednesday")+SUMIFS('NSE - Other Index Options'!$L:$L,'NSE - Other Index Options'!$D:$D,$A78,'NSE - Other Index Options'!$B:$B,"Wednesday")=0,"",SUMIFS('NSE - NIFTY Index Options'!$L:$L,'NSE - NIFTY Index Options'!$D:$D,$A78,'NSE - NIFTY Index Options'!$B:$B,"Wednesday")+SUMIFS('NSE - Other Index Options'!$L:$L,'NSE - Other Index Options'!$D:$D,$A78,'NSE - Other Index Options'!$B:$B,"Wednesday")) -> 1579.5699 | C78: =IF(SUMIFS('BSE - SENSEX Index Options'!$L:$L,'BSE - SENSEX Index Options'!$D:$D,$A78,'BSE - SENSEX Index Options'!$B:$B,"Wednesday")+SUMIFS('BSE - Other Index Options'!$L:$L,'BSE - Other Index Options'!$D:$D,$A78,'BSE - Other Index Options'!$B:$B,"Wednesday")=0,"",SUMIFS('BSE - SENSEX Index Options'!$L:$L,'BSE - SENSEX Index Options'!$D:$D,$A78,'BSE - SENSEX Index Options'!$B:$B,"Wednesday")+SUMIFS('BSE - Other Index Options'!$L:$L,'BSE - Other Index Options'!$D:$D,$A78,'BSE - Other Index Options'!$B:$B,"Wednesday")) -> 1588.9891 | D78: =IF(SUM(B78:C78)=0,"",SUM(B78)/SUM(B78:C78)) -> 0.49851365 | E78: =IF(SUM(B78:C78)=0,"",SUM(C78)/SUM(B78:C78)) -> 0.50148635
A79: 46204 | B79: =IF(SUMIFS('NSE - NIFTY Index Options'!$L:$L,'NSE - NIFTY Index Options'!$D:$D,$A79,'NSE - NIFTY Index Options'!$B:$B,"Wednesday")+SUMIFS('NSE - Other Index Options'!$L:$L,'NSE - Other Index Options'!$D:$D,$A79,'NSE - Other Index Options'!$B:$B,"Wednesday")=0,"",SUMIFS('NSE - NIFTY Index Options'!$L:$L,'NSE - NIFTY Index Options'!$D:$D,$A79,'NSE - NIFTY Index Options'!$B:$B,"Wednesday")+SUMIFS('NSE - Other Index Options'!$L:$L,'NSE - Other Index Options'!$D:$D,$A79,'NSE - Other Index Options'!$B:$B,"Wednesday")) -> 1100.5666 | C79: =IF(SUMIFS('BSE - SENSEX Index Options'!$L:$L,'BSE - SENSEX Index Options'!$D:$D,$A79,'BSE - SENSEX Index Options'!$B:$B,"Wednesday")+SUMIFS('BSE - Other Index Options'!$L:$L,'BSE - Other Index Options'!$D:$D,$A79,'BSE - Other Index Options'!$B:$B,"Wednesday")=0,"",SUMIFS('BSE - SENSEX Index Options'!$L:$L,'BSE - SENSEX Index Options'!$D:$D,$A79,'BSE - SENSEX Index Options'!$B:$B,"Wednesday")+SUMIFS('BSE - Other Index Options'!$L:$L,'BSE - Other Index Options'!$D:$D,$A79,'BSE - Other Index Options'!$B:$B,"Wednesday")) -> 1233.2276 | D79: =IF(SUM(B79:C79)=0,"",SUM(B79)/SUM(B79:C79)) -> 0.47157826 | E79: =IF(SUM(B79:C79)=0,"",SUM(C79)/SUM(B79:C79)) -> 0.52842174
A80: 46235 | B80: =IF(SUMIFS('NSE - NIFTY Index Options'!$L:$L,'NSE - NIFTY Index Options'!$D:$D,$A80,'NSE - NIFTY Index Options'!$B:$B,"Wednesday")+SUMIFS('NSE - Other Index Options'!$L:$L,'NSE - Other Index Options'!$D:$D,$A80,'NSE - Other Index Options'!$B:$B,"Wednesday")=0,"",SUMIFS('NSE - NIFTY Index Options'!$L:$L,'NSE - NIFTY Index Options'!$D:$D,$A80,'NSE - NIFTY Index Options'!$B:$B,"Wednesday")+SUMIFS('NSE - Other Index Options'!$L:$L,'NSE - Other Index Options'!$D:$D,$A80,'NSE - Other Index Options'!$B:$B,"Wednesday")) | C80: =IF(SUMIFS('BSE - SENSEX Index Options'!$L:$L,'BSE - SENSEX Index Options'!$D:$D,$A80,'BSE - SENSEX Index Options'!$B:$B,"Wednesday")+SUMIFS('BSE - Other Index Options'!$L:$L,'BSE - Other Index Options'!$D:$D,$A80,'BSE - Other Index Options'!$B:$B,"Wednesday")=0,"",SUMIFS('BSE - SENSEX Index Options'!$L:$L,'BSE - SENSEX Index Options'!$D:$D,$A80,'BSE - SENSEX Index Options'!$B:$B,"Wednesday")+SUMIFS('BSE - Other Index Options'!$L:$L,'BSE - Other Index Options'!$D:$D,$A80,'BSE - Other Index Options'!$B:$B,"Wednesday")) | D80: =IF(SUM(B80:C80)=0,"",SUM(B80)/SUM(B80:C80)) | E80: =IF(SUM(B80:C80)=0,"",SUM(C80)/SUM(B80:C80))
... A96: 46722 | B96: =IF(SUMIFS('NSE - NIFTY Index Options'!$L:$L,'NSE - NIFTY Index Options'!$D:$D,$A96,'NSE - NIFTY Index Options'!$B:$B,"Wednesday")+SUMIFS('NSE - Other Index Options'!$L:$L,'NSE - Other Index Options'!$D:$D,$A96,'NSE - Other Index Options'!$B:$B,"Wednesday")=0,"",SUMIFS('NSE - NIFTY Index Options'!$L:$L,'NSE - NIFTY Index Options'!$D:$D,$A96,'NSE - NIFTY Index Options'!$B:$B,"Wednesday")+SUMIFS('NSE - Other Index Options'!$L:$L,'NSE - Other Index Options'!$D:$D,$A96,'NSE - Other Index Options'!$B:$B,"Wednesday")) | C96: =IF(SUMIFS('BSE - SENSEX Index Options'!$L:$L,'BSE - SENSEX Index Options'!$D:$D,$A96,'BSE - SENSEX Index Options'!$B:$B,"Wednesday")+SUMIFS('BSE - Other Index Options'!$L:$L,'BSE - Other Index Options'!$D:$D,$A96,'BSE - Other Index Options'!$B:$B,"Wednesday")=0,"",SUMIFS('BSE - SENSEX Index Options'!$L:$L,'BSE - SENSEX Index Options'!$D:$D,$A96,'BSE - SENSEX Index Options'!$B:$B,"Wednesday")+SUMIFS('BSE - Other Index Options'!$L:$L,'BSE - Other Index Options'!$D:$D,$A96,'BSE - Other Index Options'!$B:$B,"Wednesday")) | D96: =IF(SUM(B96:C96)=0,"",SUM(B96)/SUM(B96:C96)) | E96: =IF(SUM(B96:C96)=0,"",SUM(C96)/SUM(B96:C96))
A97: Total | B97: =IF(SUM(B69:B96)=0,"",SUM(B69:B96)) -> 17718.341 | C97: =IF(SUM(C69:C96)=0,"",SUM(C69:C96)) -> 16391.665 | D97: =IF(SUM(B97:C97)=0,"",SUM(B97)/SUM(B97:C97)) -> 0.51944702 | E97: =IF(SUM(B97:C97)=0,"",SUM(C97)/SUM(B97:C97)) -> 0.48055298
A99: Thursday Trade Day
A100: Month | B100: NSE Premium Turnover (INR Bn) | C100: BSE Premium Turnover (INR Bn) | D100: NSE Market Share | E100: BSE Market Share
A101: 45901 | B101: =IF(SUMIFS('NSE - NIFTY Index Options'!$L:$L,'NSE - NIFTY Index Options'!$D:$D,$A101,'NSE - NIFTY Index Options'!$B:$B,"Thursday")+SUMIFS('NSE - Other Index Options'!$L:$L,'NSE - Other Index Options'!$D:$D,$A101,'NSE - Other Index Options'!$B:$B,"Thursday")=0,"",SUMIFS('NSE - NIFTY Index Options'!$L:$L,'NSE - NIFTY Index Options'!$D:$D,$A101,'NSE - NIFTY Index Options'!$B:$B,"Thursday")+SUMIFS('NSE - Other Index Options'!$L:$L,'NSE - Other Index Options'!$D:$D,$A101,'NSE - Other Index Options'!$B:$B,"Thursday")) -> 1178.7992 | C101: =IF(SUMIFS('BSE - SENSEX Index Options'!$L:$L,'BSE - SENSEX Index Options'!$D:$D,$A101,'BSE - SENSEX Index Options'!$B:$B,"Thursday")+SUMIFS('BSE - Other Index Options'!$L:$L,'BSE - Other Index Options'!$D:$D,$A101,'BSE - Other Index Options'!$B:$B,"Thursday")=0,"",SUMIFS('BSE - SENSEX Index Options'!$L:$L,'BSE - SENSEX Index Options'!$D:$D,$A101,'BSE - SENSEX Index Options'!$B:$B,"Thursday")+SUMIFS('BSE - Other Index Options'!$L:$L,'BSE - Other Index Options'!$D:$D,$A101,'BSE - Other Index Options'!$B:$B,"Thursday")) -> 1443.3947 | D101: =IF(SUM(B101:C101)=0,"",SUM(B101)/SUM(B101:C101)) -> 0.44954692 | E101: =IF(SUM(B101:C101)=0,"",SUM(C101)/SUM(B101:C101)) -> 0.55045308
A102: 45931 | B102: =IF(SUMIFS('NSE - NIFTY Index Options'!$L:$L,'NSE - NIFTY Index Options'!$D:$D,$A102,'NSE - NIFTY Index Options'!$B:$B,"Thursday")+SUMIFS('NSE - Other Index Options'!$L:$L,'NSE - Other Index Options'!$D:$D,$A102,'NSE - Other Index Options'!$B:$B,"Thursday")=0,"",SUMIFS('NSE - NIFTY Index Options'!$L:$L,'NSE - NIFTY Index Options'!$D:$D,$A102,'NSE - NIFTY Index Options'!$B:$B,"Thursday")+SUMIFS('NSE - Other Index Options'!$L:$L,'NSE - Other Index Options'!$D:$D,$A102,'NSE - Other Index Options'!$B:$B,"Thursday")) -> 1481.0037 | C102: =IF(SUMIFS('BSE - SENSEX Index Options'!$L:$L,'BSE - SENSEX Index Options'!$D:$D,$A102,'BSE - SENSEX Index Options'!$B:$B,"Thursday")+SUMIFS('BSE - Other Index Options'!$L:$L,'BSE - Other Index Options'!$D:$D,$A102,'BSE - Other Index Options'!$B:$B,"Thursday")=0,"",SUMIFS('BSE - SENSEX Index Options'!$L:$L,'BSE - SENSEX Index Options'!$D:$D,$A102,'BSE - SENSEX Index Options'!$B:$B,"Thursday")+SUMIFS('BSE - Other Index Options'!$L:$L,'BSE - Other Index Options'!$D:$D,$A102,'BSE - Other Index Options'!$B:$B,"Thursday")) -> 1762.2585 | D102: =IF(SUM(B102:C102)=0,"",SUM(B102)/SUM(B102:C102)) -> 0.45664014 | E102: =IF(SUM(B102:C102)=0,"",SUM(C102)/SUM(B102:C102)) -> 0.54335986
A103: 45962 | B103: =IF(SUMIFS('NSE - NIFTY Index Options'!$L:$L,'NSE - NIFTY Index Options'!$D:$D,$A103,'NSE - NIFTY Index Options'!$B:$B,"Thursday")+SUMIFS('NSE - Other Index Options'!$L:$L,'NSE - Other Index Options'!$D:$D,$A103,'NSE - Other Index Options'!$B:$B,"Thursday")=0,"",SUMIFS('NSE - NIFTY Index Options'!$L:$L,'NSE - NIFTY Index Options'!$D:$D,$A103,'NSE - NIFTY Index Options'!$B:$B,"Thursday")+SUMIFS('NSE - Other Index Options'!$L:$L,'NSE - Other Index Options'!$D:$D,$A103,'NSE - Other Index Options'!$B:$B,"Thursday")) -> 1362.8142 | C103: =IF(SUMIFS('BSE - SENSEX Index Options'!$L:$L,'BSE - SENSEX Index Options'!$D:$D,$A103,'BSE - SENSEX Index Options'!$B:$B,"Thursday")+SUMIFS('BSE - Other Index Options'!$L:$L,'BSE - Other Index Options'!$D:$D,$A103,'BSE - Other Index Options'!$B:$B,"Thursday")=0,"",SUMIFS('BSE - SENSEX Index Options'!$L:$L,'BSE - SENSEX Index Options'!$D:$D,$A103,'BSE - SENSEX Index Options'!$B:$B,"Thursday")+SUMIFS('BSE - Other Index Options'!$L:$L,'BSE - Other Index Options'!$D:$D,$A103,'BSE - Other Index Options'!$B:$B,"Thursday")) -> 1812.6836 | D103: =IF(SUM(B103:C103)=0,"",SUM(B103)/SUM(B103:C103)) -> 0.42916553 | E103: =IF(SUM(B103:C103)=0,"",SUM(C103)/SUM(B103:C103)) -> 0.57083447
A104: 45992 | B104: =IF(SUMIFS('NSE - NIFTY Index Options'!$L:$L,'NSE - NIFTY Index Options'!$D:$D,$A104,'NSE - NIFTY Index Options'!$B:$B,"Thursday")+SUMIFS('NSE - Other Index Options'!$L:$L,'NSE - Other Index Options'!$D:$D,$A104,'NSE - Other Index Options'!$B:$B,"Thursday")=0,"",SUMIFS('NSE - NIFTY Index Options'!$L:$L,'NSE - NIFTY Index Options'!$D:$D,$A104,'NSE - NIFTY Index Options'!$B:$B,"Thursday")+SUMIFS('NSE - Other Index Options'!$L:$L,'NSE - Other Index Options'!$D:$D,$A104,'NSE - Other Index Options'!$B:$B,"Thursday")) -> 1022.5356 | C104: =IF(SUMIFS('BSE - SENSEX Index Options'!$L:$L,'BSE - SENSEX Index Options'!$D:$D,$A104,'BSE - SENSEX Index Options'!$B:$B,"Thursday")+SUMIFS('BSE - Other Index Options'!$L:$L,'BSE - Other Index Options'!$D:$D,$A104,'BSE - Other Index Options'!$B:$B,"Thursday")=0,"",SUMIFS('BSE - SENSEX Index Options'!$L:$L,'BSE - SENSEX Index Options'!$D:$D,$A104,'BSE - SENSEX Index Options'!$B:$B,"Thursday")+SUMIFS('BSE - Other Index Options'!$L:$L,'BSE - Other Index Options'!$D:$D,$A104,'BSE - Other Index Options'!$B:$B,"Thursday")) -> 1459.9971 | D104: =IF(SUM(B104:C104)=0,"",SUM(B104)/SUM(B104:C104)) -> 0.4118921 | E104: =IF(SUM(B104:C104)=0,"",SUM(C104)/SUM(B104:C104)) -> 0.5881079
A105: 46023 | B105: =IF(SUMIFS('NSE - NIFTY Index Options'!$L:$L,'NSE - NIFTY Index Options'!$D:$D,$A105,'NSE - NIFTY Index Options'!$B:$B,"Thursday")+SUMIFS('NSE - Other Index Options'!$L:$L,'NSE - Other Index Options'!$D:$D,$A105,'NSE - Other Index Options'!$B:$B,"Thursday")=0,"",SUMIFS('NSE - NIFTY Index Options'!$L:$L,'NSE - NIFTY Index Options'!$D:$D,$A105,'NSE - NIFTY Index Options'!$B:$B,"Thursday")+SUMIFS('NSE - Other Index Options'!$L:$L,'NSE - Other Index Options'!$D:$D,$A105,'NSE - Other Index Options'!$B:$B,"Thursday")) -> 1485.9673 | C105: =IF(SUMIFS('BSE - SENSEX Index Options'!$L:$L,'BSE - SENSEX Index Options'!$D:$D,$A105,'BSE - SENSEX Index Options'!$B:$B,"Thursday")+SUMIFS('BSE - Other Index Options'!$L:$L,'BSE - Other Index Options'!$D:$D,$A105,'BSE - Other Index Options'!$B:$B,"Thursday")=0,"",SUMIFS('BSE - SENSEX Index Options'!$L:$L,'BSE - SENSEX Index Options'!$D:$D,$A105,'BSE - SENSEX Index Options'!$B:$B,"Thursday")+SUMIFS('BSE - Other Index Options'!$L:$L,'BSE - Other Index Options'!$D:$D,$A105,'BSE - Other Index Options'!$B:$B,"Thursday")) -> 2268.1805 | D105: =IF(SUM(B105:C105)=0,"",SUM(B105)/SUM(B105:C105)) -> 0.39582014 | E105: =IF(SUM(B105:C105)=0,"",SUM(C105)/SUM(B105:C105)) -> 0.60417986
A106: 46054 | B106: =IF(SUMIFS('NSE - NIFTY Index Options'!$L:$L,'NSE - NIFTY Index Options'!$D:$D,$A106,'NSE - NIFTY Index Options'!$B:$B,"Thursday")+SUMIFS('NSE - Other Index Options'!$L:$L,'NSE - Other Index Options'!$D:$D,$A106,'NSE - Other Index Options'!$B:$B,"Thursday")=0,"",SUMIFS('NSE - NIFTY Index Options'!$L:$L,'NSE - NIFTY Index Options'!$D:$D,$A106,'NSE - NIFTY Index Options'!$B:$B,"Thursday")+SUMIFS('NSE - Other Index Options'!$L:$L,'NSE - Other Index Options'!$D:$D,$A106,'NSE - Other Index Options'!$B:$B,"Thursday")) -> 1436.9841 | C106: =IF(SUMIFS('BSE - SENSEX Index Options'!$L:$L,'BSE - SENSEX Index Options'!$D:$D,$A106,'BSE - SENSEX Index Options'!$B:$B,"Thursday")+SUMIFS('BSE - Other Index Options'!$L:$L,'BSE - Other Index Options'!$D:$D,$A106,'BSE - Other Index Options'!$B:$B,"Thursday")=0,"",SUMIFS('BSE - SENSEX Index Options'!$L:$L,'BSE - SENSEX Index Options'!$D:$D,$A106,'BSE - SENSEX Index Options'!$B:$B,"Thursday")+SUMIFS('BSE - Other Index Options'!$L:$L,'BSE - Other Index Options'!$D:$D,$A106,'BSE - Other Index Options'!$B:$B,"Thursday")) -> 2194.0209 | D106: =IF(SUM(B106:C106)=0,"",SUM(B106)/SUM(B106:C106)) -> 0.39575382 | E106: =IF(SUM(B106:C106)=0,"",SUM(C106)/SUM(B106:C106)) -> 0.60424618
A107: 46082 | B107: =IF(SUMIFS('NSE - NIFTY Index Options'!$L:$L,'NSE - NIFTY Index Options'!$D:$D,$A107,'NSE - NIFTY Index Options'!$B:$B,"Thursday")+SUMIFS('NSE - Other Index Options'!$L:$L,'NSE - Other Index Options'!$D:$D,$A107,'NSE - Other Index Options'!$B:$B,"Thursday")=0,"",SUMIFS('NSE - NIFTY Index Options'!$L:$L,'NSE - NIFTY Index Options'!$D:$D,$A107,'NSE - NIFTY Index Options'!$B:$B,"Thursday")+SUMIFS('NSE - Other Index Options'!$L:$L,'NSE - Other Index Options'!$D:$D,$A107,'NSE - Other Index Options'!$B:$B,"Thursday")) -> 1663.3694 | C107: =IF(SUMIFS('BSE - SENSEX Index Options'!$L:$L,'BSE - SENSEX Index Options'!$D:$D,$A107,'BSE - SENSEX Index Options'!$B:$B,"Thursday")+SUMIFS('BSE - Other Index Options'!$L:$L,'BSE - Other Index Options'!$D:$D,$A107,'BSE - Other Index Options'!$B:$B,"Thursday")=0,"",SUMIFS('BSE - SENSEX Index Options'!$L:$L,'BSE - SENSEX Index Options'!$D:$D,$A107,'BSE - SENSEX Index Options'!$B:$B,"Thursday")+SUMIFS('BSE - Other Index Options'!$L:$L,'BSE - Other Index Options'!$D:$D,$A107,'BSE - Other Index Options'!$B:$B,"Thursday")) -> 2300.8167 | D107: =IF(SUM(B107:C107)=0,"",SUM(B107)/SUM(B107:C107)) -> 0.41959922 | E107: =IF(SUM(B107:C107)=0,"",SUM(C107)/SUM(B107:C107)) -> 0.58040078
A108: 46113 | B108: =IF(SUMIFS('NSE - NIFTY Index Options'!$L:$L,'NSE - NIFTY Index Options'!$D:$D,$A108,'NSE - NIFTY Index Options'!$B:$B,"Thursday")+SUMIFS('NSE - Other Index Options'!$L:$L,'NSE - Other Index Options'!$D:$D,$A108,'NSE - Other Index Options'!$B:$B,"Thursday")=0,"",SUMIFS('NSE - NIFTY Index Options'!$L:$L,'NSE - NIFTY Index Options'!$D:$D,$A108,'NSE - NIFTY Index Options'!$B:$B,"Thursday")+SUMIFS('NSE - Other Index Options'!$L:$L,'NSE - Other Index Options'!$D:$D,$A108,'NSE - Other Index Options'!$B:$B,"Thursday")) -> 2023.6242 | C108: =IF(SUMIFS('BSE - SENSEX Index Options'!$L:$L,'BSE - SENSEX Index Options'!$D:$D,$A108,'BSE - SENSEX Index Options'!$B:$B,"Thursday")+SUMIFS('BSE - Other Index Options'!$L:$L,'BSE - Other Index Options'!$D:$D,$A108,'BSE - Other Index Options'!$B:$B,"Thursday")=0,"",SUMIFS('BSE - SENSEX Index Options'!$L:$L,'BSE - SENSEX Index Options'!$D:$D,$A108,'BSE - SENSEX Index Options'!$B:$B,"Thursday")+SUMIFS('BSE - Other Index Options'!$L:$L,'BSE - Other Index Options'!$D:$D,$A108,'BSE - Other Index Options'!$B:$B,"Thursday")) -> 3625.0086 | D108: =IF(SUM(B108:C108)=0,"",SUM(B108)/SUM(B108:C108)) -> 0.35825027 | E108: =IF(SUM(B108:C108)=0,"",SUM(C108)/SUM(B108:C108)) -> 0.64174973
A109: 46143 | B109: =IF(SUMIFS('NSE - NIFTY Index Options'!$L:$L,'NSE - NIFTY Index Options'!$D:$D,$A109,'NSE - NIFTY Index Options'!$B:$B,"Thursday")+SUMIFS('NSE - Other Index Options'!$L:$L,'NSE - Other Index Options'!$D:$D,$A109,'NSE - Other Index Options'!$B:$B,"Thursday")=0,"",SUMIFS('NSE - NIFTY Index Options'!$L:$L,'NSE - NIFTY Index Options'!$D:$D,$A109,'NSE - NIFTY Index Options'!$B:$B,"Thursday")+SUMIFS('NSE - Other Index Options'!$L:$L,'NSE - Other Index Options'!$D:$D,$A109,'NSE - Other Index Options'!$B:$B,"Thursday")) -> 1159.7728 | C109: =IF(SUMIFS('BSE - SENSEX Index Options'!$L:$L,'BSE - SENSEX Index Options'!$D:$D,$A109,'BSE - SENSEX Index Options'!$B:$B,"Thursday")+SUMIFS('BSE - Other Index Options'!$L:$L,'BSE - Other Index Options'!$D:$D,$A109,'BSE - Other Index Options'!$B:$B,"Thursday")=0,"",SUMIFS('BSE - SENSEX Index Options'!$L:$L,'BSE - SENSEX Index Options'!$D:$D,$A109,'BSE - SENSEX Index Options'!$B:$B,"Thursday")+SUMIFS('BSE - Other Index Options'!$L:$L,'BSE - Other Index Options'!$D:$D,$A109,'BSE - Other Index Options'!$B:$B,"Thursday")) -> 2217.5471 | D109: =IF(SUM(B109:C109)=0,"",SUM(B109)/SUM(B109:C109)) -> 0.34340034 | E109: =IF(SUM(B109:C109)=0,"",SUM(C109)/SUM(B109:C109)) -> 0.65659966
A110: 46174 | B110: =IF(SUMIFS('NSE - NIFTY Index Options'!$L:$L,'NSE - NIFTY Index Options'!$D:$D,$A110,'NSE - NIFTY Index Options'!$B:$B,"Thursday")+SUMIFS('NSE - Other Index Options'!$L:$L,'NSE - Other Index Options'!$D:$D,$A110,'NSE - Other Index Options'!$B:$B,"Thursday")=0,"",SUMIFS('NSE - NIFTY Index Options'!$L:$L,'NSE - NIFTY Index Options'!$D:$D,$A110,'NSE - NIFTY Index Options'!$B:$B,"Thursday")+SUMIFS('NSE - Other Index Options'!$L:$L,'NSE - Other Index Options'!$D:$D,$A110,'NSE - Other Index Options'!$B:$B,"Thursday")) -> 1294.1112 | C110: =IF(SUMIFS('BSE - SENSEX Index Options'!$L:$L,'BSE - SENSEX Index Options'!$D:$D,$A110,'BSE - SENSEX Index Options'!$B:$B,"Thursday")+SUMIFS('BSE - Other Index Options'!$L:$L,'BSE - Other Index Options'!$D:$D,$A110,'BSE - Other Index Options'!$B:$B,"Thursday")=0,"",SUMIFS('BSE - SENSEX Index Options'!$L:$L,'BSE - SENSEX Index Options'!$D:$D,$A110,'BSE - SENSEX Index Options'!$B:$B,"Thursday")+SUMIFS('BSE - Other Index Options'!$L:$L,'BSE - Other Index Options'!$D:$D,$A110,'BSE - Other Index Options'!$B:$B,"Thursday")) -> 2469.1596 | D110: =IF(SUM(B110:C110)=0,"",SUM(B110)/SUM(B110:C110)) -> 0.34387937 | E110: =IF(SUM(B110:C110)=0,"",SUM(C110)/SUM(B110:C110)) -> 0.65612063
A111: 46204 | B111: =IF(SUMIFS('NSE - NIFTY Index Options'!$L:$L,'NSE - NIFTY Index Options'!$D:$D,$A111,'NSE - NIFTY Index Options'!$B:$B,"Thursday")+SUMIFS('NSE - Other Index Options'!$L:$L,'NSE - Other Index Options'!$D:$D,$A111,'NSE - Other Index Options'!$B:$B,"Thursday")=0,"",SUMIFS('NSE - NIFTY Index Options'!$L:$L,'NSE - NIFTY Index Options'!$D:$D,$A111,'NSE - NIFTY Index Options'!$B:$B,"Thursday")+SUMIFS('NSE - Other Index Options'!$L:$L,'NSE - Other Index Options'!$D:$D,$A111,'NSE - Other Index Options'!$B:$B,"Thursday")) -> 810.6268 | C111: =IF(SUMIFS('BSE - SENSEX Index Options'!$L:$L,'BSE - SENSEX Index Options'!$D:$D,$A111,'BSE - SENSEX Index Options'!$B:$B,"Thursday")+SUMIFS('BSE - Other Index Options'!$L:$L,'BSE - Other Index Options'!$D:$D,$A111,'BSE - Other Index Options'!$B:$B,"Thursday")=0,"",SUMIFS('BSE - SENSEX Index Options'!$L:$L,'BSE - SENSEX Index Options'!$D:$D,$A111,'BSE - SENSEX Index Options'!$B:$B,"Thursday")+SUMIFS('BSE - Other Index Options'!$L:$L,'BSE - Other Index Options'!$D:$D,$A111,'BSE - Other Index Options'!$B:$B,"Thursday")) -> 1741.2141 | D111: =IF(SUM(B111:C111)=0,"",SUM(B111)/SUM(B111:C111)) -> 0.31766353 | E111: =IF(SUM(B111:C111)=0,"",SUM(C111)/SUM(B111:C111)) -> 0.68233647
A112: 46235 | B112: =IF(SUMIFS('NSE - NIFTY Index Options'!$L:$L,'NSE - NIFTY Index Options'!$D:$D,$A112,'NSE - NIFTY Index Options'!$B:$B,"Thursday")+SUMIFS('NSE - Other Index Options'!$L:$L,'NSE - Other Index Options'!$D:$D,$A112,'NSE - Other Index Options'!$B:$B,"Thursday")=0,"",SUMIFS('NSE - NIFTY Index Options'!$L:$L,'NSE - NIFTY Index Options'!$D:$D,$A112,'NSE - NIFTY Index Options'!$B:$B,"Thursday")+SUMIFS('NSE - Other Index Options'!$L:$L,'NSE - Other Index Options'!$D:$D,$A112,'NSE - Other Index Options'!$B:$B,"Thursday")) | C112: =IF(SUMIFS('BSE - SENSEX Index Options'!$L:$L,'BSE - SENSEX Index Options'!$D:$D,$A112,'BSE - SENSEX Index Options'!$B:$B,"Thursday")+SUMIFS('BSE - Other Index Options'!$L:$L,'BSE - Other Index Options'!$D:$D,$A112,'BSE - Other Index Options'!$B:$B,"Thursday")=0,"",SUMIFS('BSE - SENSEX Index Options'!$L:$L,'BSE - SENSEX Index Options'!$D:$D,$A112,'BSE - SENSEX Index Options'!$B:$B,"Thursday")+SUMIFS('BSE - Other Index Options'!$L:$L,'BSE - Other Index Options'!$D:$D,$A112,'BSE - Other Index Options'!$B:$B,"Thursday")) | D112: =IF(SUM(B112:C112)=0,"",SUM(B112)/SUM(B112:C112)) | E112: =IF(SUM(B112:C112)=0,"",SUM(C112)/SUM(B112:C112))
... A128: 46722 | B128: =IF(SUMIFS('NSE - NIFTY Index Options'!$L:$L,'NSE - NIFTY Index Options'!$D:$D,$A128,'NSE - NIFTY Index Options'!$B:$B,"Thursday")+SUMIFS('NSE - Other Index Options'!$L:$L,'NSE - Other Index Options'!$D:$D,$A128,'NSE - Other Index Options'!$B:$B,"Thursday")=0,"",SUMIFS('NSE - NIFTY Index Options'!$L:$L,'NSE - NIFTY Index Options'!$D:$D,$A128,'NSE - NIFTY Index Options'!$B:$B,"Thursday")+SUMIFS('NSE - Other Index Options'!$L:$L,'NSE - Other Index Options'!$D:$D,$A128,'NSE - Other Index Options'!$B:$B,"Thursday")) | C128: =IF(SUMIFS('BSE - SENSEX Index Options'!$L:$L,'BSE - SENSEX Index Options'!$D:$D,$A128,'BSE - SENSEX Index Options'!$B:$B,"Thursday")+SUMIFS('BSE - Other Index Options'!$L:$L,'BSE - Other Index Options'!$D:$D,$A128,'BSE - Other Index Options'!$B:$B,"Thursday")=0,"",SUMIFS('BSE - SENSEX Index Options'!$L:$L,'BSE - SENSEX Index Options'!$D:$D,$A128,'BSE - SENSEX Index Options'!$B:$B,"Thursday")+SUMIFS('BSE - Other Index Options'!$L:$L,'BSE - Other Index Options'!$D:$D,$A128,'BSE - Other Index Options'!$B:$B,"Thursday")) | D128: =IF(SUM(B128:C128)=0,"",SUM(B128)/SUM(B128:C128)) | E128: =IF(SUM(B128:C128)=0,"",SUM(C128)/SUM(B128:C128))
A129: Total | B129: =IF(SUM(B101:B128)=0,"",SUM(B101:B128)) -> 14919.609 | C129: =IF(SUM(C101:C128)=0,"",SUM(C101:C128)) -> 23294.281 | D129: =IF(SUM(B129:C129)=0,"",SUM(B129)/SUM(B129:C129)) -> 0.39042371 | E129: =IF(SUM(B129:C129)=0,"",SUM(C129)/SUM(B129:C129)) -> 0.60957629
A131: Friday Trade Day
A132: Month | B132: NSE Premium Turnover (INR Bn) | C132: BSE Premium Turnover (INR Bn) | D132: NSE Market Share | E132: BSE Market Share
A133: 45901 | B133: =IF(SUMIFS('NSE - NIFTY Index Options'!$L:$L,'NSE - NIFTY Index Options'!$D:$D,$A133,'NSE - NIFTY Index Options'!$B:$B,"Friday")+SUMIFS('NSE - Other Index Options'!$L:$L,'NSE - Other Index Options'!$D:$D,$A133,'NSE - Other Index Options'!$B:$B,"Friday")=0,"",SUMIFS('NSE - NIFTY Index Options'!$L:$L,'NSE - NIFTY Index Options'!$D:$D,$A133,'NSE - NIFTY Index Options'!$B:$B,"Friday")+SUMIFS('NSE - Other Index Options'!$L:$L,'NSE - Other Index Options'!$D:$D,$A133,'NSE - Other Index Options'!$B:$B,"Friday")) -> 1722.4309 | C133: =IF(SUMIFS('BSE - SENSEX Index Options'!$L:$L,'BSE - SENSEX Index Options'!$D:$D,$A133,'BSE - SENSEX Index Options'!$B:$B,"Friday")+SUMIFS('BSE - Other Index Options'!$L:$L,'BSE - Other Index Options'!$D:$D,$A133,'BSE - Other Index Options'!$B:$B,"Friday")=0,"",SUMIFS('BSE - SENSEX Index Options'!$L:$L,'BSE - SENSEX Index Options'!$D:$D,$A133,'BSE - SENSEX Index Options'!$B:$B,"Friday")+SUMIFS('BSE - Other Index Options'!$L:$L,'BSE - Other Index Options'!$D:$D,$A133,'BSE - Other Index Options'!$B:$B,"Friday")) -> 311.1398 | D133: =IF(SUM(B133:C133)=0,"",SUM(B133)/SUM(B133:C133)) -> 0.84699829 | E133: =IF(SUM(B133:C133)=0,"",SUM(C133)/SUM(B133:C133)) -> 0.15300171
A134: 45931 | B134: =IF(SUMIFS('NSE - NIFTY Index Options'!$L:$L,'NSE - NIFTY Index Options'!$D:$D,$A134,'NSE - NIFTY Index Options'!$B:$B,"Friday")+SUMIFS('NSE - Other Index Options'!$L:$L,'NSE - Other Index Options'!$D:$D,$A134,'NSE - Other Index Options'!$B:$B,"Friday")=0,"",SUMIFS('NSE - NIFTY Index Options'!$L:$L,'NSE - NIFTY Index Options'!$D:$D,$A134,'NSE - NIFTY Index Options'!$B:$B,"Friday")+SUMIFS('NSE - Other Index Options'!$L:$L,'NSE - Other Index Options'!$D:$D,$A134,'NSE - Other Index Options'!$B:$B,"Friday")) -> 2791.9609 | C134: =IF(SUMIFS('BSE - SENSEX Index Options'!$L:$L,'BSE - SENSEX Index Options'!$D:$D,$A134,'BSE - SENSEX Index Options'!$B:$B,"Friday")+SUMIFS('BSE - Other Index Options'!$L:$L,'BSE - Other Index Options'!$D:$D,$A134,'BSE - Other Index Options'!$B:$B,"Friday")=0,"",SUMIFS('BSE - SENSEX Index Options'!$L:$L,'BSE - SENSEX Index Options'!$D:$D,$A134,'BSE - SENSEX Index Options'!$B:$B,"Friday")+SUMIFS('BSE - Other Index Options'!$L:$L,'BSE - Other Index Options'!$D:$D,$A134,'BSE - Other Index Options'!$B:$B,"Friday")) -> 526.4608 | D134: =IF(SUM(B134:C134)=0,"",SUM(B134)/SUM(B134:C134)) -> 0.84135205 | E134: =IF(SUM(B134:C134)=0,"",SUM(C134)/SUM(B134:C134)) -> 0.15864795
A135: 45962 | B135: =IF(SUMIFS('NSE - NIFTY Index Options'!$L:$L,'NSE - NIFTY Index Options'!$D:$D,$A135,'NSE - NIFTY Index Options'!$B:$B,"Friday")+SUMIFS('NSE - Other Index Options'!$L:$L,'NSE - Other Index Options'!$D:$D,$A135,'NSE - Other Index Options'!$B:$B,"Friday")=0,"",SUMIFS('NSE - NIFTY Index Options'!$L:$L,'NSE - NIFTY Index Options'!$D:$D,$A135,'NSE - NIFTY Index Options'!$B:$B,"Friday")+SUMIFS('NSE - Other Index Options'!$L:$L,'NSE - Other Index Options'!$D:$D,$A135,'NSE - Other Index Options'!$B:$B,"Friday")) -> 2164.5202 | C135: =IF(SUMIFS('BSE - SENSEX Index Options'!$L:$L,'BSE - SENSEX Index Options'!$D:$D,$A135,'BSE - SENSEX Index Options'!$B:$B,"Friday")+SUMIFS('BSE - Other Index Options'!$L:$L,'BSE - Other Index Options'!$D:$D,$A135,'BSE - Other Index Options'!$B:$B,"Friday")=0,"",SUMIFS('BSE - SENSEX Index Options'!$L:$L,'BSE - SENSEX Index Options'!$D:$D,$A135,'BSE - SENSEX Index Options'!$B:$B,"Friday")+SUMIFS('BSE - Other Index Options'!$L:$L,'BSE - Other Index Options'!$D:$D,$A135,'BSE - Other Index Options'!$B:$B,"Friday")) -> 388.683 | D135: =IF(SUM(B135:C135)=0,"",SUM(B135)/SUM(B135:C135)) -> 0.84776652 | E135: =IF(SUM(B135:C135)=0,"",SUM(C135)/SUM(B135:C135)) -> 0.15223348
A136: 45992 | B136: =IF(SUMIFS('NSE - NIFTY Index Options'!$L:$L,'NSE - NIFTY Index Options'!$D:$D,$A136,'NSE - NIFTY Index Options'!$B:$B,"Friday")+SUMIFS('NSE - Other Index Options'!$L:$L,'NSE - Other Index Options'!$D:$D,$A136,'NSE - Other Index Options'!$B:$B,"Friday")=0,"",SUMIFS('NSE - NIFTY Index Options'!$L:$L,'NSE - NIFTY Index Options'!$D:$D,$A136,'NSE - NIFTY Index Options'!$B:$B,"Friday")+SUMIFS('NSE - Other Index Options'!$L:$L,'NSE - Other Index Options'!$D:$D,$A136,'NSE - Other Index Options'!$B:$B,"Friday")) -> 1666.1984 | C136: =IF(SUMIFS('BSE - SENSEX Index Options'!$L:$L,'BSE - SENSEX Index Options'!$D:$D,$A136,'BSE - SENSEX Index Options'!$B:$B,"Friday")+SUMIFS('BSE - Other Index Options'!$L:$L,'BSE - Other Index Options'!$D:$D,$A136,'BSE - Other Index Options'!$B:$B,"Friday")=0,"",SUMIFS('BSE - SENSEX Index Options'!$L:$L,'BSE - SENSEX Index Options'!$D:$D,$A136,'BSE - SENSEX Index Options'!$B:$B,"Friday")+SUMIFS('BSE - Other Index Options'!$L:$L,'BSE - Other Index Options'!$D:$D,$A136,'BSE - Other Index Options'!$B:$B,"Friday")) -> 347.1349 | D136: =IF(SUM(B136:C136)=0,"",SUM(B136)/SUM(B136:C136)) -> 0.827582 | E136: =IF(SUM(B136:C136)=0,"",SUM(C136)/SUM(B136:C136)) -> 0.172418
A137: 46023 | B137: =IF(SUMIFS('NSE - NIFTY Index Options'!$L:$L,'NSE - NIFTY Index Options'!$D:$D,$A137,'NSE - NIFTY Index Options'!$B:$B,"Friday")+SUMIFS('NSE - Other Index Options'!$L:$L,'NSE - Other Index Options'!$D:$D,$A137,'NSE - Other Index Options'!$B:$B,"Friday")=0,"",SUMIFS('NSE - NIFTY Index Options'!$L:$L,'NSE - NIFTY Index Options'!$D:$D,$A137,'NSE - NIFTY Index Options'!$B:$B,"Friday")+SUMIFS('NSE - Other Index Options'!$L:$L,'NSE - Other Index Options'!$D:$D,$A137,'NSE - Other Index Options'!$B:$B,"Friday")) -> 2992.4796 | C137: =IF(SUMIFS('BSE - SENSEX Index Options'!$L:$L,'BSE - SENSEX Index Options'!$D:$D,$A137,'BSE - SENSEX Index Options'!$B:$B,"Friday")+SUMIFS('BSE - Other Index Options'!$L:$L,'BSE - Other Index Options'!$D:$D,$A137,'BSE - Other Index Options'!$B:$B,"Friday")=0,"",SUMIFS('BSE - SENSEX Index Options'!$L:$L,'BSE - SENSEX Index Options'!$D:$D,$A137,'BSE - SENSEX Index Options'!$B:$B,"Friday")+SUMIFS('BSE - Other Index Options'!$L:$L,'BSE - Other Index Options'!$D:$D,$A137,'BSE - Other Index Options'!$B:$B,"Friday")) -> 625.4453 | D137: =IF(SUM(B137:C137)=0,"",SUM(B137)/SUM(B137:C137)) -> 0.82712596 | E137: =IF(SUM(B137:C137)=0,"",SUM(C137)/SUM(B137:C137)) -> 0.17287404
A138: 46054 | B138: =IF(SUMIFS('NSE - NIFTY Index Options'!$L:$L,'NSE - NIFTY Index Options'!$D:$D,$A138,'NSE - NIFTY Index Options'!$B:$B,"Friday")+SUMIFS('NSE - Other Index Options'!$L:$L,'NSE - Other Index Options'!$D:$D,$A138,'NSE - Other Index Options'!$B:$B,"Friday")=0,"",SUMIFS('NSE - NIFTY Index Options'!$L:$L,'NSE - NIFTY Index Options'!$D:$D,$A138,'NSE - NIFTY Index Options'!$B:$B,"Friday")+SUMIFS('NSE - Other Index Options'!$L:$L,'NSE - Other Index Options'!$D:$D,$A138,'NSE - Other Index Options'!$B:$B,"Friday")) -> 2555.1462 | C138: =IF(SUMIFS('BSE - SENSEX Index Options'!$L:$L,'BSE - SENSEX Index Options'!$D:$D,$A138,'BSE - SENSEX Index Options'!$B:$B,"Friday")+SUMIFS('BSE - Other Index Options'!$L:$L,'BSE - Other Index Options'!$D:$D,$A138,'BSE - Other Index Options'!$B:$B,"Friday")=0,"",SUMIFS('BSE - SENSEX Index Options'!$L:$L,'BSE - SENSEX Index Options'!$D:$D,$A138,'BSE - SENSEX Index Options'!$B:$B,"Friday")+SUMIFS('BSE - Other Index Options'!$L:$L,'BSE - Other Index Options'!$D:$D,$A138,'BSE - Other Index Options'!$B:$B,"Friday")) -> 501.6556 | D138: =IF(SUM(B138:C138)=0,"",SUM(B138)/SUM(B138:C138)) -> 0.83588874 | E138: =IF(SUM(B138:C138)=0,"",SUM(C138)/SUM(B138:C138)) -> 0.16411126
A139: 46082 | B139: =IF(SUMIFS('NSE - NIFTY Index Options'!$L:$L,'NSE - NIFTY Index Options'!$D:$D,$A139,'NSE - NIFTY Index Options'!$B:$B,"Friday")+SUMIFS('NSE - Other Index Options'!$L:$L,'NSE - Other Index Options'!$D:$D,$A139,'NSE - Other Index Options'!$B:$B,"Friday")=0,"",SUMIFS('NSE - NIFTY Index Options'!$L:$L,'NSE - NIFTY Index Options'!$D:$D,$A139,'NSE - NIFTY Index Options'!$B:$B,"Friday")+SUMIFS('NSE - Other Index Options'!$L:$L,'NSE - Other Index Options'!$D:$D,$A139,'NSE - Other Index Options'!$B:$B,"Friday")) -> 3435.8659 | C139: =IF(SUMIFS('BSE - SENSEX Index Options'!$L:$L,'BSE - SENSEX Index Options'!$D:$D,$A139,'BSE - SENSEX Index Options'!$B:$B,"Friday")+SUMIFS('BSE - Other Index Options'!$L:$L,'BSE - Other Index Options'!$D:$D,$A139,'BSE - Other Index Options'!$B:$B,"Friday")=0,"",SUMIFS('BSE - SENSEX Index Options'!$L:$L,'BSE - SENSEX Index Options'!$D:$D,$A139,'BSE - SENSEX Index Options'!$B:$B,"Friday")+SUMIFS('BSE - Other Index Options'!$L:$L,'BSE - Other Index Options'!$D:$D,$A139,'BSE - Other Index Options'!$B:$B,"Friday")) -> 517.8135 | D139: =IF(SUM(B139:C139)=0,"",SUM(B139)/SUM(B139:C139)) -> 0.86902997 | E139: =IF(SUM(B139:C139)=0,"",SUM(C139)/SUM(B139:C139)) -> 0.13097003
A140: 46113 | B140: =IF(SUMIFS('NSE - NIFTY Index Options'!$L:$L,'NSE - NIFTY Index Options'!$D:$D,$A140,'NSE - NIFTY Index Options'!$B:$B,"Friday")+SUMIFS('NSE - Other Index Options'!$L:$L,'NSE - Other Index Options'!$D:$D,$A140,'NSE - Other Index Options'!$B:$B,"Friday")=0,"",SUMIFS('NSE - NIFTY Index Options'!$L:$L,'NSE - NIFTY Index Options'!$D:$D,$A140,'NSE - NIFTY Index Options'!$B:$B,"Friday")+SUMIFS('NSE - Other Index Options'!$L:$L,'NSE - Other Index Options'!$D:$D,$A140,'NSE - Other Index Options'!$B:$B,"Friday")) -> 1649.191 | C140: =IF(SUMIFS('BSE - SENSEX Index Options'!$L:$L,'BSE - SENSEX Index Options'!$D:$D,$A140,'BSE - SENSEX Index Options'!$B:$B,"Friday")+SUMIFS('BSE - Other Index Options'!$L:$L,'BSE - Other Index Options'!$D:$D,$A140,'BSE - Other Index Options'!$B:$B,"Friday")=0,"",SUMIFS('BSE - SENSEX Index Options'!$L:$L,'BSE - SENSEX Index Options'!$D:$D,$A140,'BSE - SENSEX Index Options'!$B:$B,"Friday")+SUMIFS('BSE - Other Index Options'!$L:$L,'BSE - Other Index Options'!$D:$D,$A140,'BSE - Other Index Options'!$B:$B,"Friday")) -> 284.8807 | D140: =IF(SUM(B140:C140)=0,"",SUM(B140)/SUM(B140:C140)) -> 0.85270417 | E140: =IF(SUM(B140:C140)=0,"",SUM(C140)/SUM(B140:C140)) -> 0.14729583
A141: 46143 | B141: =IF(SUMIFS('NSE - NIFTY Index Options'!$L:$L,'NSE - NIFTY Index Options'!$D:$D,$A141,'NSE - NIFTY Index Options'!$B:$B,"Friday")+SUMIFS('NSE - Other Index Options'!$L:$L,'NSE - Other Index Options'!$D:$D,$A141,'NSE - Other Index Options'!$B:$B,"Friday")=0,"",SUMIFS('NSE - NIFTY Index Options'!$L:$L,'NSE - NIFTY Index Options'!$D:$D,$A141,'NSE - NIFTY Index Options'!$B:$B,"Friday")+SUMIFS('NSE - Other Index Options'!$L:$L,'NSE - Other Index Options'!$D:$D,$A141,'NSE - Other Index Options'!$B:$B,"Friday")) -> 2332.423 | C141: =IF(SUMIFS('BSE - SENSEX Index Options'!$L:$L,'BSE - SENSEX Index Options'!$D:$D,$A141,'BSE - SENSEX Index Options'!$B:$B,"Friday")+SUMIFS('BSE - Other Index Options'!$L:$L,'BSE - Other Index Options'!$D:$D,$A141,'BSE - Other Index Options'!$B:$B,"Friday")=0,"",SUMIFS('BSE - SENSEX Index Options'!$L:$L,'BSE - SENSEX Index Options'!$D:$D,$A141,'BSE - SENSEX Index Options'!$B:$B,"Friday")+SUMIFS('BSE - Other Index Options'!$L:$L,'BSE - Other Index Options'!$D:$D,$A141,'BSE - Other Index Options'!$B:$B,"Friday")) -> 457.2509 | D141: =IF(SUM(B141:C141)=0,"",SUM(B141)/SUM(B141:C141)) -> 0.83609163 | E141: =IF(SUM(B141:C141)=0,"",SUM(C141)/SUM(B141:C141)) -> 0.16390837
A142: 46174 | B142: =IF(SUMIFS('NSE - NIFTY Index Options'!$L:$L,'NSE - NIFTY Index Options'!$D:$D,$A142,'NSE - NIFTY Index Options'!$B:$B,"Friday")+SUMIFS('NSE - Other Index Options'!$L:$L,'NSE - Other Index Options'!$D:$D,$A142,'NSE - Other Index Options'!$B:$B,"Friday")=0,"",SUMIFS('NSE - NIFTY Index Options'!$L:$L,'NSE - NIFTY Index Options'!$D:$D,$A142,'NSE - NIFTY Index Options'!$B:$B,"Friday")+SUMIFS('NSE - Other Index Options'!$L:$L,'NSE - Other Index Options'!$D:$D,$A142,'NSE - Other Index Options'!$B:$B,"Friday")) -> 1834.4809 | C142: =IF(SUMIFS('BSE - SENSEX Index Options'!$L:$L,'BSE - SENSEX Index Options'!$D:$D,$A142,'BSE - SENSEX Index Options'!$B:$B,"Friday")+SUMIFS('BSE - Other Index Options'!$L:$L,'BSE - Other Index Options'!$D:$D,$A142,'BSE - Other Index Options'!$B:$B,"Friday")=0,"",SUMIFS('BSE - SENSEX Index Options'!$L:$L,'BSE - SENSEX Index Options'!$D:$D,$A142,'BSE - SENSEX Index Options'!$B:$B,"Friday")+SUMIFS('BSE - Other Index Options'!$L:$L,'BSE - Other Index Options'!$D:$D,$A142,'BSE - Other Index Options'!$B:$B,"Friday")) -> 358.8224 | D142: =IF(SUM(B142:C142)=0,"",SUM(B142)/SUM(B142:C142)) -> 0.83640092 | E142: =IF(SUM(B142:C142)=0,"",SUM(C142)/SUM(B142:C142)) -> 0.16359908
A143: 46204 | B143: =IF(SUMIFS('NSE - NIFTY Index Options'!$L:$L,'NSE - NIFTY Index Options'!$D:$D,$A143,'NSE - NIFTY Index Options'!$B:$B,"Friday")+SUMIFS('NSE - Other Index Options'!$L:$L,'NSE - Other Index Options'!$D:$D,$A143,'NSE - Other Index Options'!$B:$B,"Friday")=0,"",SUMIFS('NSE - NIFTY Index Options'!$L:$L,'NSE - NIFTY Index Options'!$D:$D,$A143,'NSE - NIFTY Index Options'!$B:$B,"Friday")+SUMIFS('NSE - Other Index Options'!$L:$L,'NSE - Other Index Options'!$D:$D,$A143,'NSE - Other Index Options'!$B:$B,"Friday")) -> 1321.7581 | C143: =IF(SUMIFS('BSE - SENSEX Index Options'!$L:$L,'BSE - SENSEX Index Options'!$D:$D,$A143,'BSE - SENSEX Index Options'!$B:$B,"Friday")+SUMIFS('BSE - Other Index Options'!$L:$L,'BSE - Other Index Options'!$D:$D,$A143,'BSE - Other Index Options'!$B:$B,"Friday")=0,"",SUMIFS('BSE - SENSEX Index Options'!$L:$L,'BSE - SENSEX Index Options'!$D:$D,$A143,'BSE - SENSEX Index Options'!$B:$B,"Friday")+SUMIFS('BSE - Other Index Options'!$L:$L,'BSE - Other Index Options'!$D:$D,$A143,'BSE - Other Index Options'!$B:$B,"Friday")) -> 300.8993 | D143: =IF(SUM(B143:C143)=0,"",SUM(B143)/SUM(B143:C143)) -> 0.81456388 | E143: =IF(SUM(B143:C143)=0,"",SUM(C143)/SUM(B143:C143)) -> 0.18543612
A144: 46235 | B144: =IF(SUMIFS('NSE - NIFTY Index Options'!$L:$L,'NSE - NIFTY Index Options'!$D:$D,$A144,'NSE - NIFTY Index Options'!$B:$B,"Friday")+SUMIFS('NSE - Other Index Options'!$L:$L,'NSE - Other Index Options'!$D:$D,$A144,'NSE - Other Index Options'!$B:$B,"Friday")=0,"",SUMIFS('NSE - NIFTY Index Options'!$L:$L,'NSE - NIFTY Index Options'!$D:$D,$A144,'NSE - NIFTY Index Options'!$B:$B,"Friday")+SUMIFS('NSE - Other Index Options'!$L:$L,'NSE - Other Index Options'!$D:$D,$A144,'NSE - Other Index Options'!$B:$B,"Friday")) | C144: =IF(SUMIFS('BSE - SENSEX Index Options'!$L:$L,'BSE - SENSEX Index Options'!$D:$D,$A144,'BSE - SENSEX Index Options'!$B:$B,"Friday")+SUMIFS('BSE - Other Index Options'!$L:$L,'BSE - Other Index Options'!$D:$D,$A144,'BSE - Other Index Options'!$B:$B,"Friday")=0,"",SUMIFS('BSE - SENSEX Index Options'!$L:$L,'BSE - SENSEX Index Options'!$D:$D,$A144,'BSE - SENSEX Index Options'!$B:$B,"Friday")+SUMIFS('BSE - Other Index Options'!$L:$L,'BSE - Other Index Options'!$D:$D,$A144,'BSE - Other Index Options'!$B:$B,"Friday")) | D144: =IF(SUM(B144:C144)=0,"",SUM(B144)/SUM(B144:C144)) | E144: =IF(SUM(B144:C144)=0,"",SUM(C144)/SUM(B144:C144))
... A160: 46722 | B160: =IF(SUMIFS('NSE - NIFTY Index Options'!$L:$L,'NSE - NIFTY Index Options'!$D:$D,$A160,'NSE - NIFTY Index Options'!$B:$B,"Friday")+SUMIFS('NSE - Other Index Options'!$L:$L,'NSE - Other Index Options'!$D:$D,$A160,'NSE - Other Index Options'!$B:$B,"Friday")=0,"",SUMIFS('NSE - NIFTY Index Options'!$L:$L,'NSE - NIFTY Index Options'!$D:$D,$A160,'NSE - NIFTY Index Options'!$B:$B,"Friday")+SUMIFS('NSE - Other Index Options'!$L:$L,'NSE - Other Index Options'!$D:$D,$A160,'NSE - Other Index Options'!$B:$B,"Friday")) | C160: =IF(SUMIFS('BSE - SENSEX Index Options'!$L:$L,'BSE - SENSEX Index Options'!$D:$D,$A160,'BSE - SENSEX Index Options'!$B:$B,"Friday")+SUMIFS('BSE - Other Index Options'!$L:$L,'BSE - Other Index Options'!$D:$D,$A160,'BSE - Other Index Options'!$B:$B,"Friday")=0,"",SUMIFS('BSE - SENSEX Index Options'!$L:$L,'BSE - SENSEX Index Options'!$D:$D,$A160,'BSE - SENSEX Index Options'!$B:$B,"Friday")+SUMIFS('BSE - Other Index Options'!$L:$L,'BSE - Other Index Options'!$D:$D,$A160,'BSE - Other Index Options'!$B:$B,"Friday")) | D160: =IF(SUM(B160:C160)=0,"",SUM(B160)/SUM(B160:C160)) | E160: =IF(SUM(B160:C160)=0,"",SUM(C160)/SUM(B160:C160))
A161: Total | B161: =IF(SUM(B133:B160)=0,"",SUM(B133:B160)) -> 24466.455 | C161: =IF(SUM(C133:C160)=0,"",SUM(C133:C160)) -> 4620.1862 | D161: =IF(SUM(B161:C161)=0,"",SUM(B161)/SUM(B161:C161)) -> 0.8411578 | E161: =IF(SUM(B161:C161)=0,"",SUM(C161)/SUM(B161:C161)) -> 0.1588422
A163: Sunday Trade Day
A164: Month | B164: NSE Premium Turnover (INR Bn) | C164: BSE Premium Turnover (INR Bn) | D164: NSE Market Share | E164: BSE Market Share
A165: 45901 | B165: =IF(SUMIFS('NSE - NIFTY Index Options'!$L:$L,'NSE - NIFTY Index Options'!$D:$D,$A165,'NSE - NIFTY Index Options'!$B:$B,"Sunday")+SUMIFS('NSE - Other Index Options'!$L:$L,'NSE - Other Index Options'!$D:$D,$A165,'NSE - Other Index Options'!$B:$B,"Sunday")=0,"",SUMIFS('NSE - NIFTY Index Options'!$L:$L,'NSE - NIFTY Index Options'!$D:$D,$A165,'NSE - NIFTY Index Options'!$B:$B,"Sunday")+SUMIFS('NSE - Other Index Options'!$L:$L,'NSE - Other Index Options'!$D:$D,$A165,'NSE - Other Index Options'!$B:$B,"Sunday")) | C165: =IF(SUMIFS('BSE - SENSEX Index Options'!$L:$L,'BSE - SENSEX Index Options'!$D:$D,$A165,'BSE - SENSEX Index Options'!$B:$B,"Sunday")+SUMIFS('BSE - Other Index Options'!$L:$L,'BSE - Other Index Options'!$D:$D,$A165,'BSE - Other Index Options'!$B:$B,"Sunday")=0,"",SUMIFS('BSE - SENSEX Index Options'!$L:$L,'BSE - SENSEX Index Options'!$D:$D,$A165,'BSE - SENSEX Index Options'!$B:$B,"Sunday")+SUMIFS('BSE - Other Index Options'!$L:$L,'BSE - Other Index Options'!$D:$D,$A165,'BSE - Other Index Options'!$B:$B,"Sunday")) | D165: =IF(SUM(B165:C165)=0,"",SUM(B165)/SUM(B165:C165)) | E165: =IF(SUM(B165:C165)=0,"",SUM(C165)/SUM(B165:C165))
A166: 45931 | B166: =IF(SUMIFS('NSE - NIFTY Index Options'!$L:$L,'NSE - NIFTY Index Options'!$D:$D,$A166,'NSE - NIFTY Index Options'!$B:$B,"Sunday")+SUMIFS('NSE - Other Index Options'!$L:$L,'NSE - Other Index Options'!$D:$D,$A166,'NSE - Other Index Options'!$B:$B,"Sunday")=0,"",SUMIFS('NSE - NIFTY Index Options'!$L:$L,'NSE - NIFTY Index Options'!$D:$D,$A166,'NSE - NIFTY Index Options'!$B:$B,"Sunday")+SUMIFS('NSE - Other Index Options'!$L:$L,'NSE - Other Index Options'!$D:$D,$A166,'NSE - Other Index Options'!$B:$B,"Sunday")) | C166: =IF(SUMIFS('BSE - SENSEX Index Options'!$L:$L,'BSE - SENSEX Index Options'!$D:$D,$A166,'BSE - SENSEX Index Options'!$B:$B,"Sunday")+SUMIFS('BSE - Other Index Options'!$L:$L,'BSE - Other Index Options'!$D:$D,$A166,'BSE - Other Index Options'!$B:$B,"Sunday")=0,"",SUMIFS('BSE - SENSEX Index Options'!$L:$L,'BSE - SENSEX Index Options'!$D:$D,$A166,'BSE - SENSEX Index Options'!$B:$B,"Sunday")+SUMIFS('BSE - Other Index Options'!$L:$L,'BSE - Other Index Options'!$D:$D,$A166,'BSE - Other Index Options'!$B:$B,"Sunday")) | D166: =IF(SUM(B166:C166)=0,"",SUM(B166)/SUM(B166:C166)) | E166: =IF(SUM(B166:C166)=0,"",SUM(C166)/SUM(B166:C166))
A167: 45962 | B167: =IF(SUMIFS('NSE - NIFTY Index Options'!$L:$L,'NSE - NIFTY Index Options'!$D:$D,$A167,'NSE - NIFTY Index Options'!$B:$B,"Sunday")+SUMIFS('NSE - Other Index Options'!$L:$L,'NSE - Other Index Options'!$D:$D,$A167,'NSE - Other Index Options'!$B:$B,"Sunday")=0,"",SUMIFS('NSE - NIFTY Index Options'!$L:$L,'NSE - NIFTY Index Options'!$D:$D,$A167,'NSE - NIFTY Index Options'!$B:$B,"Sunday")+SUMIFS('NSE - Other Index Options'!$L:$L,'NSE - Other Index Options'!$D:$D,$A167,'NSE - Other Index Options'!$B:$B,"Sunday")) | C167: =IF(SUMIFS('BSE - SENSEX Index Options'!$L:$L,'BSE - SENSEX Index Options'!$D:$D,$A167,'BSE - SENSEX Index Options'!$B:$B,"Sunday")+SUMIFS('BSE - Other Index Options'!$L:$L,'BSE - Other Index Options'!$D:$D,$A167,'BSE - Other Index Options'!$B:$B,"Sunday")=0,"",SUMIFS('BSE - SENSEX Index Options'!$L:$L,'BSE - SENSEX Index Options'!$D:$D,$A167,'BSE - SENSEX Index Options'!$B:$B,"Sunday")+SUMIFS('BSE - Other Index Options'!$L:$L,'BSE - Other Index Options'!$D:$D,$A167,'BSE - Other Index Options'!$B:$B,"Sunday")) | D167: =IF(SUM(B167:C167)=0,"",SUM(B167)/SUM(B167:C167)) | E167: =IF(SUM(B167:C167)=0,"",SUM(C167)/SUM(B167:C167))
A168: 45992 | B168: =IF(SUMIFS('NSE - NIFTY Index Options'!$L:$L,'NSE - NIFTY Index Options'!$D:$D,$A168,'NSE - NIFTY Index Options'!$B:$B,"Sunday")+SUMIFS('NSE - Other Index Options'!$L:$L,'NSE - Other Index Options'!$D:$D,$A168,'NSE - Other Index Options'!$B:$B,"Sunday")=0,"",SUMIFS('NSE - NIFTY Index Options'!$L:$L,'NSE - NIFTY Index Options'!$D:$D,$A168,'NSE - NIFTY Index Options'!$B:$B,"Sunday")+SUMIFS('NSE - Other Index Options'!$L:$L,'NSE - Other Index Options'!$D:$D,$A168,'NSE - Other Index Options'!$B:$B,"Sunday")) | C168: =IF(SUMIFS('BSE - SENSEX Index Options'!$L:$L,'BSE - SENSEX Index Options'!$D:$D,$A168,'BSE - SENSEX Index Options'!$B:$B,"Sunday")+SUMIFS('BSE - Other Index Options'!$L:$L,'BSE - Other Index Options'!$D:$D,$A168,'BSE - Other Index Options'!$B:$B,"Sunday")=0,"",SUMIFS('BSE - SENSEX Index Options'!$L:$L,'BSE - SENSEX Index Options'!$D:$D,$A168,'BSE - SENSEX Index Options'!$B:$B,"Sunday")+SUMIFS('BSE - Other Index Options'!$L:$L,'BSE - Other Index Options'!$D:$D,$A168,'BSE - Other Index Options'!$B:$B,"Sunday")) | D168: =IF(SUM(B168:C168)=0,"",SUM(B168)/SUM(B168:C168)) | E168: =IF(SUM(B168:C168)=0,"",SUM(C168)/SUM(B168:C168))
A169: 46023 | B169: =IF(SUMIFS('NSE - NIFTY Index Options'!$L:$L,'NSE - NIFTY Index Options'!$D:$D,$A169,'NSE - NIFTY Index Options'!$B:$B,"Sunday")+SUMIFS('NSE - Other Index Options'!$L:$L,'NSE - Other Index Options'!$D:$D,$A169,'NSE - Other Index Options'!$B:$B,"Sunday")=0,"",SUMIFS('NSE - NIFTY Index Options'!$L:$L,'NSE - NIFTY Index Options'!$D:$D,$A169,'NSE - NIFTY Index Options'!$B:$B,"Sunday")+SUMIFS('NSE - Other Index Options'!$L:$L,'NSE - Other Index Options'!$D:$D,$A169,'NSE - Other Index Options'!$B:$B,"Sunday")) | C169: =IF(SUMIFS('BSE - SENSEX Index Options'!$L:$L,'BSE - SENSEX Index Options'!$D:$D,$A169,'BSE - SENSEX Index Options'!$B:$B,"Sunday")+SUMIFS('BSE - Other Index Options'!$L:$L,'BSE - Other Index Options'!$D:$D,$A169,'BSE - Other Index Options'!$B:$B,"Sunday")=0,"",SUMIFS('BSE - SENSEX Index Options'!$L:$L,'BSE - SENSEX Index Options'!$D:$D,$A169,'BSE - SENSEX Index Options'!$B:$B,"Sunday")+SUMIFS('BSE - Other Index Options'!$L:$L,'BSE - Other Index Options'!$D:$D,$A169,'BSE - Other Index Options'!$B:$B,"Sunday")) | D169: =IF(SUM(B169:C169)=0,"",SUM(B169)/SUM(B169:C169)) | E169: =IF(SUM(B169:C169)=0,"",SUM(C169)/SUM(B169:C169))
A170: 46054 | B170: =IF(SUMIFS('NSE - NIFTY Index Options'!$L:$L,'NSE - NIFTY Index Options'!$D:$D,$A170,'NSE - NIFTY Index Options'!$B:$B,"Sunday")+SUMIFS('NSE - Other Index Options'!$L:$L,'NSE - Other Index Options'!$D:$D,$A170,'NSE - Other Index Options'!$B:$B,"Sunday")=0,"",SUMIFS('NSE - NIFTY Index Options'!$L:$L,'NSE - NIFTY Index Options'!$D:$D,$A170,'NSE - NIFTY Index Options'!$B:$B,"Sunday")+SUMIFS('NSE - Other Index Options'!$L:$L,'NSE - Other Index Options'!$D:$D,$A170,'NSE - Other Index Options'!$B:$B,"Sunday")) -> 1119.3299 | C170: =IF(SUMIFS('BSE - SENSEX Index Options'!$L:$L,'BSE - SENSEX Index Options'!$D:$D,$A170,'BSE - SENSEX Index Options'!$B:$B,"Sunday")+SUMIFS('BSE - Other Index Options'!$L:$L,'BSE - Other Index Options'!$D:$D,$A170,'BSE - Other Index Options'!$B:$B,"Sunday")=0,"",SUMIFS('BSE - SENSEX Index Options'!$L:$L,'BSE - SENSEX Index Options'!$D:$D,$A170,'BSE - SENSEX Index Options'!$B:$B,"Sunday")+SUMIFS('BSE - Other Index Options'!$L:$L,'BSE - Other Index Options'!$D:$D,$A170,'BSE - Other Index Options'!$B:$B,"Sunday")) -> 247.8493 | D170: =IF(SUM(B170:C170)=0,"",SUM(B170)/SUM(B170:C170)) -> 0.81871484 | E170: =IF(SUM(B170:C170)=0,"",SUM(C170)/SUM(B170:C170)) -> 0.18128516
A171: 46082 | B171: =IF(SUMIFS('NSE - NIFTY Index Options'!$L:$L,'NSE - NIFTY Index Options'!$D:$D,$A171,'NSE - NIFTY Index Options'!$B:$B,"Sunday")+SUMIFS('NSE - Other Index Options'!$L:$L,'NSE - Other Index Options'!$D:$D,$A171,'NSE - Other Index Options'!$B:$B,"Sunday")=0,"",SUMIFS('NSE - NIFTY Index Options'!$L:$L,'NSE - NIFTY Index Options'!$D:$D,$A171,'NSE - NIFTY Index Options'!$B:$B,"Sunday")+SUMIFS('NSE - Other Index Options'!$L:$L,'NSE - Other Index Options'!$D:$D,$A171,'NSE - Other Index Options'!$B:$B,"Sunday")) | C171: =IF(SUMIFS('BSE - SENSEX Index Options'!$L:$L,'BSE - SENSEX Index Options'!$D:$D,$A171,'BSE - SENSEX Index Options'!$B:$B,"Sunday")+SUMIFS('BSE - Other Index Options'!$L:$L,'BSE - Other Index Options'!$D:$D,$A171,'BSE - Other Index Options'!$B:$B,"Sunday")=0,"",SUMIFS('BSE - SENSEX Index Options'!$L:$L,'BSE - SENSEX Index Options'!$D:$D,$A171,'BSE - SENSEX Index Options'!$B:$B,"Sunday")+SUMIFS('BSE - Other Index Options'!$L:$L,'BSE - Other Index Options'!$D:$D,$A171,'BSE - Other Index Options'!$B:$B,"Sunday")) | D171: =IF(SUM(B171:C171)=0,"",SUM(B171)/SUM(B171:C171)) | E171: =IF(SUM(B171:C171)=0,"",SUM(C171)/SUM(B171:C171))
...

Sheet Analysis2
A1: Premium Turnover Time Series by Trade Day — NSE vs BSE, WEEKLY expiries only (Sep-2025 onwards, live — populates as master data is updated) | K1: Cuts / Scope
A2: Same layout as Analysis1 (monthly premium by trade day, NSE vs BSE, INR Bn) but WEEKLY EXPIRIES ONLY (Expiry Type = Weekly); monthly-expiry contracts are excluded. Live formulas; future months grouped. | K2: Index Options | L2: Yes
A3: Monday Trade Day | K3: Stock Options | L3: No
A4: Month | B4: NSE Premium Turnover (INR Bn) | C4: BSE Premium Turnover (INR Bn) | D4: NSE Market Share | E4: BSE Market Share | K4: Index Futures | L4: No
A5: 45901 | B5: =IF(SUMIFS('NSE - NIFTY Index Options'!$L:$L,'NSE - NIFTY Index Options'!$D:$D,$A5,'NSE - NIFTY Index Options'!$B:$B,"Monday",'NSE - NIFTY Index Options'!$G:$G,"Weekly*")+SUMIFS('NSE - Other Index Options'!$L:$L,'NSE - Other Index Options'!$D:$D,$A5,'NSE - Other Index Options'!$B:$B,"Monday",'NSE - Other Index Options'!$G:$G,"Weekly*")=0,"",SUMIFS('NSE - NIFTY Index Options'!$L:$L,'NSE - NIFTY Index Options'!$D:$D,$A5,'NSE - NIFTY Index Options'!$B:$B,"Monday",'NSE - NIFTY Index Options'!$G:$G,"Weekly*")+SUMIFS('NSE - Other Index Options'!$L:$L,'NSE - Other Index Options'!$D:$D,$A5,'NSE - Other Index Options'!$B:$B,"Monday",'NSE - Other Index Options'!$G:$G,"Weekly*")) -> 1374.3741 | C5: =IF(SUMIFS('BSE - SENSEX Index Options'!$L:$L,'BSE - SENSEX Index Options'!$D:$D,$A5,'BSE - SENSEX Index Options'!$B:$B,"Monday",'BSE - SENSEX Index Options'!$G:$G,"Weekly*")+SUMIFS('BSE - Other Index Options'!$L:$L,'BSE - Other Index Options'!$D:$D,$A5,'BSE - Other Index Options'!$B:$B,"Monday",'BSE - Other Index Options'!$G:$G,"Weekly*")=0,"",SUMIFS('BSE - SENSEX Index Options'!$L:$L,'BSE - SENSEX Index Options'!$D:$D,$A5,'BSE - SENSEX Index Options'!$B:$B,"Monday",'BSE - SENSEX Index Options'!$G:$G,"Weekly*")+SUMIFS('BSE - Other Index Options'!$L:$L,'BSE - Other Index Options'!$D:$D,$A5,'BSE - Other Index Options'!$B:$B,"Monday",'BSE - Other Index Options'!$G:$G,"Weekly*")) -> 322.0701 | D5: =IF(SUM(B5:C5)=0,"",SUM(B5)/SUM(B5:C5)) -> 0.8101499 | E5: =IF(SUM(B5:C5)=0,"",SUM(C5)/SUM(B5:C5)) -> 0.1898501 | K5: NSE | L5: Yes
A6: 45931 | B6: =IF(SUMIFS('NSE - NIFTY Index Options'!$L:$L,'NSE - NIFTY Index Options'!$D:$D,$A6,'NSE - NIFTY Index Options'!$B:$B,"Monday",'NSE - NIFTY Index Options'!$G:$G,"Weekly*")+SUMIFS('NSE - Other Index Options'!$L:$L,'NSE - Other Index Options'!$D:$D,$A6,'NSE - Other Index Options'!$B:$B,"Monday",'NSE - Other Index Options'!$G:$G,"Weekly*")=0,"",SUMIFS('NSE - NIFTY Index Options'!$L:$L,'NSE - NIFTY Index Options'!$D:$D,$A6,'NSE - NIFTY Index Options'!$B:$B,"Monday",'NSE - NIFTY Index Options'!$G:$G,"Weekly*")+SUMIFS('NSE - Other Index Options'!$L:$L,'NSE - Other Index Options'!$D:$D,$A6,'NSE - Other Index Options'!$B:$B,"Monday",'NSE - Other Index Options'!$G:$G,"Weekly*")) -> 1405.553 | C6: =IF(SUMIFS('BSE - SENSEX Index Options'!$L:$L,'BSE - SENSEX Index Options'!$D:$D,$A6,'BSE - SENSEX Index Options'!$B:$B,"Monday",'BSE - SENSEX Index Options'!$G:$G,"Weekly*")+SUMIFS('BSE - Other Index Options'!$L:$L,'BSE - Other Index Options'!$D:$D,$A6,'BSE - Other Index Options'!$B:$B,"Monday",'BSE - Other Index Options'!$G:$G,"Weekly*")=0,"",SUMIFS('BSE - SENSEX Index Options'!$L:$L,'BSE - SENSEX Index Options'!$D:$D,$A6,'BSE - SENSEX Index Options'!$B:$B,"Monday",'BSE - SENSEX Index Options'!$G:$G,"Weekly*")+SUMIFS('BSE - Other Index Options'!$L:$L,'BSE - Other Index Options'!$D:$D,$A6,'BSE - Other Index Options'!$B:$B,"Monday",'BSE - Other Index Options'!$G:$G,"Weekly*")) -> 292.4358 | D6: =IF(SUM(B6:C6)=0,"",SUM(B6)/SUM(B6:C6)) -> 0.82777519 | E6: =IF(SUM(B6:C6)=0,"",SUM(C6)/SUM(B6:C6)) -> 0.17222481 | K6: BSE | L6: Yes
A7: 45962 | B7: =IF(SUMIFS('NSE - NIFTY Index Options'!$L:$L,'NSE - NIFTY Index Options'!$D:$D,$A7,'NSE - NIFTY Index Options'!$B:$B,"Monday",'NSE - NIFTY Index Options'!$G:$G,"Weekly*")+SUMIFS('NSE - Other Index Options'!$L:$L,'NSE - Other Index Options'!$D:$D,$A7,'NSE - Other Index Options'!$B:$B,"Monday",'NSE - Other Index Options'!$G:$G,"Weekly*")=0,"",SUMIFS('NSE - NIFTY Index Options'!$L:$L,'NSE - NIFTY Index Options'!$D:$D,$A7,'NSE - NIFTY Index Options'!$B:$B,"Monday",'NSE - NIFTY Index Options'!$G:$G,"Weekly*")+SUMIFS('NSE - Other Index Options'!$L:$L,'NSE - Other Index Options'!$D:$D,$A7,'NSE - Other Index Options'!$B:$B,"Monday",'NSE - Other Index Options'!$G:$G,"Weekly*")) -> 1270.1375 | C7: =IF(SUMIFS('BSE - SENSEX Index Options'!$L:$L,'BSE - SENSEX Index Options'!$D:$D,$A7,'BSE - SENSEX Index Options'!$B:$B,"Monday",'BSE - SENSEX Index Options'!$G:$G,"Weekly*")+SUMIFS('BSE - Other Index Options'!$L:$L,'BSE - Other Index Options'!$D:$D,$A7,'BSE - Other Index Options'!$B:$B,"Monday",'BSE - Other Index Options'!$G:$G,"Weekly*")=0,"",SUMIFS('BSE - SENSEX Index Options'!$L:$L,'BSE - SENSEX Index Options'!$D:$D,$A7,'BSE - SENSEX Index Options'!$B:$B,"Monday",'BSE - SENSEX Index Options'!$G:$G,"Weekly*")+SUMIFS('BSE - Other Index Options'!$L:$L,'BSE - Other Index Options'!$D:$D,$A7,'BSE - Other Index Options'!$B:$B,"Monday",'BSE - Other Index Options'!$G:$G,"Weekly*")) -> 266.6635 | D7: =IF(SUM(B7:C7)=0,"",SUM(B7)/SUM(B7:C7)) -> 0.82648144 | E7: =IF(SUM(B7:C7)=0,"",SUM(C7)/SUM(B7:C7)) -> 0.17351856 | K7: NIFTY Index | L7: Yes
A8: 45992 | B8: =IF(SUMIFS('NSE - NIFTY Index Options'!$L:$L,'NSE - NIFTY Index Options'!$D:$D,$A8,'NSE - NIFTY Index Options'!$B:$B,"Monday",'NSE - NIFTY Index Options'!$G:$G,"Weekly*")+SUMIFS('NSE - Other Index Options'!$L:$L,'NSE - Other Index Options'!$D:$D,$A8,'NSE - Other Index Options'!$B:$B,"Monday",'NSE - Other Index Options'!$G:$G,"Weekly*")=0,"",SUMIFS('NSE - NIFTY Index Options'!$L:$L,'NSE - NIFTY Index Options'!$D:$D,$A8,'NSE - NIFTY Index Options'!$B:$B,"Monday",'NSE - NIFTY Index Options'!$G:$G,"Weekly*")+SUMIFS('NSE - Other Index Options'!$L:$L,'NSE - Other Index Options'!$D:$D,$A8,'NSE - Other Index Options'!$B:$B,"Monday",'NSE - Other Index Options'!$G:$G,"Weekly*")) -> 1649.4941 | C8: =IF(SUMIFS('BSE - SENSEX Index Options'!$L:$L,'BSE - SENSEX Index Options'!$D:$D,$A8,'BSE - SENSEX Index Options'!$B:$B,"Monday",'BSE - SENSEX Index Options'!$G:$G,"Weekly*")+SUMIFS('BSE - Other Index Options'!$L:$L,'BSE - Other Index Options'!$D:$D,$A8,'BSE - Other Index Options'!$B:$B,"Monday",'BSE - Other Index Options'!$G:$G,"Weekly*")=0,"",SUMIFS('BSE - SENSEX Index Options'!$L:$L,'BSE - SENSEX Index Options'!$D:$D,$A8,'BSE - SENSEX Index Options'!$B:$B,"Monday",'BSE - SENSEX Index Options'!$G:$G,"Weekly*")+SUMIFS('BSE - Other Index Options'!$L:$L,'BSE - Other Index Options'!$D:$D,$A8,'BSE - Other Index Options'!$B:$B,"Monday",'BSE - Other Index Options'!$G:$G,"Weekly*")) -> 443.794 | D8: =IF(SUM(B8:C8)=0,"",SUM(B8)/SUM(B8:C8)) -> 0.78799192 | E8: =IF(SUM(B8:C8)=0,"",SUM(C8)/SUM(B8:C8)) -> 0.21200808 | K8: Other NSE Indices | L8: No
A9: 46023 | B9: =IF(SUMIFS('NSE - NIFTY Index Options'!$L:$L,'NSE - NIFTY Index Options'!$D:$D,$A9,'NSE - NIFTY Index Options'!$B:$B,"Monday",'NSE - NIFTY Index Options'!$G:$G,"Weekly*")+SUMIFS('NSE - Other Index Options'!$L:$L,'NSE - Other Index Options'!$D:$D,$A9,'NSE - Other Index Options'!$B:$B,"Monday",'NSE - Other Index Options'!$G:$G,"Weekly*")=0,"",SUMIFS('NSE - NIFTY Index Options'!$L:$L,'NSE - NIFTY Index Options'!$D:$D,$A9,'NSE - NIFTY Index Options'!$B:$B,"Monday",'NSE - NIFTY Index Options'!$G:$G,"Weekly*")+SUMIFS('NSE - Other Index Options'!$L:$L,'NSE - Other Index Options'!$D:$D,$A9,'NSE - Other Index Options'!$B:$B,"Monday",'NSE - Other Index Options'!$G:$G,"Weekly*")) -> 1650.7603 | C9: =IF(SUMIFS('BSE - SENSEX Index Options'!$L:$L,'BSE - SENSEX Index Options'!$D:$D,$A9,'BSE - SENSEX Index Options'!$B:$B,"Monday",'BSE - SENSEX Index Options'!$G:$G,"Weekly*")+SUMIFS('BSE - Other Index Options'!$L:$L,'BSE - Other Index Options'!$D:$D,$A9,'BSE - Other Index Options'!$B:$B,"Monday",'BSE - Other Index Options'!$G:$G,"Weekly*")=0,"",SUMIFS('BSE - SENSEX Index Options'!$L:$L,'BSE - SENSEX Index Options'!$D:$D,$A9,'BSE - SENSEX Index Options'!$B:$B,"Monday",'BSE - SENSEX Index Options'!$G:$G,"Weekly*")+SUMIFS('BSE - Other Index Options'!$L:$L,'BSE - Other Index Options'!$D:$D,$A9,'BSE - Other Index Options'!$B:$B,"Monday",'BSE - Other Index Options'!$G:$G,"Weekly*")) -> 402.6095 | D9: =IF(SUM(B9:C9)=0,"",SUM(B9)/SUM(B9:C9)) -> 0.80392743 | E9: =IF(SUM(B9:C9)=0,"",SUM(C9)/SUM(B9:C9)) -> 0.19607257 | K9: SENSEX Index | L9: Yes
A10: 46054 | B10: =IF(SUMIFS('NSE - NIFTY Index Options'!$L:$L,'NSE - NIFTY Index Options'!$D:$D,$A10,'NSE - NIFTY Index Options'!$B:$B,"Monday",'NSE - NIFTY Index Options'!$G:$G,"Weekly*")+SUMIFS('NSE - Other Index Options'!$L:$L,'NSE - Other Index Options'!$D:$D,$A10,'NSE - Other Index Options'!$B:$B,"Monday",'NSE - Other Index Options'!$G:$G,"Weekly*")=0,"",SUMIFS('NSE - NIFTY Index Options'!$L:$L,'NSE - NIFTY Index Options'!$D:$D,$A10,'NSE - NIFTY Index Options'!$B:$B,"Monday",'NSE - NIFTY Index Options'!$G:$G,"Weekly*")+SUMIFS('NSE - Other Index Options'!$L:$L,'NSE - Other Index Options'!$D:$D,$A10,'NSE - Other Index Options'!$B:$B,"Monday",'NSE - Other Index Options'!$G:$G,"Weekly*")) -> 1783.8106 | C10: =IF(SUMIFS('BSE - SENSEX Index Options'!$L:$L,'BSE - SENSEX Index Options'!$D:$D,$A10,'BSE - SENSEX Index Options'!$B:$B,"Monday",'BSE - SENSEX Index Options'!$G:$G,"Weekly*")+SUMIFS('BSE - Other Index Options'!$L:$L,'BSE - Other Index Options'!$D:$D,$A10,'BSE - Other Index Options'!$B:$B,"Monday",'BSE - Other Index Options'!$G:$G,"Weekly*")=0,"",SUMIFS('BSE - SENSEX Index Options'!$L:$L,'BSE - SENSEX Index Options'!$D:$D,$A10,'BSE - SENSEX Index Options'!$B:$B,"Monday",'BSE - SENSEX Index Options'!$G:$G,"Weekly*")+SUMIFS('BSE - Other Index Options'!$L:$L,'BSE - Other Index Options'!$D:$D,$A10,'BSE - Other Index Options'!$B:$B,"Monday",'BSE - Other Index Options'!$G:$G,"Weekly*")) -> 374.5331 | D10: =IF(SUM(B10:C10)=0,"",SUM(B10)/SUM(B10:C10)) -> 0.82647198 | E10: =IF(SUM(B10:C10)=0,"",SUM(C10)/SUM(B10:C10)) -> 0.17352802 | K10: Other BSE Indices | L10: No
A11: 46082 | B11: =IF(SUMIFS('NSE - NIFTY Index Options'!$L:$L,'NSE - NIFTY Index Options'!$D:$D,$A11,'NSE - NIFTY Index Options'!$B:$B,"Monday",'NSE - NIFTY Index Options'!$G:$G,"Weekly*")+SUMIFS('NSE - Other Index Options'!$L:$L,'NSE - Other Index Options'!$D:$D,$A11,'NSE - Other Index Options'!$B:$B,"Monday",'NSE - Other Index Options'!$G:$G,"Weekly*")=0,"",SUMIFS('NSE - NIFTY Index Options'!$L:$L,'NSE - NIFTY Index Options'!$D:$D,$A11,'NSE - NIFTY Index Options'!$B:$B,"Monday",'NSE - NIFTY Index Options'!$G:$G,"Weekly*")+SUMIFS('NSE - Other Index Options'!$L:$L,'NSE - Other Index Options'!$D:$D,$A11,'NSE - Other Index Options'!$B:$B,"Monday",'NSE - Other Index Options'!$G:$G,"Weekly*")) -> 3776.3394 | C11: =IF(SUMIFS('BSE - SENSEX Index Options'!$L:$L,'BSE - SENSEX Index Options'!$D:$D,$A11,'BSE - SENSEX Index Options'!$B:$B,"Monday",'BSE - SENSEX Index Options'!$G:$G,"Weekly*")+SUMIFS('BSE - Other Index Options'!$L:$L,'BSE - Other Index Options'!$D:$D,$A11,'BSE - Other Index Options'!$B:$B,"Monday",'BSE - Other Index Options'!$G:$G,"Weekly*")=0,"",SUMIFS('BSE - SENSEX Index Options'!$L:$L,'BSE - SENSEX Index Options'!$D:$D,$A11,'BSE - SENSEX Index Options'!$B:$B,"Monday",'BSE - SENSEX Index Options'!$G:$G,"Weekly*")+SUMIFS('BSE - Other Index Options'!$L:$L,'BSE - Other Index Options'!$D:$D,$A11,'BSE - Other Index Options'!$B:$B,"Monday",'BSE - Other Index Options'!$G:$G,"Weekly*")) -> 647.9694 | D11: =IF(SUM(B11:C11)=0,"",SUM(B11)/SUM(B11:C11)) -> 0.85354336 | E11: =IF(SUM(B11:C11)=0,"",SUM(C11)/SUM(B11:C11)) -> 0.14645664 | K11: Expiry Type 2 - Weekly | L11: Yes
A12: 46113 | B12: =IF(SUMIFS('NSE - NIFTY Index Options'!$L:$L,'NSE - NIFTY Index Options'!$D:$D,$A12,'NSE - NIFTY Index Options'!$B:$B,"Monday",'NSE - NIFTY Index Options'!$G:$G,"Weekly*")+SUMIFS('NSE - Other Index Options'!$L:$L,'NSE - Other Index Options'!$D:$D,$A12,'NSE - Other Index Options'!$B:$B,"Monday",'NSE - Other Index Options'!$G:$G,"Weekly*")=0,"",SUMIFS('NSE - NIFTY Index Options'!$L:$L,'NSE - NIFTY Index Options'!$D:$D,$A12,'NSE - NIFTY Index Options'!$B:$B,"Monday",'NSE - NIFTY Index Options'!$G:$G,"Weekly*")+SUMIFS('NSE - Other Index Options'!$L:$L,'NSE - Other Index Options'!$D:$D,$A12,'NSE - Other Index Options'!$B:$B,"Monday",'NSE - Other Index Options'!$G:$G,"Weekly*")) -> 2149.759 | C12: =IF(SUMIFS('BSE - SENSEX Index Options'!$L:$L,'BSE - SENSEX Index Options'!$D:$D,$A12,'BSE - SENSEX Index Options'!$B:$B,"Monday",'BSE - SENSEX Index Options'!$G:$G,"Weekly*")+SUMIFS('BSE - Other Index Options'!$L:$L,'BSE - Other Index Options'!$D:$D,$A12,'BSE - Other Index Options'!$B:$B,"Monday",'BSE - Other Index Options'!$G:$G,"Weekly*")=0,"",SUMIFS('BSE - SENSEX Index Options'!$L:$L,'BSE - SENSEX Index Options'!$D:$D,$A12,'BSE - SENSEX Index Options'!$B:$B,"Monday",'BSE - SENSEX Index Options'!$G:$G,"Weekly*")+SUMIFS('BSE - Other Index Options'!$L:$L,'BSE - Other Index Options'!$D:$D,$A12,'BSE - Other Index Options'!$B:$B,"Monday",'BSE - Other Index Options'!$G:$G,"Weekly*")) -> 399.6006 | D12: =IF(SUM(B12:C12)=0,"",SUM(B12)/SUM(B12:C12)) -> 0.84325452 | E12: =IF(SUM(B12:C12)=0,"",SUM(C12)/SUM(B12:C12)) -> 0.15674548 | K12: Expiry Type 2 - MDAW | L12: No
A13: 46143 | B13: =IF(SUMIFS('NSE - NIFTY Index Options'!$L:$L,'NSE - NIFTY Index Options'!$D:$D,$A13,'NSE - NIFTY Index Options'!$B:$B,"Monday",'NSE - NIFTY Index Options'!$G:$G,"Weekly*")+SUMIFS('NSE - Other Index Options'!$L:$L,'NSE - Other Index Options'!$D:$D,$A13,'NSE - Other Index Options'!$B:$B,"Monday",'NSE - Other Index Options'!$G:$G,"Weekly*")=0,"",SUMIFS('NSE - NIFTY Index Options'!$L:$L,'NSE - NIFTY Index Options'!$D:$D,$A13,'NSE - NIFTY Index Options'!$B:$B,"Monday",'NSE - NIFTY Index Options'!$G:$G,"Weekly*")+SUMIFS('NSE - Other Index Options'!$L:$L,'NSE - Other Index Options'!$D:$D,$A13,'NSE - Other Index Options'!$B:$B,"Monday",'NSE - Other Index Options'!$G:$G,"Weekly*")) -> 2015.4238 | C13: =IF(SUMIFS('BSE - SENSEX Index Options'!$L:$L,'BSE - SENSEX Index Options'!$D:$D,$A13,'BSE - SENSEX Index Options'!$B:$B,"Monday",'BSE - SENSEX Index Options'!$G:$G,"Weekly*")+SUMIFS('BSE - Other Index Options'!$L:$L,'BSE - Other Index Options'!$D:$D,$A13,'BSE - Other Index Options'!$B:$B,"Monday",'BSE - Other Index Options'!$G:$G,"Weekly*")=0,"",SUMIFS('BSE - SENSEX Index Options'!$L:$L,'BSE - SENSEX Index Options'!$D:$D,$A13,'BSE - SENSEX Index Options'!$B:$B,"Monday",'BSE - SENSEX Index Options'!$G:$G,"Weekly*")+SUMIFS('BSE - Other Index Options'!$L:$L,'BSE - Other Index Options'!$D:$D,$A13,'BSE - Other Index Options'!$B:$B,"Monday",'BSE - Other Index Options'!$G:$G,"Weekly*")) -> 423.6585 | D13: =IF(SUM(B13:C13)=0,"",SUM(B13)/SUM(B13:C13)) -> 0.82630414 | E13: =IF(SUM(B13:C13)=0,"",SUM(C13)/SUM(B13:C13)) -> 0.17369586 | K13: Expiry Type 2 - Monthly | L13: No
A14: 46174 | B14: =IF(SUMIFS('NSE - NIFTY Index Options'!$L:$L,'NSE - NIFTY Index Options'!$D:$D,$A14,'NSE - NIFTY Index Options'!$B:$B,"Monday",'NSE - NIFTY Index Options'!$G:$G,"Weekly*")+SUMIFS('NSE - Other Index Options'!$L:$L,'NSE - Other Index Options'!$D:$D,$A14,'NSE - Other Index Options'!$B:$B,"Monday",'NSE - Other Index Options'!$G:$G,"Weekly*")=0,"",SUMIFS('NSE - NIFTY Index Options'!$L:$L,'NSE - NIFTY Index Options'!$D:$D,$A14,'NSE - NIFTY Index Options'!$B:$B,"Monday",'NSE - NIFTY Index Options'!$G:$G,"Weekly*")+SUMIFS('NSE - Other Index Options'!$L:$L,'NSE - Other Index Options'!$D:$D,$A14,'NSE - Other Index Options'!$B:$B,"Monday",'NSE - Other Index Options'!$G:$G,"Weekly*")) -> 2020.3827 | C14: =IF(SUMIFS('BSE - SENSEX Index Options'!$L:$L,'BSE - SENSEX Index Options'!$D:$D,$A14,'BSE - SENSEX Index Options'!$B:$B,"Monday",'BSE - SENSEX Index Options'!$G:$G,"Weekly*")+SUMIFS('BSE - Other Index Options'!$L:$L,'BSE - Other Index Options'!$D:$D,$A14,'BSE - Other Index Options'!$B:$B,"Monday",'BSE - Other Index Options'!$G:$G,"Weekly*")=0,"",SUMIFS('BSE - SENSEX Index Options'!$L:$L,'BSE - SENSEX Index Options'!$D:$D,$A14,'BSE - SENSEX Index Options'!$B:$B,"Monday",'BSE - SENSEX Index Options'!$G:$G,"Weekly*")+SUMIFS('BSE - Other Index Options'!$L:$L,'BSE - Other Index Options'!$D:$D,$A14,'BSE - Other Index Options'!$B:$B,"Monday",'BSE - Other Index Options'!$G:$G,"Weekly*")) -> 454.6212 | D14: =IF(SUM(B14:C14)=0,"",SUM(B14)/SUM(B14:C14)) -> 0.81631496 | E14: =IF(SUM(B14:C14)=0,"",SUM(C14)/SUM(B14:C14)) -> 0.18368504
A15: 46204 | B15: =IF(SUMIFS('NSE - NIFTY Index Options'!$L:$L,'NSE - NIFTY Index Options'!$D:$D,$A15,'NSE - NIFTY Index Options'!$B:$B,"Monday",'NSE - NIFTY Index Options'!$G:$G,"Weekly*")+SUMIFS('NSE - Other Index Options'!$L:$L,'NSE - Other Index Options'!$D:$D,$A15,'NSE - Other Index Options'!$B:$B,"Monday",'NSE - Other Index Options'!$G:$G,"Weekly*")=0,"",SUMIFS('NSE - NIFTY Index Options'!$L:$L,'NSE - NIFTY Index Options'!$D:$D,$A15,'NSE - NIFTY Index Options'!$B:$B,"Monday",'NSE - NIFTY Index Options'!$G:$G,"Weekly*")+SUMIFS('NSE - Other Index Options'!$L:$L,'NSE - Other Index Options'!$D:$D,$A15,'NSE - Other Index Options'!$B:$B,"Monday",'NSE - Other Index Options'!$G:$G,"Weekly*")) -> 883.8975 | C15: =IF(SUMIFS('BSE - SENSEX Index Options'!$L:$L,'BSE - SENSEX Index Options'!$D:$D,$A15,'BSE - SENSEX Index Options'!$B:$B,"Monday",'BSE - SENSEX Index Options'!$G:$G,"Weekly*")+SUMIFS('BSE - Other Index Options'!$L:$L,'BSE - Other Index Options'!$D:$D,$A15,'BSE - Other Index Options'!$B:$B,"Monday",'BSE - Other Index Options'!$G:$G,"Weekly*")=0,"",SUMIFS('BSE - SENSEX Index Options'!$L:$L,'BSE - SENSEX Index Options'!$D:$D,$A15,'BSE - SENSEX Index Options'!$B:$B,"Monday",'BSE - SENSEX Index Options'!$G:$G,"Weekly*")+SUMIFS('BSE - Other Index Options'!$L:$L,'BSE - Other Index Options'!$D:$D,$A15,'BSE - Other Index Options'!$B:$B,"Monday",'BSE - Other Index Options'!$G:$G,"Weekly*")) -> 222.7946 | D15: =IF(SUM(B15:C15)=0,"",SUM(B15)/SUM(B15:C15)) -> 0.7986842 | E15: =IF(SUM(B15:C15)=0,"",SUM(C15)/SUM(B15:C15)) -> 0.2013158
A16: 46235 | B16: =IF(SUMIFS('NSE - NIFTY Index Options'!$L:$L,'NSE - NIFTY Index Options'!$D:$D,$A16,'NSE - NIFTY Index Options'!$B:$B,"Monday",'NSE - NIFTY Index Options'!$G:$G,"Weekly*")+SUMIFS('NSE - Other Index Options'!$L:$L,'NSE - Other Index Options'!$D:$D,$A16,'NSE - Other Index Options'!$B:$B,"Monday",'NSE - Other Index Options'!$G:$G,"Weekly*")=0,"",SUMIFS('NSE - NIFTY Index Options'!$L:$L,'NSE - NIFTY Index Options'!$D:$D,$A16,'NSE - NIFTY Index Options'!$B:$B,"Monday",'NSE - NIFTY Index Options'!$G:$G,"Weekly*")+SUMIFS('NSE - Other Index Options'!$L:$L,'NSE - Other Index Options'!$D:$D,$A16,'NSE - Other Index Options'!$B:$B,"Monday",'NSE - Other Index Options'!$G:$G,"Weekly*")) | C16: =IF(SUMIFS('BSE - SENSEX Index Options'!$L:$L,'BSE - SENSEX Index Options'!$D:$D,$A16,'BSE - SENSEX Index Options'!$B:$B,"Monday",'BSE - SENSEX Index Options'!$G:$G,"Weekly*")+SUMIFS('BSE - Other Index Options'!$L:$L,'BSE - Other Index Options'!$D:$D,$A16,'BSE - Other Index Options'!$B:$B,"Monday",'BSE - Other Index Options'!$G:$G,"Weekly*")=0,"",SUMIFS('BSE - SENSEX Index Options'!$L:$L,'BSE - SENSEX Index Options'!$D:$D,$A16,'BSE - SENSEX Index Options'!$B:$B,"Monday",'BSE - SENSEX Index Options'!$G:$G,"Weekly*")+SUMIFS('BSE - Other Index Options'!$L:$L,'BSE - Other Index Options'!$D:$D,$A16,'BSE - Other Index Options'!$B:$B,"Monday",'BSE - Other Index Options'!$G:$G,"Weekly*")) | D16: =IF(SUM(B16:C16)=0,"",SUM(B16)/SUM(B16:C16)) | E16: =IF(SUM(B16:C16)=0,"",SUM(C16)/SUM(B16:C16))
A17: 46266 | B17: =IF(SUMIFS('NSE - NIFTY Index Options'!$L:$L,'NSE - NIFTY Index Options'!$D:$D,$A17,'NSE - NIFTY Index Options'!$B:$B,"Monday",'NSE - NIFTY Index Options'!$G:$G,"Weekly*")+SUMIFS('NSE - Other Index Options'!$L:$L,'NSE - Other Index Options'!$D:$D,$A17,'NSE - Other Index Options'!$B:$B,"Monday",'NSE - Other Index Options'!$G:$G,"Weekly*")=0,"",SUMIFS('NSE - NIFTY Index Options'!$L:$L,'NSE - NIFTY Index Options'!$D:$D,$A17,'NSE - NIFTY Index Options'!$B:$B,"Monday",'NSE - NIFTY Index Options'!$G:$G,"Weekly*")+SUMIFS('NSE - Other Index Options'!$L:$L,'NSE - Other Index Options'!$D:$D,$A17,'NSE - Other Index Options'!$B:$B,"Monday",'NSE - Other Index Options'!$G:$G,"Weekly*")) | C17: =IF(SUMIFS('BSE - SENSEX Index Options'!$L:$L,'BSE - SENSEX Index Options'!$D:$D,$A17,'BSE - SENSEX Index Options'!$B:$B,"Monday",'BSE - SENSEX Index Options'!$G:$G,"Weekly*")+SUMIFS('BSE - Other Index Options'!$L:$L,'BSE - Other Index Options'!$D:$D,$A17,'BSE - Other Index Options'!$B:$B,"Monday",'BSE - Other Index Options'!$G:$G,"Weekly*")=0,"",SUMIFS('BSE - SENSEX Index Options'!$L:$L,'BSE - SENSEX Index Options'!$D:$D,$A17,'BSE - SENSEX Index Options'!$B:$B,"Monday",'BSE - SENSEX Index Options'!$G:$G,"Weekly*")+SUMIFS('BSE - Other Index Options'!$L:$L,'BSE - Other Index Options'!$D:$D,$A17,'BSE - Other Index Options'!$B:$B,"Monday",'BSE - Other Index Options'!$G:$G,"Weekly*")) | D17: =IF(SUM(B17:C17)=0,"",SUM(B17)/SUM(B17:C17)) | E17: =IF(SUM(B17:C17)=0,"",SUM(C17)/SUM(B17:C17))
A18: 46296 | B18: =IF(SUMIFS('NSE - NIFTY Index Options'!$L:$L,'NSE - NIFTY Index Options'!$D:$D,$A18,'NSE - NIFTY Index Options'!$B:$B,"Monday",'NSE - NIFTY Index Options'!$G:$G,"Weekly*")+SUMIFS('NSE - Other Index Options'!$L:$L,'NSE - Other Index Options'!$D:$D,$A18,'NSE - Other Index Options'!$B:$B,"Monday",'NSE - Other Index Options'!$G:$G,"Weekly*")=0,"",SUMIFS('NSE - NIFTY Index Options'!$L:$L,'NSE - NIFTY Index Options'!$D:$D,$A18,'NSE - NIFTY Index Options'!$B:$B,"Monday",'NSE - NIFTY Index Options'!$G:$G,"Weekly*")+SUMIFS('NSE - Other Index Options'!$L:$L,'NSE - Other Index Options'!$D:$D,$A18,'NSE - Other Index Options'!$B:$B,"Monday",'NSE - Other Index Options'!$G:$G,"Weekly*")) | C18: =IF(SUMIFS('BSE - SENSEX Index Options'!$L:$L,'BSE - SENSEX Index Options'!$D:$D,$A18,'BSE - SENSEX Index Options'!$B:$B,"Monday",'BSE - SENSEX Index Options'!$G:$G,"Weekly*")+SUMIFS('BSE - Other Index Options'!$L:$L,'BSE - Other Index Options'!$D:$D,$A18,'BSE - Other Index Options'!$B:$B,"Monday",'BSE - Other Index Options'!$G:$G,"Weekly*")=0,"",SUMIFS('BSE - SENSEX Index Options'!$L:$L,'BSE - SENSEX Index Options'!$D:$D,$A18,'BSE - SENSEX Index Options'!$B:$B,"Monday",'BSE - SENSEX Index Options'!$G:$G,"Weekly*")+SUMIFS('BSE - Other Index Options'!$L:$L,'BSE - Other Index Options'!$D:$D,$A18,'BSE - Other Index Options'!$B:$B,"Monday",'BSE - Other Index Options'!$G:$G,"Weekly*")) | D18: =IF(SUM(B18:C18)=0,"",SUM(B18)/SUM(B18:C18)) | E18: =IF(SUM(B18:C18)=0,"",SUM(C18)/SUM(B18:C18))
A19: 46327 | B19: =IF(SUMIFS('NSE - NIFTY Index Options'!$L:$L,'NSE - NIFTY Index Options'!$D:$D,$A19,'NSE - NIFTY Index Options'!$B:$B,"Monday",'NSE - NIFTY Index Options'!$G:$G,"Weekly*")+SUMIFS('NSE - Other Index Options'!$L:$L,'NSE - Other Index Options'!$D:$D,$A19,'NSE - Other Index Options'!$B:$B,"Monday",'NSE - Other Index Options'!$G:$G,"Weekly*")=0,"",SUMIFS('NSE - NIFTY Index Options'!$L:$L,'NSE - NIFTY Index Options'!$D:$D,$A19,'NSE - NIFTY Index Options'!$B:$B,"Monday",'NSE - NIFTY Index Options'!$G:$G,"Weekly*")+SUMIFS('NSE - Other Index Options'!$L:$L,'NSE - Other Index Options'!$D:$D,$A19,'NSE - Other Index Options'!$B:$B,"Monday",'NSE - Other Index Options'!$G:$G,"Weekly*")) | C19: =IF(SUMIFS('BSE - SENSEX Index Options'!$L:$L,'BSE - SENSEX Index Options'!$D:$D,$A19,'BSE - SENSEX Index Options'!$B:$B,"Monday",'BSE - SENSEX Index Options'!$G:$G,"Weekly*")+SUMIFS('BSE - Other Index Options'!$L:$L,'BSE - Other Index Options'!$D:$D,$A19,'BSE - Other Index Options'!$B:$B,"Monday",'BSE - Other Index Options'!$G:$G,"Weekly*")=0,"",SUMIFS('BSE - SENSEX Index Options'!$L:$L,'BSE - SENSEX Index Options'!$D:$D,$A19,'BSE - SENSEX Index Options'!$B:$B,"Monday",'BSE - SENSEX Index Options'!$G:$G,"Weekly*")+SUMIFS('BSE - Other Index Options'!$L:$L,'BSE - Other Index Options'!$D:$D,$A19,'BSE - Other Index Options'!$B:$B,"Monday",'BSE - Other Index Options'!$G:$G,"Weekly*")) | D19: =IF(SUM(B19:C19)=0,"",SUM(B19)/SUM(B19:C19)) | E19: =IF(SUM(B19:C19)=0,"",SUM(C19)/SUM(B19:C19))
A20: 46357 | B20: =IF(SUMIFS('NSE - NIFTY Index Options'!$L:$L,'NSE - NIFTY Index Options'!$D:$D,$A20,'NSE - NIFTY Index Options'!$B:$B,"Monday",'NSE - NIFTY Index Options'!$G:$G,"Weekly*")+SUMIFS('NSE - Other Index Options'!$L:$L,'NSE - Other Index Options'!$D:$D,$A20,'NSE - Other Index Options'!$B:$B,"Monday",'NSE - Other Index Options'!$G:$G,"Weekly*")=0,"",SUMIFS('NSE - NIFTY Index Options'!$L:$L,'NSE - NIFTY Index Options'!$D:$D,$A20,'NSE - NIFTY Index Options'!$B:$B,"Monday",'NSE - NIFTY Index Options'!$G:$G,"Weekly*")+SUMIFS('NSE - Other Index Options'!$L:$L,'NSE - Other Index Options'!$D:$D,$A20,'NSE - Other Index Options'!$B:$B,"Monday",'NSE - Other Index Options'!$G:$G,"Weekly*")) | C20: =IF(SUMIFS('BSE - SENSEX Index Options'!$L:$L,'BSE - SENSEX Index Options'!$D:$D,$A20,'BSE - SENSEX Index Options'!$B:$B,"Monday",'BSE - SENSEX Index Options'!$G:$G,"Weekly*")+SUMIFS('BSE - Other Index Options'!$L:$L,'BSE - Other Index Options'!$D:$D,$A20,'BSE - Other Index Options'!$B:$B,"Monday",'BSE - Other Index Options'!$G:$G,"Weekly*")=0,"",SUMIFS('BSE - SENSEX Index Options'!$L:$L,'BSE - SENSEX Index Options'!$D:$D,$A20,'BSE - SENSEX Index Options'!$B:$B,"Monday",'BSE - SENSEX Index Options'!$G:$G,"Weekly*")+SUMIFS('BSE - Other Index Options'!$L:$L,'BSE - Other Index Options'!$D:$D,$A20,'BSE - Other Index Options'!$B:$B,"Monday",'BSE - Other Index Options'!$G:$G,"Weekly*")) | D20: =IF(SUM(B20:C20)=0,"",SUM(B20)/SUM(B20:C20)) | E20: =IF(SUM(B20:C20)=0,"",SUM(C20)/SUM(B20:C20))
A21: 46388 | B21: =IF(SUMIFS('NSE - NIFTY Index Options'!$L:$L,'NSE - NIFTY Index Options'!$D:$D,$A21,'NSE - NIFTY Index Options'!$B:$B,"Monday",'NSE - NIFTY Index Options'!$G:$G,"Weekly*")+SUMIFS('NSE - Other Index Options'!$L:$L,'NSE - Other Index Options'!$D:$D,$A21,'NSE - Other Index Options'!$B:$B,"Monday",'NSE - Other Index Options'!$G:$G,"Weekly*")=0,"",SUMIFS('NSE - NIFTY Index Options'!$L:$L,'NSE - NIFTY Index Options'!$D:$D,$A21,'NSE - NIFTY Index Options'!$B:$B,"Monday",'NSE - NIFTY Index Options'!$G:$G,"Weekly*")+SUMIFS('NSE - Other Index Options'!$L:$L,'NSE - Other Index Options'!$D:$D,$A21,'NSE - Other Index Options'!$B:$B,"Monday",'NSE - Other Index Options'!$G:$G,"Weekly*")) | C21: =IF(SUMIFS('BSE - SENSEX Index Options'!$L:$L,'BSE - SENSEX Index Options'!$D:$D,$A21,'BSE - SENSEX Index Options'!$B:$B,"Monday",'BSE - SENSEX Index Options'!$G:$G,"Weekly*")+SUMIFS('BSE - Other Index Options'!$L:$L,'BSE - Other Index Options'!$D:$D,$A21,'BSE - Other Index Options'!$B:$B,"Monday",'BSE - Other Index Options'!$G:$G,"Weekly*")=0,"",SUMIFS('BSE - SENSEX Index Options'!$L:$L,'BSE - SENSEX Index Options'!$D:$D,$A21,'BSE - SENSEX Index Options'!$B:$B,"Monday",'BSE - SENSEX Index Options'!$G:$G,"Weekly*")+SUMIFS('BSE - Other Index Options'!$L:$L,'BSE - Other Index Options'!$D:$D,$A21,'BSE - Other Index Options'!$B:$B,"Monday",'BSE - Other Index Options'!$G:$G,"Weekly*")) | D21: =IF(SUM(B21:C21)=0,"",SUM(B21)/SUM(B21:C21)) | E21: =IF(SUM(B21:C21)=0,"",SUM(C21)/SUM(B21:C21))
A22: 46419 | B22: =IF(SUMIFS('NSE - NIFTY Index Options'!$L:$L,'NSE - NIFTY Index Options'!$D:$D,$A22,'NSE - NIFTY Index Options'!$B:$B,"Monday",'NSE - NIFTY Index Options'!$G:$G,"Weekly*")+SUMIFS('NSE - Other Index Options'!$L:$L,'NSE - Other Index Options'!$D:$D,$A22,'NSE - Other Index Options'!$B:$B,"Monday",'NSE - Other Index Options'!$G:$G,"Weekly*")=0,"",SUMIFS('NSE - NIFTY Index Options'!$L:$L,'NSE - NIFTY Index Options'!$D:$D,$A22,'NSE - NIFTY Index Options'!$B:$B,"Monday",'NSE - NIFTY Index Options'!$G:$G,"Weekly*")+SUMIFS('NSE - Other Index Options'!$L:$L,'NSE - Other Index Options'!$D:$D,$A22,'NSE - Other Index Options'!$B:$B,"Monday",'NSE - Other Index Options'!$G:$G,"Weekly*")) | C22: =IF(SUMIFS('BSE - SENSEX Index Options'!$L:$L,'BSE - SENSEX Index Options'!$D:$D,$A22,'BSE - SENSEX Index Options'!$B:$B,"Monday",'BSE - SENSEX Index Options'!$G:$G,"Weekly*")+SUMIFS('BSE - Other Index Options'!$L:$L,'BSE - Other Index Options'!$D:$D,$A22,'BSE - Other Index Options'!$B:$B,"Monday",'BSE - Other Index Options'!$G:$G,"Weekly*")=0,"",SUMIFS('BSE - SENSEX Index Options'!$L:$L,'BSE - SENSEX Index Options'!$D:$D,$A22,'BSE - SENSEX Index Options'!$B:$B,"Monday",'BSE - SENSEX Index Options'!$G:$G,"Weekly*")+SUMIFS('BSE - Other Index Options'!$L:$L,'BSE - Other Index Options'!$D:$D,$A22,'BSE - Other Index Options'!$B:$B,"Monday",'BSE - Other Index Options'!$G:$G,"Weekly*")) | D22: =IF(SUM(B22:C22)=0,"",SUM(B22)/SUM(B22:C22)) | E22: =IF(SUM(B22:C22)=0,"",SUM(C22)/SUM(B22:C22))
A23: 46447 | B23: =IF(SUMIFS('NSE - NIFTY Index Options'!$L:$L,'NSE - NIFTY Index Options'!$D:$D,$A23,'NSE - NIFTY Index Options'!$B:$B,"Monday",'NSE - NIFTY Index Options'!$G:$G,"Weekly*")+SUMIFS('NSE - Other Index Options'!$L:$L,'NSE - Other Index Options'!$D:$D,$A23,'NSE - Other Index Options'!$B:$B,"Monday",'NSE - Other Index Options'!$G:$G,"Weekly*")=0,"",SUMIFS('NSE - NIFTY Index Options'!$L:$L,'NSE - NIFTY Index Options'!$D:$D,$A23,'NSE - NIFTY Index Options'!$B:$B,"Monday",'NSE - NIFTY Index Options'!$G:$G,"Weekly*")+SUMIFS('NSE - Other Index Options'!$L:$L,'NSE - Other Index Options'!$D:$D,$A23,'NSE - Other Index Options'!$B:$B,"Monday",'NSE - Other Index Options'!$G:$G,"Weekly*")) | C23: =IF(SUMIFS('BSE - SENSEX Index Options'!$L:$L,'BSE - SENSEX Index Options'!$D:$D,$A23,'BSE - SENSEX Index Options'!$B:$B,"Monday",'BSE - SENSEX Index Options'!$G:$G,"Weekly*")+SUMIFS('BSE - Other Index Options'!$L:$L,'BSE - Other Index Options'!$D:$D,$A23,'BSE - Other Index Options'!$B:$B,"Monday",'BSE - Other Index Options'!$G:$G,"Weekly*")=0,"",SUMIFS('BSE - SENSEX Index Options'!$L:$L,'BSE - SENSEX Index Options'!$D:$D,$A23,'BSE - SENSEX Index Options'!$B:$B,"Monday",'BSE - SENSEX Index Options'!$G:$G,"Weekly*")+SUMIFS('BSE - Other Index Options'!$L:$L,'BSE - Other Index Options'!$D:$D,$A23,'BSE - Other Index Options'!$B:$B,"Monday",'BSE - Other Index Options'!$G:$G,"Weekly*")) | D23: =IF(SUM(B23:C23)=0,"",SUM(B23)/SUM(B23:C23)) | E23: =IF(SUM(B23:C23)=0,"",SUM(C23)/SUM(B23:C23))
A24: 46478 | B24: =IF(SUMIFS('NSE - NIFTY Index Options'!$L:$L,'NSE - NIFTY Index Options'!$D:$D,$A24,'NSE - NIFTY Index Options'!$B:$B,"Monday",'NSE - NIFTY Index Options'!$G:$G,"Weekly*")+SUMIFS('NSE - Other Index Options'!$L:$L,'NSE - Other Index Options'!$D:$D,$A24,'NSE - Other Index Options'!$B:$B,"Monday",'NSE - Other Index Options'!$G:$G,"Weekly*")=0,"",SUMIFS('NSE - NIFTY Index Options'!$L:$L,'NSE - NIFTY Index Options'!$D:$D,$A24,'NSE - NIFTY Index Options'!$B:$B,"Monday",'NSE - NIFTY Index Options'!$G:$G,"Weekly*")+SUMIFS('NSE - Other Index Options'!$L:$L,'NSE - Other Index Options'!$D:$D,$A24,'NSE - Other Index Options'!$B:$B,"Monday",'NSE - Other Index Options'!$G:$G,"Weekly*")) | C24: =IF(SUMIFS('BSE - SENSEX Index Options'!$L:$L,'BSE - SENSEX Index Options'!$D:$D,$A24,'BSE - SENSEX Index Options'!$B:$B,"Monday",'BSE - SENSEX Index Options'!$G:$G,"Weekly*")+SUMIFS('BSE - Other Index Options'!$L:$L,'BSE - Other Index Options'!$D:$D,$A24,'BSE - Other Index Options'!$B:$B,"Monday",'BSE - Other Index Options'!$G:$G,"Weekly*")=0,"",SUMIFS('BSE - SENSEX Index Options'!$L:$L,'BSE - SENSEX Index Options'!$D:$D,$A24,'BSE - SENSEX Index Options'!$B:$B,"Monday",'BSE - SENSEX Index Options'!$G:$G,"Weekly*")+SUMIFS('BSE - Other Index Options'!$L:$L,'BSE - Other Index Options'!$D:$D,$A24,'BSE - Other Index Options'!$B:$B,"Monday",'BSE - Other Index Options'!$G:$G,"Weekly*")) | D24: =IF(SUM(B24:C24)=0,"",SUM(B24)/SUM(B24:C24)) | E24: =IF(SUM(B24:C24)=0,"",SUM(C24)/SUM(B24:C24))
A25: 46508 | B25: =IF(SUMIFS('NSE - NIFTY Index Options'!$L:$L,'NSE - NIFTY Index Options'!$D:$D,$A25,'NSE - NIFTY Index Options'!$B:$B,"Monday",'NSE - NIFTY Index Options'!$G:$G,"Weekly*")+SUMIFS('NSE - Other Index Options'!$L:$L,'NSE - Other Index Options'!$D:$D,$A25,'NSE - Other Index Options'!$B:$B,"Monday",'NSE - Other Index Options'!$G:$G,"Weekly*")=0,"",SUMIFS('NSE - NIFTY Index Options'!$L:$L,'NSE - NIFTY Index Options'!$D:$D,$A25,'NSE - NIFTY Index Options'!$B:$B,"Monday",'NSE - NIFTY Index Options'!$G:$G,"Weekly*")+SUMIFS('NSE - Other Index Options'!$L:$L,'NSE - Other Index Options'!$D:$D,$A25,'NSE - Other Index Options'!$B:$B,"Monday",'NSE - Other Index Options'!$G:$G,"Weekly*")) | C25: =IF(SUMIFS('BSE - SENSEX Index Options'!$L:$L,'BSE - SENSEX Index Options'!$D:$D,$A25,'BSE - SENSEX Index Options'!$B:$B,"Monday",'BSE - SENSEX Index Options'!$G:$G,"Weekly*")+SUMIFS('BSE - Other Index Options'!$L:$L,'BSE - Other Index Options'!$D:$D,$A25,'BSE - Other Index Options'!$B:$B,"Monday",'BSE - Other Index Options'!$G:$G,"Weekly*")=0,"",SUMIFS('BSE - SENSEX Index Options'!$L:$L,'BSE - SENSEX Index Options'!$D:$D,$A25,'BSE - SENSEX Index Options'!$B:$B,"Monday",'BSE - SENSEX Index Options'!$G:$G,"Weekly*")+SUMIFS('BSE - Other Index Options'!$L:$L,'BSE - Other Index Options'!$D:$D,$A25,'BSE - Other Index Options'!$B:$B,"Monday",'BSE - Other Index Options'!$G:$G,"Weekly*")) | D25: =IF(SUM(B25:C25)=0,"",SUM(B25)/SUM(B25:C25)) | E25: =IF(SUM(B25:C25)=0,"",SUM(C25)/SUM(B25:C25))
... A32: 46722 | B32: =IF(SUMIFS('NSE - NIFTY Index Options'!$L:$L,'NSE - NIFTY Index Options'!$D:$D,$A32,'NSE - NIFTY Index Options'!$B:$B,"Monday",'NSE - NIFTY Index Options'!$G:$G,"Weekly*")+SUMIFS('NSE - Other Index Options'!$L:$L,'NSE - Other Index Options'!$D:$D,$A32,'NSE - Other Index Options'!$B:$B,"Monday",'NSE - Other Index Options'!$G:$G,"Weekly*")=0,"",SUMIFS('NSE - NIFTY Index Options'!$L:$L,'NSE - NIFTY Index Options'!$D:$D,$A32,'NSE - NIFTY Index Options'!$B:$B,"Monday",'NSE - NIFTY Index Options'!$G:$G,"Weekly*")+SUMIFS('NSE - Other Index Options'!$L:$L,'NSE - Other Index Options'!$D:$D,$A32,'NSE - Other Index Options'!$B:$B,"Monday",'NSE - Other Index Options'!$G:$G,"Weekly*")) | C32: =IF(SUMIFS('BSE - SENSEX Index Options'!$L:$L,'BSE - SENSEX Index Options'!$D:$D,$A32,'BSE - SENSEX Index Options'!$B:$B,"Monday",'BSE - SENSEX Index Options'!$G:$G,"Weekly*")+SUMIFS('BSE - Other Index Options'!$L:$L,'BSE - Other Index Options'!$D:$D,$A32,'BSE - Other Index Options'!$B:$B,"Monday",'BSE - Other Index Options'!$G:$G,"Weekly*")=0,"",SUMIFS('BSE - SENSEX Index Options'!$L:$L,'BSE - SENSEX Index Options'!$D:$D,$A32,'BSE - SENSEX Index Options'!$B:$B,"Monday",'BSE - SENSEX Index Options'!$G:$G,"Weekly*")+SUMIFS('BSE - Other Index Options'!$L:$L,'BSE - Other Index Options'!$D:$D,$A32,'BSE - Other Index Options'!$B:$B,"Monday",'BSE - Other Index Options'!$G:$G,"Weekly*")) | D32: =IF(SUM(B32:C32)=0,"",SUM(B32)/SUM(B32:C32)) | E32: =IF(SUM(B32:C32)=0,"",SUM(C32)/SUM(B32:C32))
A33: Total | B33: =IF(SUM(B5:B32)=0,"",SUM(B5:B32)) -> 19979.932 | C33: =IF(SUM(C5:C32)=0,"",SUM(C5:C32)) -> 4250.7503 | D33: =IF(SUM(B33:C33)=0,"",SUM(B33)/SUM(B33:C33)) -> 0.82457158 | E33: =IF(SUM(B33:C33)=0,"",SUM(C33)/SUM(B33:C33)) -> 0.17542842
A35: Tuesday Trade Day
A36: Month | B36: NSE Premium Turnover (INR Bn) | C36: BSE Premium Turnover (INR Bn) | D36: NSE Market Share | E36: BSE Market Share
A37: 45901 | B37: =IF(SUMIFS('NSE - NIFTY Index Options'!$L:$L,'NSE - NIFTY Index Options'!$D:$D,$A37,'NSE - NIFTY Index Options'!$B:$B,"Tuesday",'NSE - NIFTY Index Options'!$G:$G,"Weekly*")+SUMIFS('NSE - Other Index Options'!$L:$L,'NSE - Other Index Options'!$D:$D,$A37,'NSE - Other Index Options'!$B:$B,"Tuesday",'NSE - Other Index Options'!$G:$G,"Weekly*")=0,"",SUMIFS('NSE - NIFTY Index Options'!$L:$L,'NSE - NIFTY Index Options'!$D:$D,$A37,'NSE - NIFTY Index Options'!$B:$B,"Tuesday",'NSE - NIFTY Index Options'!$G:$G,"Weekly*")+SUMIFS('NSE - Other Index Options'!$L:$L,'NSE - Other Index Options'!$D:$D,$A37,'NSE - Other Index Options'!$B:$B,"Tuesday",'NSE - Other Index Options'!$G:$G,"Weekly*")) -> 2056.3282 | C37: =IF(SUMIFS('BSE - SENSEX Index Options'!$L:$L,'BSE - SENSEX Index Options'!$D:$D,$A37,'BSE - SENSEX Index Options'!$B:$B,"Tuesday",'BSE - SENSEX Index Options'!$G:$G,"Weekly*")+SUMIFS('BSE - Other Index Options'!$L:$L,'BSE - Other Index Options'!$D:$D,$A37,'BSE - Other Index Options'!$B:$B,"Tuesday",'BSE - Other Index Options'!$G:$G,"Weekly*")=0,"",SUMIFS('BSE - SENSEX Index Options'!$L:$L,'BSE - SENSEX Index Options'!$D:$D,$A37,'BSE - SENSEX Index Options'!$B:$B,"Tuesday",'BSE - SENSEX Index Options'!$G:$G,"Weekly*")+SUMIFS('BSE - Other Index Options'!$L:$L,'BSE - Other Index Options'!$D:$D,$A37,'BSE - Other Index Options'!$B:$B,"Tuesday",'BSE - Other Index Options'!$G:$G,"Weekly*")) -> 320.514 | D37: =IF(SUM(B37:C37)=0,"",SUM(B37)/SUM(B37:C37)) -> 0.86515133 | E37: =IF(SUM(B37:C37)=0,"",SUM(C37)/SUM(B37:C37)) -> 0.13484867
A38: 45931 | B38: =IF(SUMIFS('NSE - NIFTY Index Options'!$L:$L,'NSE - NIFTY Index Options'!$D:$D,$A38,'NSE - NIFTY Index Options'!$B:$B,"Tuesday",'NSE - NIFTY Index Options'!$G:$G,"Weekly*")+SUMIFS('NSE - Other Index Options'!$L:$L,'NSE - Other Index Options'!$D:$D,$A38,'NSE - Other Index Options'!$B:$B,"Tuesday",'NSE - Other Index Options'!$G:$G,"Weekly*")=0,"",SUMIFS('NSE - NIFTY Index Options'!$L:$L,'NSE - NIFTY Index Options'!$D:$D,$A38,'NSE - NIFTY Index Options'!$B:$B,"Tuesday",'NSE - NIFTY Index Options'!$G:$G,"Weekly*")+SUMIFS('NSE - Other Index Options'!$L:$L,'NSE - Other Index Options'!$D:$D,$A38,'NSE - Other Index Options'!$B:$B,"Tuesday",'NSE - Other Index Options'!$G:$G,"Weekly*")) -> 1328.4298 | C38: =IF(SUMIFS('BSE - SENSEX Index Options'!$L:$L,'BSE - SENSEX Index Options'!$D:$D,$A38,'BSE - SENSEX Index Options'!$B:$B,"Tuesday",'BSE - SENSEX Index Options'!$G:$G,"Weekly*")+SUMIFS('BSE - Other Index Options'!$L:$L,'BSE - Other Index Options'!$D:$D,$A38,'BSE - Other Index Options'!$B:$B,"Tuesday",'BSE - Other Index Options'!$G:$G,"Weekly*")=0,"",SUMIFS('BSE - SENSEX Index Options'!$L:$L,'BSE - SENSEX Index Options'!$D:$D,$A38,'BSE - SENSEX Index Options'!$B:$B,"Tuesday",'BSE - SENSEX Index Options'!$G:$G,"Weekly*")+SUMIFS('BSE - Other Index Options'!$L:$L,'BSE - Other Index Options'!$D:$D,$A38,'BSE - Other Index Options'!$B:$B,"Tuesday",'BSE - Other Index Options'!$G:$G,"Weekly*")) -> 259.5409 | D38: =IF(SUM(B38:C38)=0,"",SUM(B38)/SUM(B38:C38)) -> 0.83655813 | E38: =IF(SUM(B38:C38)=0,"",SUM(C38)/SUM(B38:C38)) -> 0.16344187
A39: 45962 | B39: =IF(SUMIFS('NSE - NIFTY Index Options'!$L:$L,'NSE - NIFTY Index Options'!$D:$D,$A39,'NSE - NIFTY Index Options'!$B:$B,"Tuesday",'NSE - NIFTY Index Options'!$G:$G,"Weekly*")+SUMIFS('NSE - Other Index Options'!$L:$L,'NSE - Other Index Options'!$D:$D,$A39,'NSE - Other Index Options'!$B:$B,"Tuesday",'NSE - Other Index Options'!$G:$G,"Weekly*")=0,"",SUMIFS('NSE - NIFTY Index Options'!$L:$L,'NSE - NIFTY Index Options'!$D:$D,$A39,'NSE - NIFTY Index Options'!$B:$B,"Tuesday",'NSE - NIFTY Index Options'!$G:$G,"Weekly*")+SUMIFS('NSE - Other Index Options'!$L:$L,'NSE - Other Index Options'!$D:$D,$A39,'NSE - Other Index Options'!$B:$B,"Tuesday",'NSE - Other Index Options'!$G:$G,"Weekly*")) -> 1705.5579 | C39: =IF(SUMIFS('BSE - SENSEX Index Options'!$L:$L,'BSE - SENSEX Index Options'!$D:$D,$A39,'BSE - SENSEX Index Options'!$B:$B,"Tuesday",'BSE - SENSEX Index Options'!$G:$G,"Weekly*")+SUMIFS('BSE - Other Index Options'!$L:$L,'BSE - Other Index Options'!$D:$D,$A39,'BSE - Other Index Options'!$B:$B,"Tuesday",'BSE - Other Index Options'!$G:$G,"Weekly*")=0,"",SUMIFS('BSE - SENSEX Index Options'!$L:$L,'BSE - SENSEX Index Options'!$D:$D,$A39,'BSE - SENSEX Index Options'!$B:$B,"Tuesday",'BSE - SENSEX Index Options'!$G:$G,"Weekly*")+SUMIFS('BSE - Other Index Options'!$L:$L,'BSE - Other Index Options'!$D:$D,$A39,'BSE - Other Index Options'!$B:$B,"Tuesday",'BSE - Other Index Options'!$G:$G,"Weekly*")) -> 288.174 | D39: =IF(SUM(B39:C39)=0,"",SUM(B39)/SUM(B39:C39)) -> 0.85546 | E39: =IF(SUM(B39:C39)=0,"",SUM(C39)/SUM(B39:C39)) -> 0.14454
A40: 45992 | B40: =IF(SUMIFS('NSE - NIFTY Index Options'!$L:$L,'NSE - NIFTY Index Options'!$D:$D,$A40,'NSE - NIFTY Index Options'!$B:$B,"Tuesday",'NSE - NIFTY Index Options'!$G:$G,"Weekly*")+SUMIFS('NSE - Other Index Options'!$L:$L,'NSE - Other Index Options'!$D:$D,$A40,'NSE - Other Index Options'!$B:$B,"Tuesday",'NSE - Other Index Options'!$G:$G,"Weekly*")=0,"",SUMIFS('NSE - NIFTY Index Options'!$L:$L,'NSE - NIFTY Index Options'!$D:$D,$A40,'NSE - NIFTY Index Options'!$B:$B,"Tuesday",'NSE - NIFTY Index Options'!$G:$G,"Weekly*")+SUMIFS('NSE - Other Index Options'!$L:$L,'NSE - Other Index Options'!$D:$D,$A40,'NSE - Other Index Options'!$B:$B,"Tuesday",'NSE - Other Index Options'!$G:$G,"Weekly*")) -> 2142.4395 | C40: =IF(SUMIFS('BSE - SENSEX Index Options'!$L:$L,'BSE - SENSEX Index Options'!$D:$D,$A40,'BSE - SENSEX Index Options'!$B:$B,"Tuesday",'BSE - SENSEX Index Options'!$G:$G,"Weekly*")+SUMIFS('BSE - Other Index Options'!$L:$L,'BSE - Other Index Options'!$D:$D,$A40,'BSE - Other Index Options'!$B:$B,"Tuesday",'BSE - Other Index Options'!$G:$G,"Weekly*")=0,"",SUMIFS('BSE - SENSEX Index Options'!$L:$L,'BSE - SENSEX Index Options'!$D:$D,$A40,'BSE - SENSEX Index Options'!$B:$B,"Tuesday",'BSE - SENSEX Index Options'!$G:$G,"Weekly*")+SUMIFS('BSE - Other Index Options'!$L:$L,'BSE - Other Index Options'!$D:$D,$A40,'BSE - Other Index Options'!$B:$B,"Tuesday",'BSE - Other Index Options'!$G:$G,"Weekly*")) -> 446.576 | D40: =IF(SUM(B40:C40)=0,"",SUM(B40)/SUM(B40:C40)) -> 0.82751127 | E40: =IF(SUM(B40:C40)=0,"",SUM(C40)/SUM(B40:C40)) -> 0.17248873
A41: 46023 | B41: =IF(SUMIFS('NSE - NIFTY Index Options'!$L:$L,'NSE - NIFTY Index Options'!$D:$D,$A41,'NSE - NIFTY Index Options'!$B:$B,"Tuesday",'NSE - NIFTY Index Options'!$G:$G,"Weekly*")+SUMIFS('NSE - Other Index Options'!$L:$L,'NSE - Other Index Options'!$D:$D,$A41,'NSE - Other Index Options'!$B:$B,"Tuesday",'NSE - Other Index Options'!$G:$G,"Weekly*")=0,"",SUMIFS('NSE - NIFTY Index Options'!$L:$L,'NSE - NIFTY Index Options'!$D:$D,$A41,'NSE - NIFTY Index Options'!$B:$B,"Tuesday",'NSE - NIFTY Index Options'!$G:$G,"Weekly*")+SUMIFS('NSE - Other Index Options'!$L:$L,'NSE - Other Index Options'!$D:$D,$A41,'NSE - Other Index Options'!$B:$B,"Tuesday",'NSE - Other Index Options'!$G:$G,"Weekly*")) -> 1983.5098 | C41: =IF(SUMIFS('BSE - SENSEX Index Options'!$L:$L,'BSE - SENSEX Index Options'!$D:$D,$A41,'BSE - SENSEX Index Options'!$B:$B,"Tuesday",'BSE - SENSEX Index Options'!$G:$G,"Weekly*")+SUMIFS('BSE - Other Index Options'!$L:$L,'BSE - Other Index Options'!$D:$D,$A41,'BSE - Other Index Options'!$B:$B,"Tuesday",'BSE - Other Index Options'!$G:$G,"Weekly*")=0,"",SUMIFS('BSE - SENSEX Index Options'!$L:$L,'BSE - SENSEX Index Options'!$D:$D,$A41,'BSE - SENSEX Index Options'!$B:$B,"Tuesday",'BSE - SENSEX Index Options'!$G:$G,"Weekly*")+SUMIFS('BSE - Other Index Options'!$L:$L,'BSE - Other Index Options'!$D:$D,$A41,'BSE - Other Index Options'!$B:$B,"Tuesday",'BSE - Other Index Options'!$G:$G,"Weekly*")) -> 402.4624 | D41: =IF(SUM(B41:C41)=0,"",SUM(B41)/SUM(B41:C41)) -> 0.83132142 | E41: =IF(SUM(B41:C41)=0,"",SUM(C41)/SUM(B41:C41)) -> 0.16867858
A42: 46054 | B42: =IF(SUMIFS('NSE - NIFTY Index Options'!$L:$L,'NSE - NIFTY Index Options'!$D:$D,$A42,'NSE - NIFTY Index Options'!$B:$B,"Tuesday",'NSE - NIFTY Index Options'!$G:$G,"Weekly*")+SUMIFS('NSE - Other Index Options'!$L:$L,'NSE - Other Index Options'!$D:$D,$A42,'NSE - Other Index Options'!$B:$B,"Tuesday",'NSE - Other Index Options'!$G:$G,"Weekly*")=0,"",SUMIFS('NSE - NIFTY Index Options'!$L:$L,'NSE - NIFTY Index Options'!$D:$D,$A42,'NSE - NIFTY Index Options'!$B:$B,"Tuesday",'NSE - NIFTY Index Options'!$G:$G,"Weekly*")+SUMIFS('NSE - Other Index Options'!$L:$L,'NSE - Other Index Options'!$D:$D,$A42,'NSE - Other Index Options'!$B:$B,"Tuesday",'NSE - Other Index Options'!$G:$G,"Weekly*")) -> 2287.3987 | C42: =IF(SUMIFS('BSE - SENSEX Index Options'!$L:$L,'BSE - SENSEX Index Options'!$D:$D,$A42,'BSE - SENSEX Index Options'!$B:$B,"Tuesday",'BSE - SENSEX Index Options'!$G:$G,"Weekly*")+SUMIFS('BSE - Other Index Options'!$L:$L,'BSE - Other Index Options'!$D:$D,$A42,'BSE - Other Index Options'!$B:$B,"Tuesday",'BSE - Other Index Options'!$G:$G,"Weekly*")=0,"",SUMIFS('BSE - SENSEX Index Options'!$L:$L,'BSE - SENSEX Index Options'!$D:$D,$A42,'BSE - SENSEX Index Options'!$B:$B,"Tuesday",'BSE - SENSEX Index Options'!$G:$G,"Weekly*")+SUMIFS('BSE - Other Index Options'!$L:$L,'BSE - Other Index Options'!$D:$D,$A42,'BSE - Other Index Options'!$B:$B,"Tuesday",'BSE - Other Index Options'!$G:$G,"Weekly*")) -> 397.0484 | D42: =IF(SUM(B42:C42)=0,"",SUM(B42)/SUM(B42:C42)) -> 0.85209304 | E42: =IF(SUM(B42:C42)=0,"",SUM(C42)/SUM(B42:C42)) -> 0.14790696
A43: 46082 | B43: =IF(SUMIFS('NSE - NIFTY Index Options'!$L:$L,'NSE - NIFTY Index Options'!$D:$D,$A43,'NSE - NIFTY Index Options'!$B:$B,"Tuesday",'NSE - NIFTY Index Options'!$G:$G,"Weekly*")+SUMIFS('NSE - Other Index Options'!$L:$L,'NSE - Other Index Options'!$D:$D,$A43,'NSE - Other Index Options'!$B:$B,"Tuesday",'NSE - Other Index Options'!$G:$G,"Weekly*")=0,"",SUMIFS('NSE - NIFTY Index Options'!$L:$L,'NSE - NIFTY Index Options'!$D:$D,$A43,'NSE - NIFTY Index Options'!$B:$B,"Tuesday",'NSE - NIFTY Index Options'!$G:$G,"Weekly*")+SUMIFS('NSE - Other Index Options'!$L:$L,'NSE - Other Index Options'!$D:$D,$A43,'NSE - Other Index Options'!$B:$B,"Tuesday",'NSE - Other Index Options'!$G:$G,"Weekly*")) -> 2860.1846 | C43: =IF(SUMIFS('BSE - SENSEX Index Options'!$L:$L,'BSE - SENSEX Index Options'!$D:$D,$A43,'BSE - SENSEX Index Options'!$B:$B,"Tuesday",'BSE - SENSEX Index Options'!$G:$G,"Weekly*")+SUMIFS('BSE - Other Index Options'!$L:$L,'BSE - Other Index Options'!$D:$D,$A43,'BSE - Other Index Options'!$B:$B,"Tuesday",'BSE - Other Index Options'!$G:$G,"Weekly*")=0,"",SUMIFS('BSE - SENSEX Index Options'!$L:$L,'BSE - SENSEX Index Options'!$D:$D,$A43,'BSE - SENSEX Index Options'!$B:$B,"Tuesday",'BSE - SENSEX Index Options'!$G:$G,"Weekly*")+SUMIFS('BSE - Other Index Options'!$L:$L,'BSE - Other Index Options'!$D:$D,$A43,'BSE - Other Index Options'!$B:$B,"Tuesday",'BSE - Other Index Options'!$G:$G,"Weekly*")) -> 283.2076 | D43: =IF(SUM(B43:C43)=0,"",SUM(B43)/SUM(B43:C43)) -> 0.90990383 | E43: =IF(SUM(B43:C43)=0,"",SUM(C43)/SUM(B43:C43)) -> 0.090096171
A44: 46113 | B44: =IF(SUMIFS('NSE - NIFTY Index Options'!$L:$L,'NSE - NIFTY Index Options'!$D:$D,$A44,'NSE - NIFTY Index Options'!$B:$B,"Tuesday",'NSE - NIFTY Index Options'!$G:$G,"Weekly*")+SUMIFS('NSE - Other Index Options'!$L:$L,'NSE - Other Index Options'!$D:$D,$A44,'NSE - Other Index Options'!$B:$B,"Tuesday",'NSE - Other Index Options'!$G:$G,"Weekly*")=0,"",SUMIFS('NSE - NIFTY Index Options'!$L:$L,'NSE - NIFTY Index Options'!$D:$D,$A44,'NSE - NIFTY Index Options'!$B:$B,"Tuesday",'NSE - NIFTY Index Options'!$G:$G,"Weekly*")+SUMIFS('NSE - Other Index Options'!$L:$L,'NSE - Other Index Options'!$D:$D,$A44,'NSE - Other Index Options'!$B:$B,"Tuesday",'NSE - Other Index Options'!$G:$G,"Weekly*")) -> 1535.2774 | C44: =IF(SUMIFS('BSE - SENSEX Index Options'!$L:$L,'BSE - SENSEX Index Options'!$D:$D,$A44,'BSE - SENSEX Index Options'!$B:$B,"Tuesday",'BSE - SENSEX Index Options'!$G:$G,"Weekly*")+SUMIFS('BSE - Other Index Options'!$L:$L,'BSE - Other Index Options'!$D:$D,$A44,'BSE - Other Index Options'!$B:$B,"Tuesday",'BSE - Other Index Options'!$G:$G,"Weekly*")=0,"",SUMIFS('BSE - SENSEX Index Options'!$L:$L,'BSE - SENSEX Index Options'!$D:$D,$A44,'BSE - SENSEX Index Options'!$B:$B,"Tuesday",'BSE - SENSEX Index Options'!$G:$G,"Weekly*")+SUMIFS('BSE - Other Index Options'!$L:$L,'BSE - Other Index Options'!$D:$D,$A44,'BSE - Other Index Options'!$B:$B,"Tuesday",'BSE - Other Index Options'!$G:$G,"Weekly*")) -> 231.3102 | D44: =IF(SUM(B44:C44)=0,"",SUM(B44)/SUM(B44:C44)) -> 0.86906384 | E44: =IF(SUM(B44:C44)=0,"",SUM(C44)/SUM(B44:C44)) -> 0.13093616
A45: 46143 | B45: =IF(SUMIFS('NSE - NIFTY Index Options'!$L:$L,'NSE - NIFTY Index Options'!$D:$D,$A45,'NSE - NIFTY Index Options'!$B:$B,"Tuesday",'NSE - NIFTY Index Options'!$G:$G,"Weekly*")+SUMIFS('NSE - Other Index Options'!$L:$L,'NSE - Other Index Options'!$D:$D,$A45,'NSE - Other Index Options'!$B:$B,"Tuesday",'NSE - Other Index Options'!$G:$G,"Weekly*")=0,"",SUMIFS('NSE - NIFTY Index Options'!$L:$L,'NSE - NIFTY Index Options'!$D:$D,$A45,'NSE - NIFTY Index Options'!$B:$B,"Tuesday",'NSE - NIFTY Index Options'!$G:$G,"Weekly*")+SUMIFS('NSE - Other Index Options'!$L:$L,'NSE - Other Index Options'!$D:$D,$A45,'NSE - Other Index Options'!$B:$B,"Tuesday",'NSE - Other Index Options'!$G:$G,"Weekly*")) -> 2238.8285 | C45: =IF(SUMIFS('BSE - SENSEX Index Options'!$L:$L,'BSE - SENSEX Index Options'!$D:$D,$A45,'BSE - SENSEX Index Options'!$B:$B,"Tuesday",'BSE - SENSEX Index Options'!$G:$G,"Weekly*")+SUMIFS('BSE - Other Index Options'!$L:$L,'BSE - Other Index Options'!$D:$D,$A45,'BSE - Other Index Options'!$B:$B,"Tuesday",'BSE - Other Index Options'!$G:$G,"Weekly*")=0,"",SUMIFS('BSE - SENSEX Index Options'!$L:$L,'BSE - SENSEX Index Options'!$D:$D,$A45,'BSE - SENSEX Index Options'!$B:$B,"Tuesday",'BSE - SENSEX Index Options'!$G:$G,"Weekly*")+SUMIFS('BSE - Other Index Options'!$L:$L,'BSE - Other Index Options'!$D:$D,$A45,'BSE - Other Index Options'!$B:$B,"Tuesday",'BSE - Other Index Options'!$G:$G,"Weekly*")) -> 356.5245 | D45: =IF(SUM(B45:C45)=0,"",SUM(B45)/SUM(B45:C45)) -> 0.86262967 | E45: =IF(SUM(B45:C45)=0,"",SUM(C45)/SUM(B45:C45)) -> 0.13737033
A46: 46174 | B46: =IF(SUMIFS('NSE - NIFTY Index Options'!$L:$L,'NSE - NIFTY Index Options'!$D:$D,$A46,'NSE - NIFTY Index Options'!$B:$B,"Tuesday",'NSE - NIFTY Index Options'!$G:$G,"Weekly*")+SUMIFS('NSE - Other Index Options'!$L:$L,'NSE - Other Index Options'!$D:$D,$A46,'NSE - Other Index Options'!$B:$B,"Tuesday",'NSE - Other Index Options'!$G:$G,"Weekly*")=0,"",SUMIFS('NSE - NIFTY Index Options'!$L:$L,'NSE - NIFTY Index Options'!$D:$D,$A46,'NSE - NIFTY Index Options'!$B:$B,"Tuesday",'NSE - NIFTY Index Options'!$G:$G,"Weekly*")+SUMIFS('NSE - Other Index Options'!$L:$L,'NSE - Other Index Options'!$D:$D,$A46,'NSE - Other Index Options'!$B:$B,"Tuesday",'NSE - Other Index Options'!$G:$G,"Weekly*")) -> 2749.6247 | C46: =IF(SUMIFS('BSE - SENSEX Index Options'!$L:$L,'BSE - SENSEX Index Options'!$D:$D,$A46,'BSE - SENSEX Index Options'!$B:$B,"Tuesday",'BSE - SENSEX Index Options'!$G:$G,"Weekly*")+SUMIFS('BSE - Other Index Options'!$L:$L,'BSE - Other Index Options'!$D:$D,$A46,'BSE - Other Index Options'!$B:$B,"Tuesday",'BSE - Other Index Options'!$G:$G,"Weekly*")=0,"",SUMIFS('BSE - SENSEX Index Options'!$L:$L,'BSE - SENSEX Index Options'!$D:$D,$A46,'BSE - SENSEX Index Options'!$B:$B,"Tuesday",'BSE - SENSEX Index Options'!$G:$G,"Weekly*")+SUMIFS('BSE - Other Index Options'!$L:$L,'BSE - Other Index Options'!$D:$D,$A46,'BSE - Other Index Options'!$B:$B,"Tuesday",'BSE - Other Index Options'!$G:$G,"Weekly*")) -> 445.027 | D46: =IF(SUM(B46:C46)=0,"",SUM(B46)/SUM(B46:C46)) -> 0.86069624 | E46: =IF(SUM(B46:C46)=0,"",SUM(C46)/SUM(B46:C46)) -> 0.13930376
A47: 46204 | B47: =IF(SUMIFS('NSE - NIFTY Index Options'!$L:$L,'NSE - NIFTY Index Options'!$D:$D,$A47,'NSE - NIFTY Index Options'!$B:$B,"Tuesday",'NSE - NIFTY Index Options'!$G:$G,"Weekly*")+SUMIFS('NSE - Other Index Options'!$L:$L,'NSE - Other Index Options'!$D:$D,$A47,'NSE - Other Index Options'!$B:$B,"Tuesday",'NSE - Other Index Options'!$G:$G,"Weekly*")=0,"",SUMIFS('NSE - NIFTY Index Options'!$L:$L,'NSE - NIFTY Index Options'!$D:$D,$A47,'NSE - NIFTY Index Options'!$B:$B,"Tuesday",'NSE - NIFTY Index Options'!$G:$G,"Weekly*")+SUMIFS('NSE - Other Index Options'!$L:$L,'NSE - Other Index Options'!$D:$D,$A47,'NSE - Other Index Options'!$B:$B,"Tuesday",'NSE - Other Index Options'!$G:$G,"Weekly*")) -> 1206.0293 | C47: =IF(SUMIFS('BSE - SENSEX Index Options'!$L:$L,'BSE - SENSEX Index Options'!$D:$D,$A47,'BSE - SENSEX Index Options'!$B:$B,"Tuesday",'BSE - SENSEX Index Options'!$G:$G,"Weekly*")+SUMIFS('BSE - Other Index Options'!$L:$L,'BSE - Other Index Options'!$D:$D,$A47,'BSE - Other Index Options'!$B:$B,"Tuesday",'BSE - Other Index Options'!$G:$G,"Weekly*")=0,"",SUMIFS('BSE - SENSEX Index Options'!$L:$L,'BSE - SENSEX Index Options'!$D:$D,$A47,'BSE - SENSEX Index Options'!$B:$B,"Tuesday",'BSE - SENSEX Index Options'!$G:$G,"Weekly*")+SUMIFS('BSE - Other Index Options'!$L:$L,'BSE - Other Index Options'!$D:$D,$A47,'BSE - Other Index Options'!$B:$B,"Tuesday",'BSE - Other Index Options'!$G:$G,"Weekly*")) -> 215.7836 | D47: =IF(SUM(B47:C47)=0,"",SUM(B47)/SUM(B47:C47)) -> 0.84823348 | E47: =IF(SUM(B47:C47)=0,"",SUM(C47)/SUM(B47:C47)) -> 0.15176652
A48: 46235 | B48: =IF(SUMIFS('NSE - NIFTY Index Options'!$L:$L,'NSE - NIFTY Index Options'!$D:$D,$A48,'NSE - NIFTY Index Options'!$B:$B,"Tuesday",'NSE - NIFTY Index Options'!$G:$G,"Weekly*")+SUMIFS('NSE - Other Index Options'!$L:$L,'NSE - Other Index Options'!$D:$D,$A48,'NSE - Other Index Options'!$B:$B,"Tuesday",'NSE - Other Index Options'!$G:$G,"Weekly*")=0,"",SUMIFS('NSE - NIFTY Index Options'!$L:$L,'NSE - NIFTY Index Options'!$D:$D,$A48,'NSE - NIFTY Index Options'!$B:$B,"Tuesday",'NSE - NIFTY Index Options'!$G:$G,"Weekly*")+SUMIFS('NSE - Other Index Options'!$L:$L,'NSE - Other Index Options'!$D:$D,$A48,'NSE - Other Index Options'!$B:$B,"Tuesday",'NSE - Other Index Options'!$G:$G,"Weekly*")) | C48: =IF(SUMIFS('BSE - SENSEX Index Options'!$L:$L,'BSE - SENSEX Index Options'!$D:$D,$A48,'BSE - SENSEX Index Options'!$B:$B,"Tuesday",'BSE - SENSEX Index Options'!$G:$G,"Weekly*")+SUMIFS('BSE - Other Index Options'!$L:$L,'BSE - Other Index Options'!$D:$D,$A48,'BSE - Other Index Options'!$B:$B,"Tuesday",'BSE - Other Index Options'!$G:$G,"Weekly*")=0,"",SUMIFS('BSE - SENSEX Index Options'!$L:$L,'BSE - SENSEX Index Options'!$D:$D,$A48,'BSE - SENSEX Index Options'!$B:$B,"Tuesday",'BSE - SENSEX Index Options'!$G:$G,"Weekly*")+SUMIFS('BSE - Other Index Options'!$L:$L,'BSE - Other Index Options'!$D:$D,$A48,'BSE - Other Index Options'!$B:$B,"Tuesday",'BSE - Other Index Options'!$G:$G,"Weekly*")) | D48: =IF(SUM(B48:C48)=0,"",SUM(B48)/SUM(B48:C48)) | E48: =IF(SUM(B48:C48)=0,"",SUM(C48)/SUM(B48:C48))
... A64: 46722 | B64: =IF(SUMIFS('NSE - NIFTY Index Options'!$L:$L,'NSE - NIFTY Index Options'!$D:$D,$A64,'NSE - NIFTY Index Options'!$B:$B,"Tuesday",'NSE - NIFTY Index Options'!$G:$G,"Weekly*")+SUMIFS('NSE - Other Index Options'!$L:$L,'NSE - Other Index Options'!$D:$D,$A64,'NSE - Other Index Options'!$B:$B,"Tuesday",'NSE - Other Index Options'!$G:$G,"Weekly*")=0,"",SUMIFS('NSE - NIFTY Index Options'!$L:$L,'NSE - NIFTY Index Options'!$D:$D,$A64,'NSE - NIFTY Index Options'!$B:$B,"Tuesday",'NSE - NIFTY Index Options'!$G:$G,"Weekly*")+SUMIFS('NSE - Other Index Options'!$L:$L,'NSE - Other Index Options'!$D:$D,$A64,'NSE - Other Index Options'!$B:$B,"Tuesday",'NSE - Other Index Options'!$G:$G,"Weekly*")) | C64: =IF(SUMIFS('BSE - SENSEX Index Options'!$L:$L,'BSE - SENSEX Index Options'!$D:$D,$A64,'BSE - SENSEX Index Options'!$B:$B,"Tuesday",'BSE - SENSEX Index Options'!$G:$G,"Weekly*")+SUMIFS('BSE - Other Index Options'!$L:$L,'BSE - Other Index Options'!$D:$D,$A64,'BSE - Other Index Options'!$B:$B,"Tuesday",'BSE - Other Index Options'!$G:$G,"Weekly*")=0,"",SUMIFS('BSE - SENSEX Index Options'!$L:$L,'BSE - SENSEX Index Options'!$D:$D,$A64,'BSE - SENSEX Index Options'!$B:$B,"Tuesday",'BSE - SENSEX Index Options'!$G:$G,"Weekly*")+SUMIFS('BSE - Other Index Options'!$L:$L,'BSE - Other Index Options'!$D:$D,$A64,'BSE - Other Index Options'!$B:$B,"Tuesday",'BSE - Other Index Options'!$G:$G,"Weekly*")) | D64: =IF(SUM(B64:C64)=0,"",SUM(B64)/SUM(B64:C64)) | E64: =IF(SUM(B64:C64)=0,"",SUM(C64)/SUM(B64:C64))
A65: Total | B65: =IF(SUM(B37:B64)=0,"",SUM(B37:B64)) -> 22093.608 | C65: =IF(SUM(C37:C64)=0,"",SUM(C37:C64)) -> 3646.1686 | D65: =IF(SUM(B65:C65)=0,"",SUM(B65)/SUM(B65:C65)) -> 0.85834498 | E65: =IF(SUM(B65:C65)=0,"",SUM(C65)/SUM(B65:C65)) -> 0.14165502
A67: Wednesday Trade Day
A68: Month | B68: NSE Premium Turnover (INR Bn) | C68: BSE Premium Turnover (INR Bn) | D68: NSE Market Share | E68: BSE Market Share
A69: 45901 | B69: =IF(SUMIFS('NSE - NIFTY Index Options'!$L:$L,'NSE - NIFTY Index Options'!$D:$D,$A69,'NSE - NIFTY Index Options'!$B:$B,"Wednesday",'NSE - NIFTY Index Options'!$G:$G,"Weekly*")+SUMIFS('NSE - Other Index Options'!$L:$L,'NSE - Other Index Options'!$D:$D,$A69,'NSE - Other Index Options'!$B:$B,"Wednesday",'NSE - Other Index Options'!$G:$G,"Weekly*")=0,"",SUMIFS('NSE - NIFTY Index Options'!$L:$L,'NSE - NIFTY Index Options'!$D:$D,$A69,'NSE - NIFTY Index Options'!$B:$B,"Wednesday",'NSE - NIFTY Index Options'!$G:$G,"Weekly*")+SUMIFS('NSE - Other Index Options'!$L:$L,'NSE - Other Index Options'!$D:$D,$A69,'NSE - Other Index Options'!$B:$B,"Wednesday",'NSE - Other Index Options'!$G:$G,"Weekly*")) -> 785.5964 | C69: =IF(SUMIFS('BSE - SENSEX Index Options'!$L:$L,'BSE - SENSEX Index Options'!$D:$D,$A69,'BSE - SENSEX Index Options'!$B:$B,"Wednesday",'BSE - SENSEX Index Options'!$G:$G,"Weekly*")+SUMIFS('BSE - Other Index Options'!$L:$L,'BSE - Other Index Options'!$D:$D,$A69,'BSE - Other Index Options'!$B:$B,"Wednesday",'BSE - Other Index Options'!$G:$G,"Weekly*")=0,"",SUMIFS('BSE - SENSEX Index Options'!$L:$L,'BSE - SENSEX Index Options'!$D:$D,$A69,'BSE - SENSEX Index Options'!$B:$B,"Wednesday",'BSE - SENSEX Index Options'!$G:$G,"Weekly*")+SUMIFS('BSE - Other Index Options'!$L:$L,'BSE - Other Index Options'!$D:$D,$A69,'BSE - Other Index Options'!$B:$B,"Wednesday",'BSE - Other Index Options'!$G:$G,"Weekly*")) -> 652.9248 | D69: =IF(SUM(B69:C69)=0,"",SUM(B69)/SUM(B69:C69)) -> 0.54611388 | E69: =IF(SUM(B69:C69)=0,"",SUM(C69)/SUM(B69:C69)) -> 0.45388612
A70: 45931 | B70: =IF(SUMIFS('NSE - NIFTY Index Options'!$L:$L,'NSE - NIFTY Index Options'!$D:$D,$A70,'NSE - NIFTY Index Options'!$B:$B,"Wednesday",'NSE - NIFTY Index Options'!$G:$G,"Weekly*")+SUMIFS('NSE - Other Index Options'!$L:$L,'NSE - Other Index Options'!$D:$D,$A70,'NSE - Other Index Options'!$B:$B,"Wednesday",'NSE - Other Index Options'!$G:$G,"Weekly*")=0,"",SUMIFS('NSE - NIFTY Index Options'!$L:$L,'NSE - NIFTY Index Options'!$D:$D,$A70,'NSE - NIFTY Index Options'!$B:$B,"Wednesday",'NSE - NIFTY Index Options'!$G:$G,"Weekly*")+SUMIFS('NSE - Other Index Options'!$L:$L,'NSE - Other Index Options'!$D:$D,$A70,'NSE - Other Index Options'!$B:$B,"Wednesday",'NSE - Other Index Options'!$G:$G,"Weekly*")) -> 1265.3994 | C70: =IF(SUMIFS('BSE - SENSEX Index Options'!$L:$L,'BSE - SENSEX Index Options'!$D:$D,$A70,'BSE - SENSEX Index Options'!$B:$B,"Wednesday",'BSE - SENSEX Index Options'!$G:$G,"Weekly*")+SUMIFS('BSE - Other Index Options'!$L:$L,'BSE - Other Index Options'!$D:$D,$A70,'BSE - Other Index Options'!$B:$B,"Wednesday",'BSE - Other Index Options'!$G:$G,"Weekly*")=0,"",SUMIFS('BSE - SENSEX Index Options'!$L:$L,'BSE - SENSEX Index Options'!$D:$D,$A70,'BSE - SENSEX Index Options'!$B:$B,"Wednesday",'BSE - SENSEX Index Options'!$G:$G,"Weekly*")+SUMIFS('BSE - Other Index Options'!$L:$L,'BSE - Other Index Options'!$D:$D,$A70,'BSE - Other Index Options'!$B:$B,"Wednesday",'BSE - Other Index Options'!$G:$G,"Weekly*")) -> 988.7301 | D70: =IF(SUM(B70:C70)=0,"",SUM(B70)/SUM(B70:C70)) -> 0.56136943 | E70: =IF(SUM(B70:C70)=0,"",SUM(C70)/SUM(B70:C70)) -> 0.43863057
