Workbook

Sheet Quality Check
A1: Quality Check - ICICI Pru Life monthly business update workbook
A3: Metric | B3: Data From | C3: Data To | D3: Months in Range | E3: Populated Months | F3: Coverage % | G3: Derived (March) | I3: Data Sources & Method
A4: RWRP (INR Bn) | B4: =IFERROR(INDEX(Monthly!$A$5:$A$100,MATCH(TRUE,INDEX(Monthly!C5:C100<>"",0),0)),"") | C4: =IFERROR(LOOKUP(2,1/(Monthly!C5:C100<>""),Monthly!$A$5:$A$100),"") | D4: =IF(B4="","",(YEAR(C4)-YEAR(B4))*12+MONTH(C4)-MONTH(B4)+1) | E4: =COUNT(Monthly!C5:C100) | F4: =IFERROR(E4/D4,"") | G4: 6 | I4: Source: BSE corporate announcements, scrip 540133 (ICICI Prudential Life -> renamed ICICI Life Insurance Ltd in 2026).
A5: APE (INR Bn) | B5: =IFERROR(INDEX(Monthly!$A$5:$A$100,MATCH(TRUE,INDEX(Monthly!F5:F100<>"",0),0)),"") | C5: =IFERROR(LOOKUP(2,1/(Monthly!F5:F100<>""),Monthly!$A$5:$A$100),"") | D5: =IF(B5="","",(YEAR(C5)-YEAR(B5))*12+MONTH(C5)-MONTH(B5)+1) | E5: =COUNT(Monthly!F5:F100) | F5: =IFERROR(E5/D5,"") | G5: 6 | I5: Monthly update = filing titled 'Investor Presentation' (to Aug-2025, Dec-2025 to Jul-2026) or 'Performance Update' / 'Monthly business performance update'.
A6: Retail APE (INR Bn) | B6: =IFERROR(INDEX(Monthly!$A$5:$A$100,MATCH(TRUE,INDEX(Monthly!I5:I100<>"",0),0)),"") | C6: =IFERROR(LOOKUP(2,1/(Monthly!I5:I100<>""),Monthly!$A$5:$A$100),"") | D6: =IF(B6="","",(YEAR(C6)-YEAR(B6))*12+MONTH(C6)-MONTH(B6)+1) | E6: =COUNT(Monthly!I5:I100) | F6: =IFERROR(E6/D6,"") | G6: 2 | I6: Figures are the 'Premium growth' table, INR billion as reported; sum assured also INR billion.
A7: NB Premium (INR Bn) | B7: =IFERROR(INDEX(Monthly!$A$5:$A$100,MATCH(TRUE,INDEX(Monthly!L5:L100<>"",0),0)),"") | C7: =IFERROR(LOOKUP(2,1/(Monthly!L5:L100<>""),Monthly!$A$5:$A$100),"") | D7: =IF(B7="","",(YEAR(C7)-YEAR(B7))*12+MONTH(C7)-MONTH(B7)+1) | E7: =COUNT(Monthly!L5:L100) | F7: =IFERROR(E7/D7,"") | G7: 5 | I7: Each release shows the quarter-to-date months; the LATEST release covering a month is used (restatements win).
A8: NB Sum Assured (INR Bn) | B8: =IFERROR(INDEX(Monthly!$A$5:$A$100,MATCH(TRUE,INDEX(Monthly!O5:O100<>"",0),0)),"") | C8: =IFERROR(LOOKUP(2,1/(Monthly!O5:O100<>""),Monthly!$A$5:$A$100),"") | D8: =IF(B8="","",(YEAR(C8)-YEAR(B8))*12+MONTH(C8)-MONTH(B8)+1) | E8: =COUNT(Monthly!O5:O100) | F8: =IFERROR(E8/D8,"") | G8: 5 | I8: March is never released monthly (it is in the Q4 results): March = reported FY total - reported 11M cumulative (purple, live formula).
I9: Where FY or 11M was not published for a metric, March stays blank (e.g. NB Premium / Sum Assured Mar-2020).
A10: Check | E10: Value | F10: Status | I10: Quarterly = live SUM of the 3 Monthly rows (fiscal quarters, Q1 = Apr-Jun); YoY / QoQ live; checked vs reported quarter totals.
A11: Excel errors in Monthly + FY Totals + Quarterly (must be 0) | E11: =SUMPRODUCT(--ISERROR(Monthly!A5:R100))+SUMPRODUCT(--ISERROR('FY Totals'!A4:P12))+SUMPRODUCT(--ISERROR(Quarterly!A5:R36)) | F11: =IF(E11=0,"OK","CHECK") | I11: Prior-Year Check: every release's value/(1+YoY) vs the prior-year figure published earlier, so a reclassification of last year is caught.
A12: FY2020 APE: sum of 12 months - reported FY (tol 0.16) | E12: =IF(COUNT(Monthly!F11:F22)<12,"n/a",SUM(Monthly!F11:F22)-'FY Totals'!E5) | F12: =IF(E12="n/a","n/a",IF(ABS(E12)<=0.1607,"OK","CHECK")) | I12: YoY / MoM are live formulas on the monthly levels; the first 12 months show the company-reported YoY (grey).
A13: FY2020 RWRP: sum of 12 months - reported FY (tol 0.15) | E13: =IF(COUNT(Monthly!C11:C22)<12,"n/a",SUM(Monthly!C11:C22)-'FY Totals'!B5) | F13: =IF(E13="n/a","n/a",IF(ABS(E13)<=0.1496,"OK","CHECK")) | I13: RWRP = retail weighted received premium; APE = annualised premium equivalent; NB = new business.
A14: FY2020 NB premium: sum of 12 months - reported FY (tol 0.24) | E14: =IF(COUNT(Monthly!L11:L22)<12,"n/a",SUM(Monthly!L11:L22)-'FY Totals'!K5) | F14: =IF(E14="n/a","n/a",IF(ABS(E14)<=0.2352,"OK","CHECK")) | I14: Retail APE disclosed from Jan-2025; NB premium from Apr-2020; NB sum assured from Oct-2020.
A15: FY2020 NB sum assured: sum of 12 months - reported FY (tol 8.62) | E15: =IF(COUNT(Monthly!O11:O22)<12,"n/a",SUM(Monthly!O11:O22)-'FY Totals'!N5) | F15: =IF(E15="n/a","n/a",IF(ABS(E15)<=8.6178,"OK","CHECK")) | I15: Refresh: python3 'ICICI Pru Life/Python Files/icici_pru_monthly_update.py' (updates land ~7th-13th of each month).
A16: FY2021 APE: sum of 12 months - reported FY (tol 0.15) | E16: =IF(COUNT(Monthly!F23:F34)<12,"n/a",SUM(Monthly!F23:F34)-'FY Totals'!E6) | F16: =IF(E16="n/a","n/a",IF(ABS(E16)<=0.1469,"OK","CHECK"))
A17: FY2021 RWRP: sum of 12 months - reported FY (tol 0.13) | E17: =IF(COUNT(Monthly!C23:C34)<12,"n/a",SUM(Monthly!C23:C34)-'FY Totals'!B6) | F17: =IF(E17="n/a","n/a",IF(ABS(E17)<=0.1318,"OK","CHECK"))
A18: FY2021 NB premium: sum of 12 months - reported FY (tol 0.25) | E18: =IF(COUNT(Monthly!L23:L34)<12,"n/a",SUM(Monthly!L23:L34)-'FY Totals'!K6) | F18: =IF(E18="n/a","n/a",IF(ABS(E18)<=0.2455,"OK","CHECK"))
A19: FY2021 NB sum assured: sum of 12 months - reported FY (tol 9.30) | E19: =IF(COUNT(Monthly!O23:O34)<12,"n/a",SUM(Monthly!O23:O34)-'FY Totals'!N6) | F19: =IF(E19="n/a","n/a",IF(ABS(E19)<=9.3003,"OK","CHECK"))
A20: FY2022 APE: sum of 12 months - reported FY (tol 0.17) | E20: =IF(COUNT(Monthly!F35:F46)<12,"n/a",SUM(Monthly!F35:F46)-'FY Totals'!E7) | F20: =IF(E20="n/a","n/a",IF(ABS(E20)<=0.1660,"OK","CHECK"))
A21: FY2022 RWRP: sum of 12 months - reported FY (tol 0.14) | E21: =IF(COUNT(Monthly!C35:C46)<12,"n/a",SUM(Monthly!C35:C46)-'FY Totals'!B7) | F21: =IF(E21="n/a","n/a",IF(ABS(E21)<=0.1445,"OK","CHECK"))
A22: FY2022 NB premium: sum of 12 months - reported FY (tol 0.28) | E22: =IF(COUNT(Monthly!L35:L46)<12,"n/a",SUM(Monthly!L35:L46)-'FY Totals'!K7) | F22: =IF(E22="n/a","n/a",IF(ABS(E22)<=0.2755,"OK","CHECK"))
A23: FY2022 NB sum assured: sum of 12 months - reported FY (tol 11.65) | E23: =IF(COUNT(Monthly!O35:O46)<12,"n/a",SUM(Monthly!O35:O46)-'FY Totals'!N7) | F23: =IF(E23="n/a","n/a",IF(ABS(E23)<=11.6472,"OK","CHECK"))
A24: FY2023 APE: sum of 12 months - reported FY (tol 0.18) | E24: =IF(COUNT(Monthly!F47:F58)<12,"n/a",SUM(Monthly!F47:F58)-'FY Totals'!E8) | F24: =IF(E24="n/a","n/a",IF(ABS(E24)<=0.1796,"OK","CHECK"))
A25: FY2023 RWRP: sum of 12 months - reported FY (tol 0.15) | E25: =IF(COUNT(Monthly!C47:C58)<12,"n/a",SUM(Monthly!C47:C58)-'FY Totals'!B8) | F25: =IF(E25="n/a","n/a",IF(ABS(E25)<=0.1511,"OK","CHECK"))
A26: FY2023 NB premium: sum of 12 months - reported FY (tol 0.30) | E26: =IF(COUNT(Monthly!L47:L58)<12,"n/a",SUM(Monthly!L47:L58)-'FY Totals'!K8) | F26: =IF(E26="n/a","n/a",IF(ABS(E26)<=0.3038,"OK","CHECK"))
A27: FY2023 NB sum assured: sum of 12 months - reported FY (tol 15.67) | E27: =IF(COUNT(Monthly!O47:O58)<12,"n/a",SUM(Monthly!O47:O58)-'FY Totals'!N8) | F27: =IF(E27="n/a","n/a",IF(ABS(E27)<=15.6709,"OK","CHECK"))
A28: FY2024 APE: sum of 12 months - reported FY (tol 0.19) | E28: =IF(COUNT(Monthly!F59:F70)<12,"n/a",SUM(Monthly!F59:F70)-'FY Totals'!E9) | F28: =IF(E28="n/a","n/a",IF(ABS(E28)<=0.1857,"OK","CHECK"))
A29: FY2024 RWRP: sum of 12 months - reported FY (tol 0.16) | E29: =IF(COUNT(Monthly!C59:C70)<12,"n/a",SUM(Monthly!C59:C70)-'FY Totals'!B9) | F29: =IF(E29="n/a","n/a",IF(ABS(E29)<=0.1582,"OK","CHECK"))
A30: FY2024 NB premium: sum of 12 months - reported FY (tol 0.32) | E30: =IF(COUNT(Monthly!L59:L70)<12,"n/a",SUM(Monthly!L59:L70)-'FY Totals'!K9) | F30: =IF(E30="n/a","n/a",IF(ABS(E30)<=0.3212,"OK","CHECK"))
A31: FY2024 NB sum assured: sum of 12 months - reported FY (tol 15.38) | E31: =IF(COUNT(Monthly!O59:O70)<12,"n/a",SUM(Monthly!O59:O70)-'FY Totals'!N9) | F31: =IF(E31="n/a","n/a",IF(ABS(E31)<=15.3817,"OK","CHECK"))
A32: FY2025 APE: sum of 12 months - reported FY (tol 0.21) | E32: =IF(COUNT(Monthly!F71:F82)<12,"n/a",SUM(Monthly!F71:F82)-'FY Totals'!E10) | F32: =IF(E32="n/a","n/a",IF(ABS(E32)<=0.2061,"OK","CHECK"))
A33: FY2025 RWRP: sum of 12 months - reported FY (tol 0.17) | E33: =IF(COUNT(Monthly!C71:C82)<12,"n/a",SUM(Monthly!C71:C82)-'FY Totals'!B10) | F33: =IF(E33="n/a","n/a",IF(ABS(E33)<=0.1746,"OK","CHECK"))
A34: FY2025 NB premium: sum of 12 months - reported FY (tol 0.39) | E34: =IF(COUNT(Monthly!L71:L82)<12,"n/a",SUM(Monthly!L71:L82)-'FY Totals'!K10) | F34: =IF(E34="n/a","n/a",IF(ABS(E34)<=0.3887,"OK","CHECK"))
A35: FY2025 NB sum assured: sum of 12 months - reported FY (tol 17.97) | E35: =IF(COUNT(Monthly!O71:O82)<12,"n/a",SUM(Monthly!O71:O82)-'FY Totals'!N10) | F35: =IF(E35="n/a","n/a",IF(ABS(E35)<=17.9660,"OK","CHECK"))
A36: FY2026 APE: sum of 12 months - reported FY (tol 0.21) | E36: =IF(COUNT(Monthly!F83:F94)<12,"n/a",SUM(Monthly!F83:F94)-'FY Totals'!E11) | F36: =IF(E36="n/a","n/a",IF(ABS(E36)<=0.2096,"OK","CHECK"))
A37: FY2026 RWRP: sum of 12 months - reported FY (tol 0.17) | E37: =IF(COUNT(Monthly!C83:C94)<12,"n/a",SUM(Monthly!C83:C94)-'FY Totals'!B11) | F37: =IF(E37="n/a","n/a",IF(ABS(E37)<=0.1731,"OK","CHECK"))
A38: FY2026 NB premium: sum of 12 months - reported FY (tol 0.42) | E38: =IF(COUNT(Monthly!L83:L94)<12,"n/a",SUM(Monthly!L83:L94)-'FY Totals'!K11) | F38: =IF(E38="n/a","n/a",IF(ABS(E38)<=0.4221,"OK","CHECK"))
A39: FY2026 NB sum assured: sum of 12 months - reported FY (tol 21.80) | E39: =IF(COUNT(Monthly!O83:O94)<12,"n/a",SUM(Monthly!O83:O94)-'FY Totals'!N11) | F39: =IF(E39="n/a","n/a",IF(ABS(E39)<=21.8034,"OK","CHECK"))
A40: FY2020 APE: Apr-Feb monthly sum - reported 11M (tol 0.10) | E40: =SUM(Monthly!F11:F21)-'FY Totals'!G5 | F40: =IF(ABS(E40)<=0.1,"OK","CHECK")
A41: FY2020 RWRP: Apr-Feb monthly sum - reported 11M (tol 0.10) | E41: =SUM(Monthly!C11:C21)-'FY Totals'!D5 | F41: =IF(ABS(E41)<=0.1,"OK","CHECK")
A42: FY2021 APE: Apr-Feb monthly sum - reported 11M (tol 0.10) | E42: =SUM(Monthly!F23:F33)-'FY Totals'!G6 | F42: =IF(ABS(E42)<=0.1,"OK","CHECK")
A43: FY2021 RWRP: Apr-Feb monthly sum - reported 11M (tol 0.10) | E43: =SUM(Monthly!C23:C33)-'FY Totals'!D6 | F43: =IF(ABS(E43)<=0.1,"OK","CHECK")
A44: FY2022 APE: Apr-Feb monthly sum - reported 11M (tol 0.10) | E44: =SUM(Monthly!F35:F45)-'FY Totals'!G7 | F44: =IF(ABS(E44)<=0.1,"OK","CHECK")
A45: FY2022 RWRP: Apr-Feb monthly sum - reported 11M (tol 0.10) | E45: =SUM(Monthly!C35:C45)-'FY Totals'!D7 | F45: =IF(ABS(E45)<=0.1,"OK","CHECK")
A46: FY2023 APE: Apr-Feb monthly sum - reported 11M (tol 0.10) | E46: =SUM(Monthly!F47:F57)-'FY Totals'!G8 | F46: =IF(ABS(E46)<=0.1,"OK","CHECK")
A47: FY2023 RWRP: Apr-Feb monthly sum - reported 11M (tol 0.10) | E47: =SUM(Monthly!C47:C57)-'FY Totals'!D8 | F47: =IF(ABS(E47)<=0.1,"OK","CHECK")
A48: FY2024 APE: Apr-Feb monthly sum - reported 11M (tol 0.10) | E48: =SUM(Monthly!F59:F69)-'FY Totals'!G9 | F48: =IF(ABS(E48)<=0.1,"OK","CHECK")
A49: FY2024 RWRP: Apr-Feb monthly sum - reported 11M (tol 0.10) | E49: =SUM(Monthly!C59:C69)-'FY Totals'!D9 | F49: =IF(ABS(E49)<=0.1,"OK","CHECK")
A50: FY2025 APE: Apr-Feb monthly sum - reported 11M (tol 0.10) | E50: =SUM(Monthly!F71:F81)-'FY Totals'!G10 | F50: =IF(ABS(E50)<=0.1,"OK","CHECK")
A51: FY2025 RWRP: Apr-Feb monthly sum - reported 11M (tol 0.10) | E51: =SUM(Monthly!C71:C81)-'FY Totals'!D10 | F51: =IF(ABS(E51)<=0.1,"OK","CHECK")
A52: FY2026 APE: Apr-Feb monthly sum - reported 11M (tol 0.10) | E52: =SUM(Monthly!F83:F93)-'FY Totals'!G11 | F52: =IF(ABS(E52)<=0.1,"OK","CHECK")
A53: FY2026 RWRP: Apr-Feb monthly sum - reported 11M (tol 0.10) | E53: =SUM(Monthly!C83:C93)-'FY Totals'!D11 | F53: =IF(ABS(E53)<=0.1,"OK","CHECK")
A54: Q1FY20 APE: Quarterly sheet - reported quarter 14.70 (tol 0.07) | E54: =IF(Quarterly!G7="","n/a",Quarterly!G7-14.7) | F54: =IF(E54="n/a","n/a",IF(ABS(E54)<=0.0721,"OK","CHECK"))
A55: Q1FY20 RWRP: Quarterly sheet - reported quarter 12.96 (tol 0.07) | E55: =IF(Quarterly!D7="","n/a",Quarterly!D7-12.96) | F55: =IF(E55="n/a","n/a",IF(ABS(E55)<=0.0694,"OK","CHECK"))
A56: Q3FY20 APE: Quarterly sheet - reported quarter 20.38 (tol 0.08) | E56: =IF(Quarterly!G9="","n/a",Quarterly!G9-20.38) | F56: =IF(E56="n/a","n/a",IF(ABS(E56)<=0.0806,"OK","CHECK"))
A57: Q3FY20 RWRP: Quarterly sheet - reported quarter 19.06 (tol 0.08) | E57: =IF(Quarterly!D9="","n/a",Quarterly!D9-19.06) | F57: =IF(E57="n/a","n/a",IF(ABS(E57)<=0.0786,"OK","CHECK"))
A58: Q1FY21 APE: Quarterly sheet - reported quarter 8.23 (tol 0.06) | E58: =IF(Quarterly!G11="","n/a",Quarterly!G11-8.23) | F58: =IF(E58="n/a","n/a",IF(ABS(E58)<=0.0623,"OK","CHECK"))
A59: Q1FY21 RWRP: Quarterly sheet - reported quarter 6.56 (tol 0.06) | E59: =IF(Quarterly!D11="","n/a",Quarterly!D11-6.56) | F59: =IF(E59="n/a","n/a",IF(ABS(E59)<=0.0598,"OK","CHECK"))
A60: Q1FY21 NB premium: Quarterly sheet - reported quarter 14.99 (tol 0.07) | E60: =IF(Quarterly!M11="","n/a",Quarterly!M11-14.99) | F60: =IF(E60="n/a","n/a",IF(ABS(E60)<=0.0725,"OK","CHECK"))
A61: Q2FY21 APE: Quarterly sheet - reported quarter 14.65 (tol 0.07) | E61: =IF(Quarterly!G12="","n/a",Quarterly!G12-14.65) | F61: =IF(E61="n/a","n/a",IF(ABS(E61)<=0.0720,"OK","CHECK"))
A62: Q2FY21 RWRP: Quarterly sheet - reported quarter 12.29 (tol 0.07) | E62: =IF(Quarterly!D12="","n/a",Quarterly!D12-12.29) | F62: =IF(E62="n/a","n/a",IF(ABS(E62)<=0.0684,"OK","CHECK"))
A63: Q2FY21 NB premium: Quarterly sheet - reported quarter 29.57 (tol 0.09) | E63: =IF(Quarterly!M12="","n/a",Quarterly!M12-29.57) | F63: =IF(E63="n/a","n/a",IF(ABS(E63)<=0.0944,"OK","CHECK"))
A64: Q4FY21 APE: Quarterly sheet - reported quarter 25.09 (tol 0.09) | E64: =IF(Quarterly!G14="","n/a",Quarterly!G14-25.09) | F64: =IF(E64="n/a","n/a",IF(ABS(E64)<=0.0876,"OK","CHECK"))
A65: Q4FY21 RWRP: Quarterly sheet - reported quarter 21.49 (tol 0.08) | E65: =IF(Quarterly!D14="","n/a",Quarterly!D14-21.49) | F65: =IF(E65="n/a","n/a",IF(ABS(E65)<=0.0822,"OK","CHECK"))
A66: Q4FY21 NB premium: Quarterly sheet - reported quarter 51.33 (tol 0.13) | E66: =IF(Quarterly!M14="","n/a",Quarterly!M14-51.33) | F66: =IF(E66="n/a","n/a",IF(ABS(E66)<=0.1270,"OK","CHECK"))
A67: Q4FY21 NB sum assured: Quarterly sheet - reported quarter 2,051.84 (tol 3.13) | E67: =IF(Quarterly!P14="","n/a",Quarterly!P14-2051.84) | F67: =IF(E67="n/a","n/a",IF(ABS(E67)<=3.1278,"OK","CHECK"))
A68: Q1FY22 APE: Quarterly sheet - reported quarter 12.19 (tol 0.07) | E68: =IF(Quarterly!G15="","n/a",Quarterly!G15-12.19) | F68: =IF(E68="n/a","n/a",IF(ABS(E68)<=0.0683,"OK","CHECK"))
A69: Q1FY22 RWRP: Quarterly sheet - reported quarter 9.42 (tol 0.06) | E69: =IF(Quarterly!D15="","n/a",Quarterly!D15-9.42) | F69: =IF(E69="n/a","n/a",IF(ABS(E69)<=0.0641,"OK","CHECK"))
A70: Q1FY22 NB premium: Quarterly sheet - reported quarter 25.59 (tol 0.09) | E70: =IF(Quarterly!M15="","n/a",Quarterly!M15-25.59) | F70: =IF(E70="n/a","n/a",IF(ABS(E70)<=0.0884,"OK","CHECK"))
A71: Q1FY22 NB sum assured: Quarterly sheet - reported quarter 1,768.62 (tol 2.70) | E71: =IF(Quarterly!P15="","n/a",Quarterly!P15-1768.62) | F71: =IF(E71="n/a","n/a",IF(ABS(E71)<=2.7029,"OK","CHECK"))
A72: Q2FY22 APE: Quarterly sheet - reported quarter 19.77 (tol 0.08) | E72: =IF(Quarterly!G16="","n/a",Quarterly!G16-19.77) | F72: =IF(E72="n/a","n/a",IF(ABS(E72)<=0.0797,"OK","CHECK"))
A73: Q2FY22 RWRP: Quarterly sheet - reported quarter 16.45 (tol 0.07) | E73: =IF(Quarterly!D16="","n/a",Quarterly!D16-16.45) | F73: =IF(E73="n/a","n/a",IF(ABS(E73)<=0.0747,"OK","CHECK"))
A74: Q2FY22 NB premium: Quarterly sheet - reported quarter 39.02 (tol 0.11) | E74: =IF(Quarterly!M16="","n/a",Quarterly!M16-39.02) | F74: =IF(E74="n/a","n/a",IF(ABS(E74)<=0.1085,"OK","CHECK"))
A75: Q2FY22 NB sum assured: Quarterly sheet - reported quarter 1,605.55 (tol 2.46) | E75: =IF(Quarterly!P16="","n/a",Quarterly!P16-1605.55) | F75: =IF(E75="n/a","n/a",IF(ABS(E75)<=2.4583,"OK","CHECK"))
A76: Q4FY22 APE: Quarterly sheet - reported quarter 26.08 (tol 0.09) | E76: =IF(Quarterly!G18="","n/a",Quarterly!G18-26.08) | F76: =IF(E76="n/a","n/a",IF(ABS(E76)<=0.0891,"OK","CHECK"))
A77: Q4FY22 RWRP: Quarterly sheet - reported quarter 20.74 (tol 0.08) | E77: =IF(Quarterly!D18="","n/a",Quarterly!D18-20.74) | F77: =IF(E77="n/a","n/a",IF(ABS(E77)<=0.0811,"OK","CHECK"))
A78: Q4FY22 NB premium: Quarterly sheet - reported quarter 47.88 (tol 0.12) | E78: =IF(Quarterly!M18="","n/a",Quarterly!M18-47.88) | F78: =IF(E78="n/a","n/a",IF(ABS(E78)<=0.1218,"OK","CHECK"))
A79: Q4FY22 NB sum assured: Quarterly sheet - reported quarter 2,599.83 (tol 3.95) | E79: =IF(Quarterly!P18="","n/a",Quarterly!P18-2599.83) | F79: =IF(E79="n/a","n/a",IF(ABS(E79)<=3.9497,"OK","CHECK"))
A80: Q1FY23 APE: Quarterly sheet - reported quarter 15.20 (tol 0.07) | E80: =IF(Quarterly!G19="","n/a",Quarterly!G19-15.2) | F80: =IF(E80="n/a","n/a",IF(ABS(E80)<=0.0728,"OK","CHECK"))
A81: Q1FY23 RWRP: Quarterly sheet - reported quarter 11.01 (tol 0.07) | E81: =IF(Quarterly!D19="","n/a",Quarterly!D19-11.01) | F81: =IF(E81="n/a","n/a",IF(ABS(E81)<=0.0665,"OK","CHECK"))
A82: Q1FY23 NB premium: Quarterly sheet - reported quarter 31.84 (tol 0.10) | E82: =IF(Quarterly!M19="","n/a",Quarterly!M19-31.84) | F82: =IF(E82="n/a","n/a",IF(ABS(E82)<=0.0978,"OK","CHECK"))
A83: Q1FY23 NB sum assured: Quarterly sheet - reported quarter 2,209.35 (tol 3.36) | E83: =IF(Quarterly!P19="","n/a",Quarterly!P19-2209.35) | F83: =IF(E83="n/a","n/a",IF(ABS(E83)<=3.3640,"OK","CHECK"))
A84: Q3FY23 APE: Quarterly sheet - reported quarter 18.21 (tol 0.08) | E84: =IF(Quarterly!G21="","n/a",Quarterly!G21-18.21) | F84: =IF(E84="n/a","n/a",IF(ABS(E84)<=0.0773,"OK","CHECK"))
A85: Q3FY23 RWRP: Quarterly sheet - reported quarter 14.35 (tol 0.07) | E85: =IF(Quarterly!D21="","n/a",Quarterly!D21-14.35) | F85: =IF(E85="n/a","n/a",IF(ABS(E85)<=0.0715,"OK","CHECK"))
A86: Q3FY23 NB premium: Quarterly sheet - reported quarter 39.28 (tol 0.11) | E86: =IF(Quarterly!M21="","n/a",Quarterly!M21-39.28) | F86: =IF(E86="n/a","n/a",IF(ABS(E86)<=0.1089,"OK","CHECK"))
A87: Q3FY23 NB sum assured: Quarterly sheet - reported quarter 2,121.88 (tol 3.23) | E87: =IF(Quarterly!P21="","n/a",Quarterly!P21-2121.88) | F87: =IF(E87="n/a","n/a",IF(ABS(E87)<=3.2328,"OK","CHECK"))
A88: Q1FY24 APE: Quarterly sheet - reported quarter 14.61 (tol 0.07) | E88: =IF(Quarterly!G23="","n/a",Quarterly!G23-14.61) | F88: =IF(E88="n/a","n/a",IF(ABS(E88)<=0.0719,"OK","CHECK"))
A89: Q1FY24 RWRP: Quarterly sheet - reported quarter 10.61 (tol 0.07) | E89: =IF(Quarterly!D23="","n/a",Quarterly!D23-10.61) | F89: =IF(E89="n/a","n/a",IF(ABS(E89)<=0.0659,"OK","CHECK"))
A90: Q1FY24 NB premium: Quarterly sheet - reported quarter 30.51 (tol 0.10) | E90: =IF(Quarterly!M23="","n/a",Quarterly!M23-30.51) | F90: =IF(E90="n/a","n/a",IF(ABS(E90)<=0.0958,"OK","CHECK"))
A91: Q1FY24 NB sum assured: Quarterly sheet - reported quarter 2,403.04 (tol 3.65) | E91: =IF(Quarterly!P23="","n/a",Quarterly!P23-2403.04) | F91: =IF(E91="n/a","n/a",IF(ABS(E91)<=3.6546,"OK","CHECK"))
A92: Q2FY24 APE: Quarterly sheet - reported quarter 20.62 (tol 0.08) | E92: =IF(Quarterly!G24="","n/a",Quarterly!G24-20.62) | F92: =IF(E92="n/a","n/a",IF(ABS(E92)<=0.0809,"OK","CHECK"))
A93: Q2FY24 RWRP: Quarterly sheet - reported quarter 15.74 (tol 0.07) | E93: =IF(Quarterly!D24="","n/a",Quarterly!D24-15.74) | F93: =IF(E93="n/a","n/a",IF(ABS(E93)<=0.0736,"OK","CHECK"))
A94: Q2FY24 NB premium: Quarterly sheet - reported quarter 43.59 (tol 0.12) | E94: =IF(Quarterly!M24="","n/a",Quarterly!M24-43.59) | F94: =IF(E94="n/a","n/a",IF(ABS(E94)<=0.1154,"OK","CHECK"))
A95: Q2FY24 NB sum assured: Quarterly sheet - reported quarter 2,510.79 (tol 3.82) | E95: =IF(Quarterly!P24="","n/a",Quarterly!P24-2510.79) | F95: =IF(E95="n/a","n/a",IF(ABS(E95)<=3.8162,"OK","CHECK"))
A96: Q3FY24 APE: Quarterly sheet - reported quarter 19.07 (tol 0.08) | E96: =IF(Quarterly!G25="","n/a",Quarterly!G25-19.07) | F96: =IF(E96="n/a","n/a",IF(ABS(E96)<=0.0786,"OK","CHECK"))
A97: Q3FY24 RWRP: Quarterly sheet - reported quarter 15.79 (tol 0.07) | E97: =IF(Quarterly!D25="","n/a",Quarterly!D25-15.79) | F97: =IF(E97="n/a","n/a",IF(ABS(E97)<=0.0737,"OK","CHECK"))
A98: Q3FY24 NB premium: Quarterly sheet - reported quarter 41.17 (tol 0.11) | E98: =IF(Quarterly!M25="","n/a",Quarterly!M25-41.17) | F98: =IF(E98="n/a","n/a",IF(ABS(E98)<=0.1118,"OK","CHECK"))
A99: Q3FY24 NB sum assured: Quarterly sheet - reported quarter 2,314.66 (tol 3.52) | E99: =IF(Quarterly!P25="","n/a",Quarterly!P25-2314.66) | F99: =IF(E99="n/a","n/a",IF(ABS(E99)<=3.5220,"OK","CHECK"))
A100: Q4FY24 APE: Quarterly sheet - reported quarter 36.15 (tol 0.10) | E100: =IF(Quarterly!G26="","n/a",Quarterly!G26-36.15) | F100: =IF(E100="n/a","n/a",IF(ABS(E100)<=0.1042,"OK","CHECK"))
A101: Q4FY24 RWRP: Quarterly sheet - reported quarter 30.00 (tol 0.10) | E101: =IF(Quarterly!D26="","n/a",Quarterly!D26-30.0) | F101: =IF(E101="n/a","n/a",IF(ABS(E101)<=0.0950,"OK","CHECK"))
...

Sheet Charts
A1: ICICI Pru Life - monthly business update charts (data: Monthly / FY Totals sheets)

Sheet Monthly
A1: ICICI Pru Life - monthly business performance update (BSE 540133), INR Bn
A2: Black = company-reported | purple italic = March derived (FY total - 11M cumulative, live formula off FY Totals) | grey italic YoY = company-reported YoY for months with no prior-year row
A4: Month | B4: Fiscal Year | C4: RWRP (INR Bn) | D4: RWRP YoY | E4: RWRP MoM | F4: APE (INR Bn) | G4: APE YoY | H4: APE MoM | I4: Retail APE (INR Bn) | J4: Retail APE YoY | K4: Retail APE MoM | L4: NB Premium (INR Bn) | M4: NB Premium YoY | N4: NB Premium MoM | O4: NB Sum Assured (INR Bn) | P4: NB Sum Assured YoY | Q4: NB Sum Assured MoM | R4: Latest Release (BSE filing date)
A5: 43374 | B5: FY2019 | C5: 4.69 | D5: -0.172 | F5: 5.09 | G5: -0.118 | R5: 43472
A6: 43405 | B6: FY2019 | C6: 5.11 | D6: -0.239 | E6: =IFERROR(IF(OR(C6="",C5=""),"",C6/C5-1),"") | F6: 6.87 | G6: 0.003 | H6: =IFERROR(IF(OR(F6="",F5=""),"",F6/F5-1),"") | K6: =IFERROR(IF(OR(I6="",I5=""),"",I6/I5-1),"") | N6: =IFERROR(IF(OR(L6="",L5=""),"",L6/L5-1),"") | Q6: =IFERROR(IF(OR(O6="",O5=""),"",O6/O5-1),"") | R6: 43472
A7: 43435 | B7: FY2019 | C7: 6.88 | D7: -0.047 | E7: =IFERROR(IF(OR(C7="",C6=""),"",C7/C6-1),"") | F7: 7.66 | G7: 0.03 | H7: =IFERROR(IF(OR(F7="",F6=""),"",F7/F6-1),"") | K7: =IFERROR(IF(OR(I7="",I6=""),"",I7/I6-1),"") | N7: =IFERROR(IF(OR(L7="",L6=""),"",L7/L6-1),"") | Q7: =IFERROR(IF(OR(O7="",O6=""),"",O7/O6-1),"") | R7: 43472
A8: 43466 | B8: FY2019 | C8: 6.54 | D8: 0.089 | E8: =IFERROR(IF(OR(C8="",C7=""),"",C8/C7-1),"") | F8: 7.17 | G8: 0.16 | H8: =IFERROR(IF(OR(F8="",F7=""),"",F8/F7-1),"") | K8: =IFERROR(IF(OR(I8="",I7=""),"",I8/I7-1),"") | N8: =IFERROR(IF(OR(L8="",L7=""),"",L8/L7-1),"") | Q8: =IFERROR(IF(OR(O8="",O7=""),"",O8/O7-1),"") | R8: 43572
A9: 43497 | B9: FY2019 | C9: 6.88 | D9: 0.084 | E9: =IFERROR(IF(OR(C9="",C8=""),"",C9/C8-1),"") | F9: 7.48 | G9: 0.145 | H9: =IFERROR(IF(OR(F9="",F8=""),"",F9/F8-1),"") | K9: =IFERROR(IF(OR(I9="",I8=""),"",I9/I8-1),"") | N9: =IFERROR(IF(OR(L9="",L8=""),"",L9/L8-1),"") | Q9: =IFERROR(IF(OR(O9="",O8=""),"",O9/O8-1),"") | R9: 43572
A10: 43525 | B10: FY2019 | C10: 9.37 | D10: 0.137 | E10: =IFERROR(IF(OR(C10="",C9=""),"",C10/C9-1),"") | F10: 9.922 | H10: =IFERROR(IF(OR(F10="",F9=""),"",F10/F9-1),"") | K10: =IFERROR(IF(OR(I10="",I9=""),"",I10/I9-1),"") | N10: =IFERROR(IF(OR(L10="",L9=""),"",L10/L9-1),"") | Q10: =IFERROR(IF(OR(O10="",O9=""),"",O10/O9-1),"") | R10: 43572
A11: 43556 | B11: FY2020 | C11: 3.46 | D11: 0.02 | E11: =IFERROR(IF(OR(C11="",C10=""),"",C11/C10-1),"") | F11: 4.13 | G11: 0.09 | H11: =IFERROR(IF(OR(F11="",F10=""),"",F11/F10-1),"") | K11: =IFERROR(IF(OR(I11="",I10=""),"",I11/I10-1),"") | N11: =IFERROR(IF(OR(L11="",L10=""),"",L11/L10-1),"") | Q11: =IFERROR(IF(OR(O11="",O10=""),"",O11/O10-1),"") | R11: 43651
A12: 43586 | B12: FY2020 | C12: 4.03 | D12: 0.008 | E12: =IFERROR(IF(OR(C12="",C11=""),"",C12/C11-1),"") | F12: 4.57 | G12: 0.051 | H12: =IFERROR(IF(OR(F12="",F11=""),"",F12/F11-1),"") | K12: =IFERROR(IF(OR(I12="",I11=""),"",I12/I11-1),"") | N12: =IFERROR(IF(OR(L12="",L11=""),"",L12/L11-1),"") | Q12: =IFERROR(IF(OR(O12="",O11=""),"",O12/O11-1),"") | R12: 43651
A13: 43617 | B13: FY2020 | C13: 5.47 | D13: 0.006 | E13: =IFERROR(IF(OR(C13="",C12=""),"",C13/C12-1),"") | F13: 5.99 | G13: 0.029 | H13: =IFERROR(IF(OR(F13="",F12=""),"",F13/F12-1),"") | K13: =IFERROR(IF(OR(I13="",I12=""),"",I13/I12-1),"") | N13: =IFERROR(IF(OR(L13="",L12=""),"",L13/L12-1),"") | Q13: =IFERROR(IF(OR(O13="",O12=""),"",O13/O12-1),"") | R13: 43651
A14: 43647 | B14: FY2020 | C14: 5.99 | D14: -0.013 | E14: =IFERROR(IF(OR(C14="",C13=""),"",C14/C13-1),"") | F14: 6.46 | G14: 0.009 | H14: =IFERROR(IF(OR(F14="",F13=""),"",F14/F13-1),"") | K14: =IFERROR(IF(OR(I14="",I13=""),"",I14/I13-1),"") | N14: =IFERROR(IF(OR(L14="",L13=""),"",L14/L13-1),"") | Q14: =IFERROR(IF(OR(O14="",O13=""),"",O14/O13-1),"") | R14: 43749
A15: 43678 | B15: FY2020 | C15: 5.73 | D15: -0.101 | E15: =IFERROR(IF(OR(C15="",C14=""),"",C15/C14-1),"") | F15: 6.28 | G15: -0.078 | H15: =IFERROR(IF(OR(F15="",F14=""),"",F15/F14-1),"") | K15: =IFERROR(IF(OR(I15="",I14=""),"",I15/I14-1),"") | N15: =IFERROR(IF(OR(L15="",L14=""),"",L15/L14-1),"") | Q15: =IFERROR(IF(OR(O15="",O14=""),"",O15/O14-1),"") | R15: 43749
A16: 43709 | B16: FY2020 | C16: 5.81 | D16: -0.066 | E16: =IFERROR(IF(OR(C16="",C15=""),"",C16/C15-1),"") | F16: 6.25 | G16: -0.057 | H16: =IFERROR(IF(OR(F16="",F15=""),"",F16/F15-1),"") | K16: =IFERROR(IF(OR(I16="",I15=""),"",I16/I15-1),"") | N16: =IFERROR(IF(OR(L16="",L15=""),"",L16/L15-1),"") | Q16: =IFERROR(IF(OR(O16="",O15=""),"",O16/O15-1),"") | R16: 43749
A17: 43739 | B17: FY2020 | C17: 5.53 | D17: =IFERROR(IF(OR(C17="",C5=""),"",C17/C5-1),"") | E17: =IFERROR(IF(OR(C17="",C16=""),"",C17/C16-1),"") | F17: 5.9 | G17: =IFERROR(IF(OR(F17="",F5=""),"",F17/F5-1),"") | H17: =IFERROR(IF(OR(F17="",F16=""),"",F17/F16-1),"") | J17: =IFERROR(IF(OR(I17="",I5=""),"",I17/I5-1),"") | K17: =IFERROR(IF(OR(I17="",I16=""),"",I17/I16-1),"") | M17: =IFERROR(IF(OR(L17="",L5=""),"",L17/L5-1),"") | N17: =IFERROR(IF(OR(L17="",L16=""),"",L17/L16-1),"") | P17: =IFERROR(IF(OR(O17="",O5=""),"",O17/O5-1),"") | Q17: =IFERROR(IF(OR(O17="",O16=""),"",O17/O16-1),"") | R17: 43840
A18: 43770 | B18: FY2020 | C18: 6.11 | D18: =IFERROR(IF(OR(C18="",C6=""),"",C18/C6-1),"") | E18: =IFERROR(IF(OR(C18="",C17=""),"",C18/C17-1),"") | F18: 6.54 | G18: =IFERROR(IF(OR(F18="",F6=""),"",F18/F6-1),"") | H18: =IFERROR(IF(OR(F18="",F17=""),"",F18/F17-1),"") | J18: =IFERROR(IF(OR(I18="",I6=""),"",I18/I6-1),"") | K18: =IFERROR(IF(OR(I18="",I17=""),"",I18/I17-1),"") | M18: =IFERROR(IF(OR(L18="",L6=""),"",L18/L6-1),"") | N18: =IFERROR(IF(OR(L18="",L17=""),"",L18/L17-1),"") | P18: =IFERROR(IF(OR(O18="",O6=""),"",O18/O6-1),"") | Q18: =IFERROR(IF(OR(O18="",O17=""),"",O18/O17-1),"") | R18: 43840
A19: 43800 | B19: FY2020 | C19: 7.42 | D19: =IFERROR(IF(OR(C19="",C7=""),"",C19/C7-1),"") | E19: =IFERROR(IF(OR(C19="",C18=""),"",C19/C18-1),"") | F19: 7.94 | G19: =IFERROR(IF(OR(F19="",F7=""),"",F19/F7-1),"") | H19: =IFERROR(IF(OR(F19="",F18=""),"",F19/F18-1),"") | J19: =IFERROR(IF(OR(I19="",I7=""),"",I19/I7-1),"") | K19: =IFERROR(IF(OR(I19="",I18=""),"",I19/I18-1),"") | M19: =IFERROR(IF(OR(L19="",L7=""),"",L19/L7-1),"") | N19: =IFERROR(IF(OR(L19="",L18=""),"",L19/L18-1),"") | P19: =IFERROR(IF(OR(O19="",O7=""),"",O19/O7-1),"") | Q19: =IFERROR(IF(OR(O19="",O18=""),"",O19/O18-1),"") | R19: 43840
A20: 43831 | B20: FY2020 | C20: 6.22 | D20: =IFERROR(IF(OR(C20="",C8=""),"",C20/C8-1),"") | E20: =IFERROR(IF(OR(C20="",C19=""),"",C20/C19-1),"") | F20: 6.91 | G20: =IFERROR(IF(OR(F20="",F8=""),"",F20/F8-1),"") | H20: =IFERROR(IF(OR(F20="",F19=""),"",F20/F19-1),"") | J20: =IFERROR(IF(OR(I20="",I8=""),"",I20/I8-1),"") | K20: =IFERROR(IF(OR(I20="",I19=""),"",I20/I19-1),"") | M20: =IFERROR(IF(OR(L20="",L8=""),"",L20/L8-1),"") | N20: =IFERROR(IF(OR(L20="",L19=""),"",L20/L19-1),"") | P20: =IFERROR(IF(OR(O20="",O8=""),"",O20/O8-1),"") | Q20: =IFERROR(IF(OR(O20="",O19=""),"",O20/O19-1),"") | R20: 43899
A21: 43862 | B21: FY2020 | C21: 5.87 | D21: =IFERROR(IF(OR(C21="",C9=""),"",C21/C9-1),"") | E21: =IFERROR(IF(OR(C21="",C20=""),"",C21/C20-1),"") | F21: 7.54 | G21: =IFERROR(IF(OR(F21="",F9=""),"",F21/F9-1),"") | H21: =IFERROR(IF(OR(F21="",F20=""),"",F21/F20-1),"") | J21: =IFERROR(IF(OR(I21="",I9=""),"",I21/I9-1),"") | K21: =IFERROR(IF(OR(I21="",I20=""),"",I21/I20-1),"") | M21: =IFERROR(IF(OR(L21="",L9=""),"",L21/L9-1),"") | N21: =IFERROR(IF(OR(L21="",L20=""),"",L21/L20-1),"") | P21: =IFERROR(IF(OR(O21="",O9=""),"",O21/O9-1),"") | Q21: =IFERROR(IF(OR(O21="",O20=""),"",O21/O20-1),"") | R21: 43899
A22: 43891 | B22: FY2020 | C22: ='FY Totals'!B5-'FY Totals'!D5 | D22: =IFERROR(IF(OR(C22="",C10=""),"",C22/C10-1),"") | E22: =IFERROR(IF(OR(C22="",C21=""),"",C22/C21-1),"") | F22: ='FY Totals'!E5-'FY Totals'!G5 | G22: =IFERROR(IF(OR(F22="",F10=""),"",F22/F10-1),"") | H22: =IFERROR(IF(OR(F22="",F21=""),"",F22/F21-1),"") | J22: =IFERROR(IF(OR(I22="",I10=""),"",I22/I10-1),"") | K22: =IFERROR(IF(OR(I22="",I21=""),"",I22/I21-1),"") | M22: =IFERROR(IF(OR(L22="",L10=""),"",L22/L10-1),"") | N22: =IFERROR(IF(OR(L22="",L21=""),"",L22/L21-1),"") | P22: =IFERROR(IF(OR(O22="",O10=""),"",O22/O10-1),"") | Q22: =IFERROR(IF(OR(O22="",O21=""),"",O22/O21-1),"")
A23: 43922 | B23: FY2021 | C23: 1.55 | D23: =IFERROR(IF(OR(C23="",C11=""),"",C23/C11-1),"") | E23: =IFERROR(IF(OR(C23="",C22=""),"",C23/C22-1),"") | F23: 1.9 | G23: =IFERROR(IF(OR(F23="",F11=""),"",F23/F11-1),"") | H23: =IFERROR(IF(OR(F23="",F22=""),"",F23/F22-1),"") | J23: =IFERROR(IF(OR(I23="",I11=""),"",I23/I11-1),"") | K23: =IFERROR(IF(OR(I23="",I22=""),"",I23/I22-1),"") | L23: 2.56 | M23: =IFERROR(IF(OR(L23="",L11=""),"",L23/L11-1),"") | N23: =IFERROR(IF(OR(L23="",L22=""),"",L23/L22-1),"") | P23: =IFERROR(IF(OR(O23="",O11=""),"",O23/O11-1),"") | Q23: =IFERROR(IF(OR(O23="",O22=""),"",O23/O22-1),"") | R23: 44021
A24: 43952 | B24: FY2021 | C24: 1.92 | D24: =IFERROR(IF(OR(C24="",C12=""),"",C24/C12-1),"") | E24: =IFERROR(IF(OR(C24="",C23=""),"",C24/C23-1),"") | F24: 2.79 | G24: =IFERROR(IF(OR(F24="",F12=""),"",F24/F12-1),"") | H24: =IFERROR(IF(OR(F24="",F23=""),"",F24/F23-1),"") | J24: =IFERROR(IF(OR(I24="",I12=""),"",I24/I12-1),"") | K24: =IFERROR(IF(OR(I24="",I23=""),"",I24/I23-1),"") | L24: 6.79 | M24: =IFERROR(IF(OR(L24="",L12=""),"",L24/L12-1),"") | N24: =IFERROR(IF(OR(L24="",L23=""),"",L24/L23-1),"") | P24: =IFERROR(IF(OR(O24="",O12=""),"",O24/O12-1),"") | Q24: =IFERROR(IF(OR(O24="",O23=""),"",O24/O23-1),"") | R24: 44021
A25: 43983 | B25: FY2021 | C25: 3.09 | D25: =IFERROR(IF(OR(C25="",C13=""),"",C25/C13-1),"") | E25: =IFERROR(IF(OR(C25="",C24=""),"",C25/C24-1),"") | F25: 3.54 | G25: =IFERROR(IF(OR(F25="",F13=""),"",F25/F13-1),"") | H25: =IFERROR(IF(OR(F25="",F24=""),"",F25/F24-1),"") | J25: =IFERROR(IF(OR(I25="",I13=""),"",I25/I13-1),"") | K25: =IFERROR(IF(OR(I25="",I24=""),"",I25/I24-1),"") | L25: 5.65 | M25: =IFERROR(IF(OR(L25="",L13=""),"",L25/L13-1),"") | N25: =IFERROR(IF(OR(L25="",L24=""),"",L25/L24-1),"") | P25: =IFERROR(IF(OR(O25="",O13=""),"",O25/O13-1),"") | Q25: =IFERROR(IF(OR(O25="",O24=""),"",O25/O24-1),"") | R25: 44021
A26: 44013 | B26: FY2021 | C26: 3.81 | D26: =IFERROR(IF(OR(C26="",C14=""),"",C26/C14-1),"") | E26: =IFERROR(IF(OR(C26="",C25=""),"",C26/C25-1),"") | F26: 4.41 | G26: =IFERROR(IF(OR(F26="",F14=""),"",F26/F14-1),"") | H26: =IFERROR(IF(OR(F26="",F25=""),"",F26/F25-1),"") | J26: =IFERROR(IF(OR(I26="",I14=""),"",I26/I14-1),"") | K26: =IFERROR(IF(OR(I26="",I25=""),"",I26/I25-1),"") | L26: 8.49 | M26: =IFERROR(IF(OR(L26="",L14=""),"",L26/L14-1),"") | N26: =IFERROR(IF(OR(L26="",L25=""),"",L26/L25-1),"") | P26: =IFERROR(IF(OR(O26="",O14=""),"",O26/O14-1),"") | Q26: =IFERROR(IF(OR(O26="",O25=""),"",O26/O25-1),"") | R26: 44111
A27: 44044 | B27: FY2021 | C27: 4.06 | D27: =IFERROR(IF(OR(C27="",C15=""),"",C27/C15-1),"") | E27: =IFERROR(IF(OR(C27="",C26=""),"",C27/C26-1),"") | F27: 4.94 | G27: =IFERROR(IF(OR(F27="",F15=""),"",F27/F15-1),"") | H27: =IFERROR(IF(OR(F27="",F26=""),"",F27/F26-1),"") | J27: =IFERROR(IF(OR(I27="",I15=""),"",I27/I15-1),"") | K27: =IFERROR(IF(OR(I27="",I26=""),"",I27/I26-1),"") | L27: 8.92 | M27: =IFERROR(IF(OR(L27="",L15=""),"",L27/L15-1),"") | N27: =IFERROR(IF(OR(L27="",L26=""),"",L27/L26-1),"") | P27: =IFERROR(IF(OR(O27="",O15=""),"",O27/O15-1),"") | Q27: =IFERROR(IF(OR(O27="",O26=""),"",O27/O26-1),"") | R27: 44111
A28: 44075 | B28: FY2021 | C28: 4.42 | D28: =IFERROR(IF(OR(C28="",C16=""),"",C28/C16-1),"") | E28: =IFERROR(IF(OR(C28="",C27=""),"",C28/C27-1),"") | F28: 5.3 | G28: =IFERROR(IF(OR(F28="",F16=""),"",F28/F16-1),"") | H28: =IFERROR(IF(OR(F28="",F27=""),"",F28/F27-1),"") | J28: =IFERROR(IF(OR(I28="",I16=""),"",I28/I16-1),"") | K28: =IFERROR(IF(OR(I28="",I27=""),"",I28/I27-1),"") | L28: 12.16 | M28: =IFERROR(IF(OR(L28="",L16=""),"",L28/L16-1),"") | N28: =IFERROR(IF(OR(L28="",L27=""),"",L28/L27-1),"") | P28: =IFERROR(IF(OR(O28="",O16=""),"",O28/O16-1),"") | Q28: =IFERROR(IF(OR(O28="",O27=""),"",O28/O27-1),"") | R28: 44111
A29: 44105 | B29: FY2021 | C29: 4.33 | D29: =IFERROR(IF(OR(C29="",C17=""),"",C29/C17-1),"") | E29: =IFERROR(IF(OR(C29="",C28=""),"",C29/C28-1),"") | F29: 5.04 | G29: =IFERROR(IF(OR(F29="",F17=""),"",F29/F17-1),"") | H29: =IFERROR(IF(OR(F29="",F28=""),"",F29/F28-1),"") | J29: =IFERROR(IF(OR(I29="",I17=""),"",I29/I17-1),"") | K29: =IFERROR(IF(OR(I29="",I28=""),"",I29/I28-1),"") | L29: 9.9 | M29: =IFERROR(IF(OR(L29="",L17=""),"",L29/L17-1),"") | N29: =IFERROR(IF(OR(L29="",L28=""),"",L29/L28-1),"") | O29: 492.61 | P29: =IFERROR(IF(OR(O29="",O17=""),"",O29/O17-1),"") | Q29: =IFERROR(IF(OR(O29="",O28=""),"",O29/O28-1),"") | R29: 44204
A30: 44136 | B30: FY2021 | C30: 4.23 | D30: =IFERROR(IF(OR(C30="",C18=""),"",C30/C18-1),"") | E30: =IFERROR(IF(OR(C30="",C29=""),"",C30/C29-1),"") | F30: 4.88 | G30: =IFERROR(IF(OR(F30="",F18=""),"",F30/F18-1),"") | H30: =IFERROR(IF(OR(F30="",F29=""),"",F30/F29-1),"") | J30: =IFERROR(IF(OR(I30="",I18=""),"",I30/I18-1),"") | K30: =IFERROR(IF(OR(I30="",I29=""),"",I30/I29-1),"") | L30: 9.83 | M30: =IFERROR(IF(OR(L30="",L18=""),"",L30/L18-1),"") | N30: =IFERROR(IF(OR(L30="",L29=""),"",L30/L29-1),"") | O30: 465.09 | P30: =IFERROR(IF(OR(O30="",O18=""),"",O30/O18-1),"") | Q30: =IFERROR(IF(OR(O30="",O29=""),"",O30/O29-1),"") | R30: 44204
A31: 44166 | B31: FY2021 | C31: 5.65 | D31: =IFERROR(IF(OR(C31="",C19=""),"",C31/C19-1),"") | E31: =IFERROR(IF(OR(C31="",C30=""),"",C31/C30-1),"") | F31: 6.74 | G31: =IFERROR(IF(OR(F31="",F19=""),"",F31/F19-1),"") | H31: =IFERROR(IF(OR(F31="",F30=""),"",F31/F30-1),"") | J31: =IFERROR(IF(OR(I31="",I19=""),"",I31/I19-1),"") | K31: =IFERROR(IF(OR(I31="",I30=""),"",I31/I30-1),"") | L31: 14.69 | M31: =IFERROR(IF(OR(L31="",L19=""),"",L31/L19-1),"") | N31: =IFERROR(IF(OR(L31="",L30=""),"",L31/L30-1),"") | O31: 653.9 | P31: =IFERROR(IF(OR(O31="",O19=""),"",O31/O19-1),"") | Q31: =IFERROR(IF(OR(O31="",O30=""),"",O31/O30-1),"") | R31: 44204
A32: 44197 | B32: FY2021 | C32: 5.77 | D32: =IFERROR(IF(OR(C32="",C20=""),"",C32/C20-1),"") | E32: =IFERROR(IF(OR(C32="",C31=""),"",C32/C31-1),"") | F32: 6.7 | G32: =IFERROR(IF(OR(F32="",F20=""),"",F32/F20-1),"") | H32: =IFERROR(IF(OR(F32="",F31=""),"",F32/F31-1),"") | J32: =IFERROR(IF(OR(I32="",I20=""),"",I32/I20-1),"") | K32: =IFERROR(IF(OR(I32="",I31=""),"",I32/I31-1),"") | L32: 12.39 | M32: =IFERROR(IF(OR(L32="",L20=""),"",L32/L20-1),"") | N32: =IFERROR(IF(OR(L32="",L31=""),"",L32/L31-1),"") | O32: 612.65 | P32: =IFERROR(IF(OR(O32="",O20=""),"",O32/O20-1),"") | Q32: =IFERROR(IF(OR(O32="",O31=""),"",O32/O31-1),"") | R32: 44263
A33: 44228 | B33: FY2021 | C33: 6.25 | D33: =IFERROR(IF(OR(C33="",C21=""),"",C33/C21-1),"") | E33: =IFERROR(IF(OR(C33="",C32=""),"",C33/C32-1),"") | F33: 7.37 | G33: =IFERROR(IF(OR(F33="",F21=""),"",F33/F21-1),"") | H33: =IFERROR(IF(OR(F33="",F32=""),"",F33/F32-1),"") | J33: =IFERROR(IF(OR(I33="",I21=""),"",I33/I21-1),"") | K33: =IFERROR(IF(OR(I33="",I32=""),"",I33/I32-1),"") | L33: 17.37 | M33: =IFERROR(IF(OR(L33="",L21=""),"",L33/L21-1),"") | N33: =IFERROR(IF(OR(L33="",L32=""),"",L33/L32-1),"") | O33: 627.05 | P33: =IFERROR(IF(OR(O33="",O21=""),"",O33/O21-1),"") | Q33: =IFERROR(IF(OR(O33="",O32=""),"",O33/O32-1),"") | R33: 44263
A34: 44256 | B34: FY2021 | C34: ='FY Totals'!B6-'FY Totals'!D6 | D34: =IFERROR(IF(OR(C34="",C22=""),"",C34/C22-1),"") | E34: =IFERROR(IF(OR(C34="",C33=""),"",C34/C33-1),"") | F34: ='FY Totals'!E6-'FY Totals'!G6 | G34: =IFERROR(IF(OR(F34="",F22=""),"",F34/F22-1),"") | H34: =IFERROR(IF(OR(F34="",F33=""),"",F34/F33-1),"") | J34: =IFERROR(IF(OR(I34="",I22=""),"",I34/I22-1),"") | K34: =IFERROR(IF(OR(I34="",I33=""),"",I34/I33-1),"") | L34: ='FY Totals'!K6-'FY Totals'!M6 | M34: =IFERROR(IF(OR(L34="",L22=""),"",L34/L22-1),"") | N34: =IFERROR(IF(OR(L34="",L33=""),"",L34/L33-1),"") | O34: ='FY Totals'!N6-'FY Totals'!P6 | P34: =IFERROR(IF(OR(O34="",O22=""),"",O34/O22-1),"") | Q34: =IFERROR(IF(OR(O34="",O33=""),"",O34/O33-1),"")
A35: 44287 | B35: FY2022 | C35: 2.56 | D35: =IFERROR(IF(OR(C35="",C23=""),"",C35/C23-1),"") | E35: =IFERROR(IF(OR(C35="",C34=""),"",C35/C34-1),"") | F35: 3.57 | G35: =IFERROR(IF(OR(F35="",F23=""),"",F35/F23-1),"") | H35: =IFERROR(IF(OR(F35="",F34=""),"",F35/F34-1),"") | J35: =IFERROR(IF(OR(I35="",I23=""),"",I35/I23-1),"") | K35: =IFERROR(IF(OR(I35="",I34=""),"",I35/I34-1),"") | L35: 6.43 | M35: =IFERROR(IF(OR(L35="",L23=""),"",L35/L23-1),"") | N35: =IFERROR(IF(OR(L35="",L34=""),"",L35/L34-1),"") | O35: 707.59 | P35: =IFERROR(IF(OR(O35="",O23=""),"",O35/O23-1),"") | Q35: =IFERROR(IF(OR(O35="",O34=""),"",O35/O34-1),"") | R35: 44385
A36: 44317 | B36: FY2022 | C36: 2.45 | D36: =IFERROR(IF(OR(C36="",C24=""),"",C36/C24-1),"") | E36: =IFERROR(IF(OR(C36="",C35=""),"",C36/C35-1),"") | F36: 3.04 | G36: =IFERROR(IF(OR(F36="",F24=""),"",F36/F24-1),"") | H36: =IFERROR(IF(OR(F36="",F35=""),"",F36/F35-1),"") | J36: =IFERROR(IF(OR(I36="",I24=""),"",I36/I24-1),"") | K36: =IFERROR(IF(OR(I36="",I35=""),"",I36/I35-1),"") | L36: 6.52 | M36: =IFERROR(IF(OR(L36="",L24=""),"",L36/L24-1),"") | N36: =IFERROR(IF(OR(L36="",L35=""),"",L36/L35-1),"") | O36: 587.48 | P36: =IFERROR(IF(OR(O36="",O24=""),"",O36/O24-1),"") | Q36: =IFERROR(IF(OR(O36="",O35=""),"",O36/O35-1),"") | R36: 44385
A37: 44348 | B37: FY2022 | C37: 4.42 | D37: =IFERROR(IF(OR(C37="",C25=""),"",C37/C25-1),"") | E37: =IFERROR(IF(OR(C37="",C36=""),"",C37/C36-1),"") | F37: 5.58 | G37: =IFERROR(IF(OR(F37="",F25=""),"",F37/F25-1),"") | H37: =IFERROR(IF(OR(F37="",F36=""),"",F37/F36-1),"") | J37: =IFERROR(IF(OR(I37="",I25=""),"",I37/I25-1),"") | K37: =IFERROR(IF(OR(I37="",I36=""),"",I37/I36-1),"") | L37: 12.63 | M37: =IFERROR(IF(OR(L37="",L25=""),"",L37/L25-1),"") | N37: =IFERROR(IF(OR(L37="",L36=""),"",L37/L36-1),"") | O37: 473.55 | P37: =IFERROR(IF(OR(O37="",O25=""),"",O37/O25-1),"") | Q37: =IFERROR(IF(OR(O37="",O36=""),"",O37/O36-1),"") | R37: 44385
A38: 44378 | B38: FY2022 | C38: 4.77 | D38: =IFERROR(IF(OR(C38="",C26=""),"",C38/C26-1),"") | E38: =IFERROR(IF(OR(C38="",C37=""),"",C38/C37-1),"") | F38: 5.69 | G38: =IFERROR(IF(OR(F38="",F26=""),"",F38/F26-1),"") | H38: =IFERROR(IF(OR(F38="",F37=""),"",F38/F37-1),"") | J38: =IFERROR(IF(OR(I38="",I26=""),"",I38/I26-1),"") | K38: =IFERROR(IF(OR(I38="",I37=""),"",I38/I37-1),"") | L38: 11.57 | M38: =IFERROR(IF(OR(L38="",L26=""),"",L38/L26-1),"") | N38: =IFERROR(IF(OR(L38="",L37=""),"",L38/L37-1),"") | O38: 500.33 | P38: =IFERROR(IF(OR(O38="",O26=""),"",O38/O26-1),"") | Q38: =IFERROR(IF(OR(O38="",O37=""),"",O38/O37-1),"") | R38: 44476
A39: 44409 | B39: FY2022 | C39: 5.45 | D39: =IFERROR(IF(OR(C39="",C27=""),"",C39/C27-1),"") | E39: =IFERROR(IF(OR(C39="",C38=""),"",C39/C38-1),"") | F39: 6.4 | G39: =IFERROR(IF(OR(F39="",F27=""),"",F39/F27-1),"") | H39: =IFERROR(IF(OR(F39="",F38=""),"",F39/F38-1),"") | J39: =IFERROR(IF(OR(I39="",I27=""),"",I39/I27-1),"") | K39: =IFERROR(IF(OR(I39="",I38=""),"",I39/I38-1),"") | L39: 12.76 | M39: =IFERROR(IF(OR(L39="",L27=""),"",L39/L27-1),"") | N39: =IFERROR(IF(OR(L39="",L38=""),"",L39/L38-1),"") | O39: 509.69 | P39: =IFERROR(IF(OR(O39="",O27=""),"",O39/O27-1),"") | Q39: =IFERROR(IF(OR(O39="",O38=""),"",O39/O38-1),"") | R39: 44476
A40: 44440 | B40: FY2022 | C40: 6.23 | D40: =IFERROR(IF(OR(C40="",C28=""),"",C40/C28-1),"") | E40: =IFERROR(IF(OR(C40="",C39=""),"",C40/C39-1),"") | F40: 7.68 | G40: =IFERROR(IF(OR(F40="",F28=""),"",F40/F28-1),"") | H40: =IFERROR(IF(OR(F40="",F39=""),"",F40/F39-1),"") | J40: =IFERROR(IF(OR(I40="",I28=""),"",I40/I28-1),"") | K40: =IFERROR(IF(OR(I40="",I39=""),"",I40/I39-1),"") | L40: 14.69 | M40: =IFERROR(IF(OR(L40="",L28=""),"",L40/L28-1),"") | N40: =IFERROR(IF(OR(L40="",L39=""),"",L40/L39-1),"") | O40: 595.53 | P40: =IFERROR(IF(OR(O40="",O28=""),"",O40/O28-1),"") | Q40: =IFERROR(IF(OR(O40="",O39=""),"",O40/O39-1),"") | R40: 44476
A41: 44470 | B41: FY2022 | C41: 5.34 | D41: =IFERROR(IF(OR(C41="",C29=""),"",C41/C29-1),"") | E41: =IFERROR(IF(OR(C41="",C40=""),"",C41/C40-1),"") | F41: 6.2 | G41: =IFERROR(IF(OR(F41="",F29=""),"",F41/F29-1),"") | H41: =IFERROR(IF(OR(F41="",F40=""),"",F41/F40-1),"") | J41: =IFERROR(IF(OR(I41="",I29=""),"",I41/I29-1),"") | K41: =IFERROR(IF(OR(I41="",I40=""),"",I41/I40-1),"") | L41: 11.54 | M41: =IFERROR(IF(OR(L41="",L29=""),"",L41/L29-1),"") | N41: =IFERROR(IF(OR(L41="",L40=""),"",L41/L40-1),"") | O41: 566.02 | P41: =IFERROR(IF(OR(O41="",O29=""),"",O41/O29-1),"") | Q41: =IFERROR(IF(OR(O41="",O40=""),"",O41/O40-1),"") | R41: 44568
A42: 44501 | B42: FY2022 | C42: 4.77 | D42: =IFERROR(IF(OR(C42="",C30=""),"",C42/C30-1),"") | E42: =IFERROR(IF(OR(C42="",C41=""),"",C42/C41-1),"") | F42: 5.68 | G42: =IFERROR(IF(OR(F42="",F30=""),"",F42/F30-1),"") | H42: =IFERROR(IF(OR(F42="",F41=""),"",F42/F41-1),"") | J42: =IFERROR(IF(OR(I42="",I30=""),"",I42/I30-1),"") | K42: =IFERROR(IF(OR(I42="",I41=""),"",I42/I41-1),"") | L42: 12.52 | M42: =IFERROR(IF(OR(L42="",L30=""),"",L42/L30-1),"") | N42: =IFERROR(IF(OR(L42="",L41=""),"",L42/L41-1),"") | O42: 472.09 | P42: =IFERROR(IF(OR(O42="",O30=""),"",O42/O30-1),"") | Q42: =IFERROR(IF(OR(O42="",O41=""),"",O42/O41-1),"") | R42: 44568
A43: 44531 | B43: FY2022 | C43: 6.26 | D43: =IFERROR(IF(OR(C43="",C31=""),"",C43/C31-1),"") | E43: =IFERROR(IF(OR(C43="",C42=""),"",C43/C42-1),"") | F43: 7.41 | G43: =IFERROR(IF(OR(F43="",F31=""),"",F43/F31-1),"") | H43: =IFERROR(IF(OR(F43="",F42=""),"",F43/F42-1),"") | J43: =IFERROR(IF(OR(I43="",I31=""),"",I43/I31-1),"") | K43: =IFERROR(IF(OR(I43="",I42=""),"",I43/I42-1),"") | L43: 13.81 | M43: =IFERROR(IF(OR(L43="",L31=""),"",L43/L31-1),"") | N43: =IFERROR(IF(OR(L43="",L42=""),"",L43/L42-1),"") | O43: 719.36 | P43: =IFERROR(IF(OR(O43="",O31=""),"",O43/O31-1),"") | Q43: =IFERROR(IF(OR(O43="",O42=""),"",O43/O42-1),"") | R43: 44568
A44: 44562 | B44: FY2022 | C44: 5.34 | D44: =IFERROR(IF(OR(C44="",C32=""),"",C44/C32-1),"") | E44: =IFERROR(IF(OR(C44="",C43=""),"",C44/C43-1),"") | F44: 7.24 | G44: =IFERROR(IF(OR(F44="",F32=""),"",F44/F32-1),"") | H44: =IFERROR(IF(OR(F44="",F43=""),"",F44/F43-1),"") | J44: =IFERROR(IF(OR(I44="",I32=""),"",I44/I32-1),"") | K44: =IFERROR(IF(OR(I44="",I43=""),"",I44/I43-1),"") | L44: 12.57 | M44: =IFERROR(IF(OR(L44="",L32=""),"",L44/L32-1),"") | N44: =IFERROR(IF(OR(L44="",L43=""),"",L44/L43-1),"") | O44: 1074.7 | P44: =IFERROR(IF(OR(O44="",O32=""),"",O44/O32-1),"") | Q44: =IFERROR(IF(OR(O44="",O43=""),"",O44/O43-1),"") | R44: 44627
A45: 44593 | B45: FY2022 | C45: 5.82 | D45: =IFERROR(IF(OR(C45="",C33=""),"",C45/C33-1),"") | E45: =IFERROR(IF(OR(C45="",C44=""),"",C45/C44-1),"") | F45: 7.04 | G45: =IFERROR(IF(OR(F45="",F33=""),"",F45/F33-1),"") | H45: =IFERROR(IF(OR(F45="",F44=""),"",F45/F44-1),"") | J45: =IFERROR(IF(OR(I45="",I33=""),"",I45/I33-1),"") | K45: =IFERROR(IF(OR(I45="",I44=""),"",I45/I44-1),"") | L45: 13.4 | M45: =IFERROR(IF(OR(L45="",L33=""),"",L45/L33-1),"") | N45: =IFERROR(IF(OR(L45="",L44=""),"",L45/L44-1),"") | O45: 584.18 | P45: =IFERROR(IF(OR(O45="",O33=""),"",O45/O33-1),"") | Q45: =IFERROR(IF(OR(O45="",O44=""),"",O45/O44-1),"") | R45: 44627
A46: 44621 | B46: FY2022 | C46: ='FY Totals'!B7-'FY Totals'!D7 | D46: =IFERROR(IF(OR(C46="",C34=""),"",C46/C34-1),"") | E46: =IFERROR(IF(OR(C46="",C45=""),"",C46/C45-1),"") | F46: ='FY Totals'!E7-'FY Totals'!G7 | G46: =IFERROR(IF(OR(F46="",F34=""),"",F46/F34-1),"") | H46: =IFERROR(IF(OR(F46="",F45=""),"",F46/F45-1),"") | J46: =IFERROR(IF(OR(I46="",I34=""),"",I46/I34-1),"") | K46: =IFERROR(IF(OR(I46="",I45=""),"",I46/I45-1),"") | L46: ='FY Totals'!K7-'FY Totals'!M7 | M46: =IFERROR(IF(OR(L46="",L34=""),"",L46/L34-1),"") | N46: =IFERROR(IF(OR(L46="",L45=""),"",L46/L45-1),"") | O46: ='FY Totals'!N7-'FY Totals'!P7 | P46: =IFERROR(IF(OR(O46="",O34=""),"",O46/O34-1),"") | Q46: =IFERROR(IF(OR(O46="",O45=""),"",O46/O45-1),"")
A47: 44652 | B47: FY2023 | C47: 3.39 | D47: =IFERROR(IF(OR(C47="",C35=""),"",C47/C35-1),"") | E47: =IFERROR(IF(OR(C47="",C46=""),"",C47/C46-1),"") | F47: 4.86 | G47: =IFERROR(IF(OR(F47="",F35=""),"",F47/F35-1),"") | H47: =IFERROR(IF(OR(F47="",F46=""),"",F47/F46-1),"") | J47: =IFERROR(IF(OR(I47="",I35=""),"",I47/I35-1),"") | K47: =IFERROR(IF(OR(I47="",I46=""),"",I47/I46-1),"") | L47: 8.85 | M47: =IFERROR(IF(OR(L47="",L35=""),"",L47/L35-1),"") | N47: =IFERROR(IF(OR(L47="",L46=""),"",L47/L46-1),"") | O47: 849.54 | P47: =IFERROR(IF(OR(O47="",O35=""),"",O47/O35-1),"") | Q47: =IFERROR(IF(OR(O47="",O46=""),"",O47/O46-1),"") | R47: 44749
A48: 44682 | B48: FY2023 | C48: 3.33 | D48: =IFERROR(IF(OR(C48="",C36=""),"",C48/C36-1),"") | E48: =IFERROR(IF(OR(C48="",C47=""),"",C48/C47-1),"") | F48: 4.71 | G48: =IFERROR(IF(OR(F48="",F36=""),"",F48/F36-1),"") | H48: =IFERROR(IF(OR(F48="",F47=""),"",F48/F47-1),"") | J48: =IFERROR(IF(OR(I48="",I36=""),"",I48/I36-1),"") | K48: =IFERROR(IF(OR(I48="",I47=""),"",I48/I47-1),"") | L48: 12.19 | M48: =IFERROR(IF(OR(L48="",L36=""),"",L48/L36-1),"") | N48: =IFERROR(IF(OR(L48="",L47=""),"",L48/L47-1),"") | O48: 669.2 | P48: =IFERROR(IF(OR(O48="",O36=""),"",O48/O36-1),"") | Q48: =IFERROR(IF(OR(O48="",O47=""),"",O48/O47-1),"") | R48: 44749
A49: 44713 | B49: FY2023 | C49: 4.29 | D49: =IFERROR(IF(OR(C49="",C37=""),"",C49/C37-1),"") | E49: =IFERROR(IF(OR(C49="",C48=""),"",C49/C48-1),"") | F49: 5.63 | G49: =IFERROR(IF(OR(F49="",F37=""),"",F49/F37-1),"") | H49: =IFERROR(IF(OR(F49="",F48=""),"",F49/F48-1),"") | J49: =IFERROR(IF(OR(I49="",I37=""),"",I49/I37-1),"") | K49: =IFERROR(IF(OR(I49="",I48=""),"",I49/I48-1),"") | L49: 10.8 | M49: =IFERROR(IF(OR(L49="",L37=""),"",L49/L37-1),"") | N49: =IFERROR(IF(OR(L49="",L48=""),"",L49/L48-1),"") | O49: 690.61 | P49: =IFERROR(IF(OR(O49="",O37=""),"",O49/O37-1),"") | Q49: =IFERROR(IF(OR(O49="",O48=""),"",O49/O48-1),"") | R49: 44749
A50: 44743 | B50: FY2023 | C50: 4.5 | D50: =IFERROR(IF(OR(C50="",C38=""),"",C50/C38-1),"") | E50: =IFERROR(IF(OR(C50="",C49=""),"",C50/C49-1),"") | F50: 6.29 | G50: =IFERROR(IF(OR(F50="",F38=""),"",F50/F38-1),"") | H50: =IFERROR(IF(OR(F50="",F49=""),"",F50/F49-1),"") | J50: =IFERROR(IF(OR(I50="",I38=""),"",I50/I38-1),"") | K50: =IFERROR(IF(OR(I50="",I49=""),"",I50/I49-1),"") | L50: 13.44 | M50: =IFERROR(IF(OR(L50="",L38=""),"",L50/L38-1),"") | N50: =IFERROR(IF(OR(L50="",L49=""),"",L50/L49-1),"") | O50: 957.28 | P50: =IFERROR(IF(OR(O50="",O38=""),"",O50/O38-1),"") | Q50: =IFERROR(IF(OR(O50="",O49=""),"",O50/O49-1),"") | R50: 44841
A51: 44774 | B51: FY2023 | C51: 4.69 | D51: =IFERROR(IF(OR(C51="",C39=""),"",C51/C39-1),"") | E51: =IFERROR(IF(OR(C51="",C50=""),"",C51/C50-1),"") | F51: 6.25 | G51: =IFERROR(IF(OR(F51="",F39=""),"",F51/F39-1),"") | H51: =IFERROR(IF(OR(F51="",F50=""),"",F51/F50-1),"") | J51: =IFERROR(IF(OR(I51="",I39=""),"",I51/I39-1),"") | K51: =IFERROR(IF(OR(I51="",I50=""),"",I51/I50-1),"") | L51: 14.21 | M51: =IFERROR(IF(OR(L51="",L39=""),"",L51/L39-1),"") | N51: =IFERROR(IF(OR(L51="",L50=""),"",L51/L50-1),"") | O51: 753.51 | P51: =IFERROR(IF(OR(O51="",O39=""),"",O51/O39-1),"") | Q51: =IFERROR(IF(OR(O51="",O50=""),"",O51/O50-1),"") | R51: 44841
A52: 44805 | B52: FY2023 | C52: 5.93 | D52: =IFERROR(IF(OR(C52="",C40=""),"",C52/C40-1),"") | E52: =IFERROR(IF(OR(C52="",C51=""),"",C52/C51-1),"") | F52: 7.46 | G52: =IFERROR(IF(OR(F52="",F40=""),"",F52/F40-1),"") | H52: =IFERROR(IF(OR(F52="",F51=""),"",F52/F51-1),"") | J52: =IFERROR(IF(OR(I52="",I40=""),"",I52/I40-1),"") | K52: =IFERROR(IF(OR(I52="",I51=""),"",I52/I51-1),"") | L52: 14.1 | M52: =IFERROR(IF(OR(L52="",L40=""),"",L52/L40-1),"") | N52: =IFERROR(IF(OR(L52="",L51=""),"",L52/L51-1),"") | O52: 879.91 | P52: =IFERROR(IF(OR(O52="",O40=""),"",O52/O40-1),"") | Q52: =IFERROR(IF(OR(O52="",O51=""),"",O52/O51-1),"") | R52: 44841
A53: 44835 | B53: FY2023 | C53: 3.97 | D53: =IFERROR(IF(OR(C53="",C41=""),"",C53/C41-1),"") | E53: =IFERROR(IF(OR(C53="",C52=""),"",C53/C52-1),"") | F53: 5.21 | G53: =IFERROR(IF(OR(F53="",F41=""),"",F53/F41-1),"") | H53: =IFERROR(IF(OR(F53="",F52=""),"",F53/F52-1),"") | J53: =IFERROR(IF(OR(I53="",I41=""),"",I53/I41-1),"") | K53: =IFERROR(IF(OR(I53="",I52=""),"",I53/I52-1),"") | L53: 12.08 | M53: =IFERROR(IF(OR(L53="",L41=""),"",L53/L41-1),"") | N53: =IFERROR(IF(OR(L53="",L52=""),"",L53/L52-1),"") | O53: 768.71 | P53: =IFERROR(IF(OR(O53="",O41=""),"",O53/O41-1),"") | Q53: =IFERROR(IF(OR(O53="",O52=""),"",O53/O52-1),"") | R53: 44935
A54: 44866 | B54: FY2023 | C54: 4.61 | D54: =IFERROR(IF(OR(C54="",C42=""),"",C54/C42-1),"") | E54: =IFERROR(IF(OR(C54="",C53=""),"",C54/C53-1),"") | F54: 5.78 | G54: =IFERROR(IF(OR(F54="",F42=""),"",F54/F42-1),"") | H54: =IFERROR(IF(OR(F54="",F53=""),"",F54/F53-1),"") | J54: =IFERROR(IF(OR(I54="",I42=""),"",I54/I42-1),"") | K54: =IFERROR(IF(OR(I54="",I53=""),"",I54/I53-1),"") | L54: 12.65 | M54: =IFERROR(IF(OR(L54="",L42=""),"",L54/L42-1),"") | N54: =IFERROR(IF(OR(L54="",L53=""),"",L54/L53-1),"") | O54: 598.41 | P54: =IFERROR(IF(OR(O54="",O42=""),"",O54/O42-1),"") | Q54: =IFERROR(IF(OR(O54="",O53=""),"",O54/O53-1),"") | R54: 44935
A55: 44896 | B55: FY2023 | C55: 5.77 | D55: =IFERROR(IF(OR(C55="",C43=""),"",C55/C43-1),"") | E55: =IFERROR(IF(OR(C55="",C54=""),"",C55/C54-1),"") | F55: 7.22 | G55: =IFERROR(IF(OR(F55="",F43=""),"",F55/F43-1),"") | H55: =IFERROR(IF(OR(F55="",F54=""),"",F55/F54-1),"") | J55: =IFERROR(IF(OR(I55="",I43=""),"",I55/I43-1),"") | K55: =IFERROR(IF(OR(I55="",I54=""),"",I55/I54-1),"") | L55: 14.55 | M55: =IFERROR(IF(OR(L55="",L43=""),"",L55/L43-1),"") | N55: =IFERROR(IF(OR(L55="",L54=""),"",L55/L54-1),"") | O55: 754.75 | P55: =IFERROR(IF(OR(O55="",O43=""),"",O55/O43-1),"") | Q55: =IFERROR(IF(OR(O55="",O54=""),"",O55/O54-1),"") | R55: 44935
A56: 44927 | B56: FY2023 | C56: 5.42 | D56: =IFERROR(IF(OR(C56="",C44=""),"",C56/C44-1),"") | E56: =IFERROR(IF(OR(C56="",C55=""),"",C56/C55-1),"") | F56: 7.49 | G56: =IFERROR(IF(OR(F56="",F44=""),"",F56/F44-1),"") | H56: =IFERROR(IF(OR(F56="",F55=""),"",F56/F55-1),"") | J56: =IFERROR(IF(OR(I56="",I44=""),"",I56/I44-1),"") | K56: =IFERROR(IF(OR(I56="",I55=""),"",I56/I55-1),"") | L56: 14.39 | M56: =IFERROR(IF(OR(L56="",L44=""),"",L56/L44-1),"") | N56: =IFERROR(IF(OR(L56="",L55=""),"",L56/L55-1),"") | O56: 1415 | P56: =IFERROR(IF(OR(O56="",O44=""),"",O56/O44-1),"") | Q56: =IFERROR(IF(OR(O56="",O55=""),"",O56/O55-1),"") | R56: 44993
A57: 44958 | B57: FY2023 | C57: 6.25 | D57: =IFERROR(IF(OR(C57="",C45=""),"",C57/C45-1),"") | E57: =IFERROR(IF(OR(C57="",C56=""),"",C57/C56-1),"") | F57: 7.46 | G57: =IFERROR(IF(OR(F57="",F45=""),"",F57/F45-1),"") | H57: =IFERROR(IF(OR(F57="",F56=""),"",F57/F56-1),"") | J57: =IFERROR(IF(OR(I57="",I45=""),"",I57/I45-1),"") | K57: =IFERROR(IF(OR(I57="",I56=""),"",I57/I56-1),"") | L57: 13.3 | M57: =IFERROR(IF(OR(L57="",L45=""),"",L57/L45-1),"") | N57: =IFERROR(IF(OR(L57="",L56=""),"",L57/L56-1),"") | O57: 976.46 | P57: =IFERROR(IF(OR(O57="",O45=""),"",O57/O45-1),"") | Q57: =IFERROR(IF(OR(O57="",O56=""),"",O57/O56-1),"") | R57: 44993
A58: 44986 | B58: FY2023 | C58: ='FY Totals'!B8-'FY Totals'!D8 | D58: =IFERROR(IF(OR(C58="",C46=""),"",C58/C46-1),"") | E58: =IFERROR(IF(OR(C58="",C57=""),"",C58/C57-1),"") | F58: ='FY Totals'!E8-'FY Totals'!G8 | G58: =IFERROR(IF(OR(F58="",F46=""),"",F58/F46-1),"") | H58: =IFERROR(IF(OR(F58="",F57=""),"",F58/F57-1),"") | J58: =IFERROR(IF(OR(I58="",I46=""),"",I58/I46-1),"") | K58: =IFERROR(IF(OR(I58="",I57=""),"",I58/I57-1),"") | L58: ='FY Totals'!K8-'FY Totals'!M8 | M58: =IFERROR(IF(OR(L58="",L46=""),"",L58/L46-1),"") | N58: =IFERROR(IF(OR(L58="",L57=""),"",L58/L57-1),"") | O58: ='FY Totals'!N8-'FY Totals'!P8 | P58: =IFERROR(IF(OR(O58="",O46=""),"",O58/O46-1),"") | Q58: =IFERROR(IF(OR(O58="",O57=""),"",O58/O57-1),"")
A59: 45017 | B59: FY2024 | C59: 2.33 | D59: =IFERROR(IF(OR(C59="",C47=""),"",C59/C47-1),"") | E59: =IFERROR(IF(OR(C59="",C58=""),"",C59/C58-1),"") | F59: 3.68 | G59: =IFERROR(IF(OR(F59="",F47=""),"",F59/F47-1),"") | H59: =IFERROR(IF(OR(F59="",F58=""),"",F59/F58-1),"") | J59: =IFERROR(IF(OR(I59="",I47=""),"",I59/I47-1),"") | K59: =IFERROR(IF(OR(I59="",I58=""),"",I59/I58-1),"") | L59: 7.34 | M59: =IFERROR(IF(OR(L59="",L47=""),"",L59/L47-1),"") | N59: =IFERROR(IF(OR(L59="",L58=""),"",L59/L58-1),"") | O59: 840.55 | P59: =IFERROR(IF(OR(O59="",O47=""),"",O59/O47-1),"") | Q59: =IFERROR(IF(OR(O59="",O58=""),"",O59/O58-1),"") | R59: 45114
A60: 45047 | B60: FY2024 | C60: 3.46 | D60: =IFERROR(IF(OR(C60="",C48=""),"",C60/C48-1),"") | E60: =IFERROR(IF(OR(C60="",C59=""),"",C60/C59-1),"") | F60: 4.66 | G60: =IFERROR(IF(OR(F60="",F48=""),"",F60/F48-1),"") | H60: =IFERROR(IF(OR(F60="",F59=""),"",F60/F59-1),"") | J60: =IFERROR(IF(OR(I60="",I48=""),"",I60/I48-1),"") | K60: =IFERROR(IF(OR(I60="",I59=""),"",I60/I59-1),"") | L60: 9.94 | M60: =IFERROR(IF(OR(L60="",L48=""),"",L60/L48-1),"") | N60: =IFERROR(IF(OR(L60="",L59=""),"",L60/L59-1),"") | O60: 811.22 | P60: =IFERROR(IF(OR(O60="",O48=""),"",O60/O48-1),"") | Q60: =IFERROR(IF(OR(O60="",O59=""),"",O60/O59-1),"") | R60: 45114
A61: 45078 | B61: FY2024 | C61: 4.82 | D61: =IFERROR(IF(OR(C61="",C49=""),"",C61/C49-1),"") | E61: =IFERROR(IF(OR(C61="",C60=""),"",C61/C60-1),"") | F61: 6.26 | G61: =IFERROR(IF(OR(F61="",F49=""),"",F61/F49-1),"") | H61: =IFERROR(IF(OR(F61="",F60=""),"",F61/F60-1),"") | J61: =IFERROR(IF(OR(I61="",I49=""),"",I61/I49-1),"") | K61: =IFERROR(IF(OR(I61="",I60=""),"",I61/I60-1),"") | L61: 13.24 | M61: =IFERROR(IF(OR(L61="",L49=""),"",L61/L49-1),"") | N61: =IFERROR(IF(OR(L61="",L60=""),"",L61/L60-1),"") | O61: 751.28 | P61: =IFERROR(IF(OR(O61="",O49=""),"",O61/O49-1),"") | Q61: =IFERROR(IF(OR(O61="",O60=""),"",O61/O60-1),"") | R61: 45114
A62: 45108 | B62: FY2024 | C62: 4.85 | D62: =IFERROR(IF(OR(C62="",C50=""),"",C62/C50-1),"") | E62: =IFERROR(IF(OR(C62="",C61=""),"",C62/C61-1),"") | F62: 6.65 | G62: =IFERROR(IF(OR(F62="",F50=""),"",F62/F50-1),"") | H62: =IFERROR(IF(OR(F62="",F61=""),"",F62/F61-1),"") | J62: =IFERROR(IF(OR(I62="",I50=""),"",I62/I50-1),"") | K62: =IFERROR(IF(OR(I62="",I61=""),"",I62/I61-1),"") | L62: 16.39 | M62: =IFERROR(IF(OR(L62="",L50=""),"",L62/L50-1),"") | N62: =IFERROR(IF(OR(L62="",L61=""),"",L62/L61-1),"") | O62: 834.41 | P62: =IFERROR(IF(OR(O62="",O50=""),"",O62/O50-1),"") | Q62: =IFERROR(IF(OR(O62="",O61=""),"",O62/O61-1),"") | R62: 45208
A63: 45139 | B63: FY2024 | C63: 5.26 | D63: =IFERROR(IF(OR(C63="",C51=""),"",C63/C51-1),"") | E63: =IFERROR(IF(OR(C63="",C62=""),"",C63/C62-1),"") | F63: 6.64 | G63: =IFERROR(IF(OR(F63="",F51=""),"",F63/F51-1),"") | H63: =IFERROR(IF(OR(F63="",F62=""),"",F63/F62-1),"") | J63: =IFERROR(IF(OR(I63="",I51=""),"",I63/I51-1),"") | K63: =IFERROR(IF(OR(I63="",I62=""),"",I63/I62-1),"") | L63: 13.44 | M63: =IFERROR(IF(OR(L63="",L51=""),"",L63/L51-1),"") | N63: =IFERROR(IF(OR(L63="",L62=""),"",L63/L62-1),"") | O63: 854.97 | P63: =IFERROR(IF(OR(O63="",O51=""),"",O63/O51-1),"") | Q63: =IFERROR(IF(OR(O63="",O62=""),"",O63/O62-1),"") | R63: 45208
A64: 45170 | B64: FY2024 | C64: 5.62 | D64: =IFERROR(IF(OR(C64="",C52=""),"",C64/C52-1),"") | E64: =IFERROR(IF(OR(C64="",C63=""),"",C64/C63-1),"") | F64: 7.33 | G64: =IFERROR(IF(OR(F64="",F52=""),"",F64/F52-1),"") | H64: =IFERROR(IF(OR(F64="",F63=""),"",F64/F63-1),"") | J64: =IFERROR(IF(OR(I64="",I52=""),"",I64/I52-1),"") | K64: =IFERROR(IF(OR(I64="",I63=""),"",I64/I63-1),"") | L64: 13.76 | M64: =IFERROR(IF(OR(L64="",L52=""),"",L64/L52-1),"") | N64: =IFERROR(IF(OR(L64="",L63=""),"",L64/L63-1),"") | O64: 821.41 | P64: =IFERROR(IF(OR(O64="",O52=""),"",O64/O52-1),"") | Q64: =IFERROR(IF(OR(O64="",O63=""),"",O64/O63-1),"") | R64: 45208
A65: 45200 | B65: FY2024 | C65: 4.81 | D65: =IFERROR(IF(OR(C65="",C53=""),"",C65/C53-1),"") | E65: =IFERROR(IF(OR(C65="",C64=""),"",C65/C64-1),"") | F65: 6.03 | G65: =IFERROR(IF(OR(F65="",F53=""),"",F65/F53-1),"") | H65: =IFERROR(IF(OR(F65="",F64=""),"",F65/F64-1),"") | J65: =IFERROR(IF(OR(I65="",I53=""),"",I65/I53-1),"") | K65: =IFERROR(IF(OR(I65="",I64=""),"",I65/I64-1),"") | L65: 13.29 | M65: =IFERROR(IF(OR(L65="",L53=""),"",L65/L53-1),"") | N65: =IFERROR(IF(OR(L65="",L64=""),"",L65/L64-1),"") | O65: 773.69 | P65: =IFERROR(IF(OR(O65="",O53=""),"",O65/O53-1),"") | Q65: =IFERROR(IF(OR(O65="",O64=""),"",O65/O64-1),"") | R65: 45267
A66: 45231 | B66: FY2024 | C66: 4.48 | D66: =IFERROR(IF(OR(C66="",C54=""),"",C66/C54-1),"") | E66: =IFERROR(IF(OR(C66="",C65=""),"",C66/C65-1),"") | F66: 5.55 | G66: =IFERROR(IF(OR(F66="",F54=""),"",F66/F54-1),"") | H66: =IFERROR(IF(OR(F66="",F65=""),"",F66/F65-1),"") | J66: =IFERROR(IF(OR(I66="",I54=""),"",I66/I54-1),"") | K66: =IFERROR(IF(OR(I66="",I65=""),"",I66/I65-1),"") | L66: 12.91 | M66: =IFERROR(IF(OR(L66="",L54=""),"",L66/L54-1),"") | N66: =IFERROR(IF(OR(L66="",L65=""),"",L66/L65-1),"") | O66: 793.26 | P66: =IFERROR(IF(OR(O66="",O54=""),"",O66/O54-1),"") | Q66: =IFERROR(IF(OR(O66="",O65=""),"",O66/O65-1),"") | R66: 45267
A67: 45261 | B67: FY2024 | C67: 6.5 | D67: =IFERROR(IF(OR(C67="",C55=""),"",C67/C55-1),"") | E67: =IFERROR(IF(OR(C67="",C66=""),"",C67/C66-1),"") | F67: 7.49 | G67: =IFERROR(IF(OR(F67="",F55=""),"",F67/F55-1),"") | H67: =IFERROR(IF(OR(F67="",F66=""),"",F67/F66-1),"") | J67: =IFERROR(IF(OR(I67="",I55=""),"",I67/I55-1),"") | K67: =IFERROR(IF(OR(I67="",I66=""),"",I67/I66-1),"") | L67: 14.97 | M67: =IFERROR(IF(OR(L67="",L55=""),"",L67/L55-1),"") | N67: =IFERROR(IF(OR(L67="",L66=""),"",L67/L66-1),"") | O67: 747.7 | P67: =IFERROR(IF(OR(O67="",O55=""),"",O67/O55-1),"") | Q67: =IFERROR(IF(OR(O67="",O66=""),"",O67/O66-1),"") | R67: 45300
A68: 45292 | B68: FY2024 | C68: 6.63 | D68: =IFERROR(IF(OR(C68="",C56=""),"",C68/C56-1),"") | E68: =IFERROR(IF(OR(C68="",C67=""),"",C68/C67-1),"") | F68: 8.09 | G68: =IFERROR(IF(OR(F68="",F56=""),"",F68/F56-1),"") | H68: =IFERROR(IF(OR(F68="",F67=""),"",F68/F67-1),"") | J68: =IFERROR(IF(OR(I68="",I56=""),"",I68/I56-1),"") | K68: =IFERROR(IF(OR(I68="",I67=""),"",I68/I67-1),"") | L68: 15.65 | M68: =IFERROR(IF(OR(L68="",L56=""),"",L68/L56-1),"") | N68: =IFERROR(IF(OR(L68="",L67=""),"",L68/L67-1),"") | O68: 1076.18 | P68: =IFERROR(IF(OR(O68="",O56=""),"",O68/O56-1),"") | Q68: =IFERROR(IF(OR(O68="",O67=""),"",O68/O67-1),"") | R68: 45400
A69: 45323 | B69: FY2024 | C69: 8.37 | D69: =IFERROR(IF(OR(C69="",C57=""),"",C69/C57-1),"") | E69: =IFERROR(IF(OR(C69="",C68=""),"",C69/C68-1),"") | F69: 10.33 | G69: =IFERROR(IF(OR(F69="",F57=""),"",F69/F57-1),"") | H69: =IFERROR(IF(OR(F69="",F68=""),"",F69/F68-1),"") | J69: =IFERROR(IF(OR(I69="",I57=""),"",I69/I57-1),"") | K69: =IFERROR(IF(OR(I69="",I68=""),"",I69/I68-1),"") | L69: 17.63 | M69: =IFERROR(IF(OR(L69="",L57=""),"",L69/L57-1),"") | N69: =IFERROR(IF(OR(L69="",L68=""),"",L69/L68-1),"") | O69: 808.13 | P69: =IFERROR(IF(OR(O69="",O57=""),"",O69/O57-1),"") | Q69: =IFERROR(IF(OR(O69="",O68=""),"",O69/O68-1),"") | R69: 45400
A70: 45352 | B70: FY2024 | C70: 15.01 | D70: =IFERROR(IF(OR(C70="",C58=""),"",C70/C58-1),"") | E70: =IFERROR(IF(OR(C70="",C69=""),"",C70/C69-1),"") | F70: 17.74 | G70: =IFERROR(IF(OR(F70="",F58=""),"",F70/F58-1),"") | H70: =IFERROR(IF(OR(F70="",F69=""),"",F70/F69-1),"") | J70: =IFERROR(IF(OR(I70="",I58=""),"",I70/I58-1),"") | K70: =IFERROR(IF(OR(I70="",I69=""),"",I70/I69-1),"") | L70: 32.25 | M70: =IFERROR(IF(OR(L70="",L58=""),"",L70/L58-1),"") | N70: =IFERROR(IF(OR(L70="",L69=""),"",L70/L69-1),"") | O70: 1108.31 | P70: =IFERROR(IF(OR(O70="",O58=""),"",O70/O58-1),"") | Q70: =IFERROR(IF(OR(O70="",O69=""),"",O70/O69-1),"") | R70: 45400
... A79: 45627 | B79: FY2025 | C79: 7.11 | D79: =IFERROR(IF(OR(C79="",C67=""),"",C79/C67-1),"") | E79: =IFERROR(IF(OR(C79="",C78=""),"",C79/C78-1),"") | F79: 8.66 | G79: =IFERROR(IF(OR(F79="",F67=""),"",F79/F67-1),"") | H79: =IFERROR(IF(OR(F79="",F78=""),"",F79/F78-1),"") | J79: =IFERROR(IF(OR(I79="",I67=""),"",I79/I67-1),"") | K79: =IFERROR(IF(OR(I79="",I78=""),"",I79/I78-1),"") | L79: 15.55 | M79: =IFERROR(IF(OR(L79="",L67=""),"",L79/L67-1),"") | N79: =IFERROR(IF(OR(L79="",L78=""),"",L79/L78-1),"") | O79: 1068.26 | P79: =IFERROR(IF(OR(O79="",O67=""),"",O79/O67-1),"") | Q79: =IFERROR(IF(OR(O79="",O78=""),"",O79/O78-1),"") | R79: 45667
A80: 45658 | B80: FY2025 | C80: 7.21 | D80: =IFERROR(IF(OR(C80="",C68=""),"",C80/C68-1),"") | E80: =IFERROR(IF(OR(C80="",C79=""),"",C80/C79-1),"") | F80: 9.51 | G80: =IFERROR(IF(OR(F80="",F68=""),"",F80/F68-1),"") | H80: =IFERROR(IF(OR(F80="",F79=""),"",F80/F79-1),"") | I80: 7.79 | J80: =IFERROR(IF(OR(I80="",I68=""),"",I80/I68-1),"") | K80: =IFERROR(IF(OR(I80="",I79=""),"",I80/I79-1),"") | L80: 17.78 | M80: =IFERROR(IF(OR(L80="",L68=""),"",L80/L68-1),"") | N80: =IFERROR(IF(OR(L80="",L79=""),"",L80/L79-1),"") | O80: 1409.83 | P80: =IFERROR(IF(OR(O80="",O68=""),"",O80/O68-1),"") | Q80: =IFERROR(IF(OR(O80="",O79=""),"",O80/O79-1),"") | R80: 45727
A81: 45689 | B81: FY2025 | C81: 7.31 | D81: =IFERROR(IF(OR(C81="",C69=""),"",C81/C69-1),"") | E81: =IFERROR(IF(OR(C81="",C80=""),"",C81/C80-1),"") | F81: 8.79 | G81: =IFERROR(IF(OR(F81="",F69=""),"",F81/F69-1),"") | H81: =IFERROR(IF(OR(F81="",F80=""),"",F81/F80-1),"") | I81: 7.63 | J81: =IFERROR(IF(OR(I81="",I69=""),"",I81/I69-1),"") | K81: =IFERROR(IF(OR(I81="",I80=""),"",I81/I80-1),"") | L81: 18.57 | M81: =IFERROR(IF(OR(L81="",L69=""),"",L81/L69-1),"") | N81: =IFERROR(IF(OR(L81="",L80=""),"",L81/L80-1),"") | O81: 833.74 | P81: =IFERROR(IF(OR(O81="",O69=""),"",O81/O69-1),"") | Q81: =IFERROR(IF(OR(O81="",O80=""),"",O81/O80-1),"") | R81: 45727
A82: 45717 | B82: FY2025 | C82: ='FY Totals'!B10-'FY Totals'!D10 | D82: =IFERROR(IF(OR(C82="",C70=""),"",C82/C70-1),"") | E82: =IFERROR(IF(OR(C82="",C81=""),"",C82/C81-1),"") | F82: ='FY Totals'!E10-'FY Totals'!G10 | G82: =IFERROR(IF(OR(F82="",F70=""),"",F82/F70-1),"") | H82: =IFERROR(IF(OR(F82="",F81=""),"",F82/F81-1),"") | I82: ='FY Totals'!H10-'FY Totals'!J10 | J82: =IFERROR(IF(OR(I82="",I70=""),"",I82/I70-1),"") | K82: =IFERROR(IF(OR(I82="",I81=""),"",I82/I81-1),"") | L82: ='FY Totals'!K10-'FY Totals'!M10 | M82: =IFERROR(IF(OR(L82="",L70=""),"",L82/L70-1),"") | N82: =IFERROR(IF(OR(L82="",L81=""),"",L82/L81-1),"") | O82: ='FY Totals'!N10-'FY Totals'!P10 | P82: =IFERROR(IF(OR(O82="",O70=""),"",O82/O70-1),"") | Q82: =IFERROR(IF(OR(O82="",O81=""),"",O82/O81-1),"")
A83: 45748 | B83: FY2026 | C83: 3.38 | D83: =IFERROR(IF(OR(C83="",C71=""),"",C83/C71-1),"") | E83: =IFERROR(IF(OR(C83="",C82=""),"",C83/C82-1),"") | F83: 4.98 | G83: =IFERROR(IF(OR(F83="",F71=""),"",F83/F71-1),"") | H83: =IFERROR(IF(OR(F83="",F82=""),"",F83/F82-1),"") | I83: 3.74 | J83: =IFERROR(IF(OR(I83="",I71=""),"",I83/I71-1),"") | K83: =IFERROR(IF(OR(I83="",I82=""),"",I83/I82-1),"") | L83: 10.32 | M83: =IFERROR(IF(OR(L83="",L71=""),"",L83/L71-1),"") | N83: =IFERROR(IF(OR(L83="",L82=""),"",L83/L82-1),"") | O83: 1727.22 | P83: =IFERROR(IF(OR(O83="",O71=""),"",O83/O71-1),"") | Q83: =IFERROR(IF(OR(O83="",O82=""),"",O83/O82-1),"") | R83: 45848
A84: 45778 | B84: FY2026 | C84: 4.65 | D84: =IFERROR(IF(OR(C84="",C72=""),"",C84/C72-1),"") | E84: =IFERROR(IF(OR(C84="",C83=""),"",C84/C83-1),"") | F84: 6.73 | G84: =IFERROR(IF(OR(F84="",F72=""),"",F84/F72-1),"") | H84: =IFERROR(IF(OR(F84="",F83=""),"",F84/F83-1),"") | I84: 5.65 | J84: =IFERROR(IF(OR(I84="",I72=""),"",I84/I72-1),"") | K84: =IFERROR(IF(OR(I84="",I83=""),"",I84/I83-1),"") | L84: 14.07 | M84: =IFERROR(IF(OR(L84="",L72=""),"",L84/L72-1),"") | N84: =IFERROR(IF(OR(L84="",L83=""),"",L84/L83-1),"") | O84: 979.92 | P84: =IFERROR(IF(OR(O84="",O72=""),"",O84/O72-1),"") | Q84: =IFERROR(IF(OR(O84="",O83=""),"",O84/O83-1),"") | R84: 45848
A85: 45809 | B85: FY2026 | C85: 5.53 | D85: =IFERROR(IF(OR(C85="",C73=""),"",C85/C73-1),"") | E85: =IFERROR(IF(OR(C85="",C84=""),"",C85/C84-1),"") | F85: 6.94 | G85: =IFERROR(IF(OR(F85="",F73=""),"",F85/F73-1),"") | H85: =IFERROR(IF(OR(F85="",F84=""),"",F85/F84-1),"") | I85: 5.73 | J85: =IFERROR(IF(OR(I85="",I73=""),"",I85/I73-1),"") | K85: =IFERROR(IF(OR(I85="",I84=""),"",I85/I84-1),"") | L85: 15.73 | M85: =IFERROR(IF(OR(L85="",L73=""),"",L85/L73-1),"") | N85: =IFERROR(IF(OR(L85="",L84=""),"",L85/L84-1),"") | O85: 1007.37 | P85: =IFERROR(IF(OR(O85="",O73=""),"",O85/O73-1),"") | Q85: =IFERROR(IF(OR(O85="",O84=""),"",O85/O84-1),"") | R85: 45848
A86: 45839 | B86: FY2026 | C86: 6.54 | D86: =IFERROR(IF(OR(C86="",C74=""),"",C86/C74-1),"") | E86: =IFERROR(IF(OR(C86="",C85=""),"",C86/C85-1),"") | F86: 8.29 | G86: =IFERROR(IF(OR(F86="",F74=""),"",F86/F74-1),"") | H86: =IFERROR(IF(OR(F86="",F85=""),"",F86/F85-1),"") | I86: 6.77 | J86: =IFERROR(IF(OR(I86="",I74=""),"",I86/I74-1),"") | K86: =IFERROR(IF(OR(I86="",I85=""),"",I86/I85-1),"") | L86: 19.06 | M86: =IFERROR(IF(OR(L86="",L74=""),"",L86/L74-1),"") | N86: =IFERROR(IF(OR(L86="",L85=""),"",L86/L85-1),"") | O86: 1085.67 | P86: =IFERROR(IF(OR(O86="",O74=""),"",O86/O74-1),"") | Q86: =IFERROR(IF(OR(O86="",O85=""),"",O86/O85-1),"") | R86: 45939
A87: 45870 | B87: FY2026 | C87: 5.92 | D87: =IFERROR(IF(OR(C87="",C75=""),"",C87/C75-1),"") | E87: =IFERROR(IF(OR(C87="",C86=""),"",C87/C86-1),"") | F87: 7.22 | G87: =IFERROR(IF(OR(F87="",F75=""),"",F87/F75-1),"") | H87: =IFERROR(IF(OR(F87="",F86=""),"",F87/F86-1),"") | I87: 5.91 | J87: =IFERROR(IF(OR(I87="",I75=""),"",I87/I75-1),"") | K87: =IFERROR(IF(OR(I87="",I86=""),"",I87/I86-1),"") | L87: 17.76 | M87: =IFERROR(IF(OR(L87="",L75=""),"",L87/L75-1),"") | N87: =IFERROR(IF(OR(L87="",L86=""),"",L87/L86-1),"") | O87: 871.99 | P87: =IFERROR(IF(OR(O87="",O75=""),"",O87/O75-1),"") | Q87: =IFERROR(IF(OR(O87="",O86=""),"",O87/O86-1),"") | R87: 45939
A88: 45901 | B88: FY2026 | C88: 6.82 | D88: =IFERROR(IF(OR(C88="",C76=""),"",C88/C76-1),"") | E88: =IFERROR(IF(OR(C88="",C87=""),"",C88/C87-1),"") | F88: 8.71 | G88: =IFERROR(IF(OR(F88="",F76=""),"",F88/F76-1),"") | H88: =IFERROR(IF(OR(F88="",F87=""),"",F88/F87-1),"") | I88: 7.39 | J88: =IFERROR(IF(OR(I88="",I76=""),"",I88/I76-1),"") | K88: =IFERROR(IF(OR(I88="",I87=""),"",I88/I87-1),"") | L88: 17.61 | M88: =IFERROR(IF(OR(L88="",L76=""),"",L88/L76-1),"") | N88: =IFERROR(IF(OR(L88="",L87=""),"",L88/L87-1),"") | O88: 1098.59 | P88: =IFERROR(IF(OR(O88="",O76=""),"",O88/O76-1),"") | Q88: =IFERROR(IF(OR(O88="",O87=""),"",O88/O87-1),"") | R88: 45939
A89: 45931 | B89: FY2026 | C89: 6.01 | D89: =IFERROR(IF(OR(C89="",C77=""),"",C89/C77-1),"") | E89: =IFERROR(IF(OR(C89="",C88=""),"",C89/C88-1),"") | F89: 7.34 | G89: =IFERROR(IF(OR(F89="",F77=""),"",F89/F77-1),"") | H89: =IFERROR(IF(OR(F89="",F88=""),"",F89/F88-1),"") | I89: 6.01 | J89: =IFERROR(IF(OR(I89="",I77=""),"",I89/I77-1),"") | K89: =IFERROR(IF(OR(I89="",I88=""),"",I89/I88-1),"") | L89: 17.73 | M89: =IFERROR(IF(OR(L89="",L77=""),"",L89/L77-1),"") | N89: =IFERROR(IF(OR(L89="",L88=""),"",L89/L88-1),"") | O89: 1119.9 | P89: =IFERROR(IF(OR(O89="",O77=""),"",O89/O77-1),"") | Q89: =IFERROR(IF(OR(O89="",O88=""),"",O89/O88-1),"") | R89: 46032
A90: 45962 | B90: FY2026 | C90: 6.5 | D90: =IFERROR(IF(OR(C90="",C78=""),"",C90/C78-1),"") | E90: =IFERROR(IF(OR(C90="",C89=""),"",C90/C89-1),"") | F90: 8.63 | G90: =IFERROR(IF(OR(F90="",F78=""),"",F90/F78-1),"") | H90: =IFERROR(IF(OR(F90="",F89=""),"",F90/F89-1),"") | I90: 7.18 | J90: =IFERROR(IF(OR(I90="",I78=""),"",I90/I78-1),"") | K90: =IFERROR(IF(OR(I90="",I89=""),"",I90/I89-1),"") | L90: 19.16 | M90: =IFERROR(IF(OR(L90="",L78=""),"",L90/L78-1),"") | N90: =IFERROR(IF(OR(L90="",L89=""),"",L90/L89-1),"") | O90: 1087.2 | P90: =IFERROR(IF(OR(O90="",O78=""),"",O90/O78-1),"") | Q90: =IFERROR(IF(OR(O90="",O89=""),"",O90/O89-1),"") | R90: 46032
A91: 45992 | B91: FY2026 | C91: 7.93 | D91: =IFERROR(IF(OR(C91="",C79=""),"",C91/C79-1),"") | E91: =IFERROR(IF(OR(C91="",C90=""),"",C91/C90-1),"") | F91: 9.29 | G91: =IFERROR(IF(OR(F91="",F79=""),"",F91/F79-1),"") | H91: =IFERROR(IF(OR(F91="",F90=""),"",F91/F90-1),"") | I91: 7.97 | J91: =IFERROR(IF(OR(I91="",I79=""),"",I91/I79-1),"") | K91: =IFERROR(IF(OR(I91="",I90=""),"",I91/I90-1),"") | L91: 19.45 | M91: =IFERROR(IF(OR(L91="",L79=""),"",L91/L79-1),"") | N91: =IFERROR(IF(OR(L91="",L90=""),"",L91/L90-1),"") | O91: 1182.28 | P91: =IFERROR(IF(OR(O91="",O79=""),"",O91/O79-1),"") | Q91: =IFERROR(IF(OR(O91="",O90=""),"",O91/O90-1),"") | R91: 46032
A92: 46023 | B92: FY2026 | C92: 7.84 | D92: =IFERROR(IF(OR(C92="",C80=""),"",C92/C80-1),"") | E92: =IFERROR(IF(OR(C92="",C91=""),"",C92/C91-1),"") | F92: 9.9 | G92: =IFERROR(IF(OR(F92="",F80=""),"",F92/F80-1),"") | H92: =IFERROR(IF(OR(F92="",F91=""),"",F92/F91-1),"") | I92: 8.18 | J92: =IFERROR(IF(OR(I92="",I80=""),"",I92/I80-1),"") | K92: =IFERROR(IF(OR(I92="",I91=""),"",I92/I91-1),"") | L92: 19.9 | M92: =IFERROR(IF(OR(L92="",L80=""),"",L92/L80-1),"") | N92: =IFERROR(IF(OR(L92="",L91=""),"",L92/L91-1),"") | O92: 1656.71 | P92: =IFERROR(IF(OR(O92="",O80=""),"",O92/O80-1),"") | Q92: =IFERROR(IF(OR(O92="",O91=""),"",O92/O91-1),"") | R92: 46090
A93: 46054 | B93: FY2026 | C93: 7.87 | D93: =IFERROR(IF(OR(C93="",C81=""),"",C93/C81-1),"") | E93: =IFERROR(IF(OR(C93="",C92=""),"",C93/C92-1),"") | F93: 9.87 | G93: =IFERROR(IF(OR(F93="",F81=""),"",F93/F81-1),"") | H93: =IFERROR(IF(OR(F93="",F92=""),"",F93/F92-1),"") | I93: 8.38 | J93: =IFERROR(IF(OR(I93="",I81=""),"",I93/I81-1),"") | K93: =IFERROR(IF(OR(I93="",I92=""),"",I93/I92-1),"") | L93: 21.48 | M93: =IFERROR(IF(OR(L93="",L81=""),"",L93/L81-1),"") | N93: =IFERROR(IF(OR(L93="",L92=""),"",L93/L92-1),"") | O93: 1096.13 | P93: =IFERROR(IF(OR(O93="",O81=""),"",O93/O81-1),"") | Q93: =IFERROR(IF(OR(O93="",O92=""),"",O93/O92-1),"") | R93: 46090
A94: 46082 | B94: FY2026 | C94: ='FY Totals'!B11-'FY Totals'!D11 | D94: =IFERROR(IF(OR(C94="",C82=""),"",C94/C82-1),"") | E94: =IFERROR(IF(OR(C94="",C93=""),"",C94/C93-1),"") | F94: ='FY Totals'!E11-'FY Totals'!G11 | G94: =IFERROR(IF(OR(F94="",F82=""),"",F94/F82-1),"") | H94: =IFERROR(IF(OR(F94="",F93=""),"",F94/F93-1),"") | I94: ='FY Totals'!H11-'FY Totals'!J11 | J94: =IFERROR(IF(OR(I94="",I82=""),"",I94/I82-1),"") | K94: =IFERROR(IF(OR(I94="",I93=""),"",I94/I93-1),"") | L94: ='FY Totals'!K11-'FY Totals'!M11 | M94: =IFERROR(IF(OR(L94="",L82=""),"",L94/L82-1),"") | N94: =IFERROR(IF(OR(L94="",L93=""),"",L94/L93-1),"") | O94: ='FY Totals'!N11-'FY Totals'!P11 | P94: =IFERROR(IF(OR(O94="",O82=""),"",O94/O82-1),"") | Q94: =IFERROR(IF(OR(O94="",O93=""),"",O94/O93-1),"")
A95: 46113 | B95: FY2027 | C95: 4.21 | D95: =IFERROR(IF(OR(C95="",C83=""),"",C95/C83-1),"") | E95: =IFERROR(IF(OR(C95="",C94=""),"",C95/C94-1),"") | F95: 6.18 | G95: =IFERROR(IF(OR(F95="",F83=""),"",F95/F83-1),"") | H95: =IFERROR(IF(OR(F95="",F94=""),"",F95/F94-1),"") | I95: 4.6 | J95: =IFERROR(IF(OR(I95="",I83=""),"",I95/I83-1),"") | K95: =IFERROR(IF(OR(I95="",I94=""),"",I95/I94-1),"") | L95: 12.96 | M95: =IFERROR(IF(OR(L95="",L83=""),"",L95/L83-1),"") | N95: =IFERROR(IF(OR(L95="",L94=""),"",L95/L94-1),"") | O95: 1776.83 | P95: =IFERROR(IF(OR(O95="",O83=""),"",O95/O83-1),"") | Q95: =IFERROR(IF(OR(O95="",O94=""),"",O95/O94-1),"") | R95: 46211
A96: 46143 | B96: FY2027 | C96: 4.94 | D96: =IFERROR(IF(OR(C96="",C84=""),"",C96/C84-1),"") | E96: =IFERROR(IF(OR(C96="",C95=""),"",C96/C95-1),"") | F96: 7.22 | G96: =IFERROR(IF(OR(F96="",F84=""),"",F96/F84-1),"") | H96: =IFERROR(IF(OR(F96="",F95=""),"",F96/F95-1),"") | I96: 5.58 | J96: =IFERROR(IF(OR(I96="",I84=""),"",I96/I84-1),"") | K96: =IFERROR(IF(OR(I96="",I95=""),"",I96/I95-1),"") | L96: 16.03 | M96: =IFERROR(IF(OR(L96="",L84=""),"",L96/L84-1),"") | N96: =IFERROR(IF(OR(L96="",L95=""),"",L96/L95-1),"") | O96: 1666.5 | P96: =IFERROR(IF(OR(O96="",O84=""),"",O96/O84-1),"") | Q96: =IFERROR(IF(OR(O96="",O95=""),"",O96/O95-1),"") | R96: 46211
A97: 46174 | B97: FY2027 | C97: 6.23 | D97: =IFERROR(IF(OR(C97="",C85=""),"",C97/C85-1),"") | E97: =IFERROR(IF(OR(C97="",C96=""),"",C97/C96-1),"") | F97: 7.95 | G97: =IFERROR(IF(OR(F97="",F85=""),"",F97/F85-1),"") | H97: =IFERROR(IF(OR(F97="",F96=""),"",F97/F96-1),"") | I97: 6.28 | J97: =IFERROR(IF(OR(I97="",I85=""),"",I97/I85-1),"") | K97: =IFERROR(IF(OR(I97="",I96=""),"",I97/I96-1),"") | L97: 19.67 | M97: =IFERROR(IF(OR(L97="",L85=""),"",L97/L85-1),"") | N97: =IFERROR(IF(OR(L97="",L96=""),"",L97/L96-1),"") | O97: 1453.33 | P97: =IFERROR(IF(OR(O97="",O85=""),"",O97/O85-1),"") | Q97: =IFERROR(IF(OR(O97="",O96=""),"",O97/O96-1),"") | R97: 46211
A98: 46204 | B98: FY2027 | C98: 7.12 | D98: =IFERROR(IF(OR(C98="",C86=""),"",C98/C86-1),"") | E98: =IFERROR(IF(OR(C98="",C97=""),"",C98/C97-1),"") | F98: 9.49 | G98: =IFERROR(IF(OR(F98="",F86=""),"",F98/F86-1),"") | H98: =IFERROR(IF(OR(F98="",F97=""),"",F98/F97-1),"") | I98: 7.58 | J98: =IFERROR(IF(OR(I98="",I86=""),"",I98/I86-1),"") | K98: =IFERROR(IF(OR(I98="",I97=""),"",I98/I97-1),"") | L98: 23.01 | M98: =IFERROR(IF(OR(L98="",L86=""),"",L98/L86-1),"") | N98: =IFERROR(IF(OR(L98="",L97=""),"",L98/L97-1),"") | O98: 1307.91 | P98: =IFERROR(IF(OR(O98="",O86=""),"",O98/O86-1),"") | Q98: =IFERROR(IF(OR(O98="",O97=""),"",O98/O97-1),"") | R98: 46303
A99: 46235 | B99: FY2027 | C99: 6.57 | D99: =IFERROR(IF(OR(C99="",C87=""),"",C99/C87-1),"") | E99: =IFERROR(IF(OR(C99="",C98=""),"",C99/C98-1),"") | F99: 8.91 | G99: =IFERROR(IF(OR(F99="",F87=""),"",F99/F87-1),"") | H99: =IFERROR(IF(OR(F99="",F98=""),"",F99/F98-1),"") | I99: 7.36 | J99: =IFERROR(IF(OR(I99="",I87=""),"",I99/I87-1),"") | K99: =IFERROR(IF(OR(I99="",I98=""),"",I99/I98-1),"") | L99: 19.53 | M99: =IFERROR(IF(OR(L99="",L87=""),"",L99/L87-1),"") | N99: =IFERROR(IF(OR(L99="",L98=""),"",L99/L98-1),"") | O99: 1377.1 | P99: =IFERROR(IF(OR(O99="",O87=""),"",O99/O87-1),"") | Q99: =IFERROR(IF(OR(O99="",O98=""),"",O99/O98-1),"") | R99: 46303
A100: 46266 | B100: FY2027 | C100: 6.92 | D100: =IFERROR(IF(OR(C100="",C88=""),"",C100/C88-1),"") | E100: =IFERROR(IF(OR(C100="",C99=""),"",C100/C99-1),"") | F100: 9.59 | G100: =IFERROR(IF(OR(F100="",F88=""),"",F100/F88-1),"") | H100: =IFERROR(IF(OR(F100="",F99=""),"",F100/F99-1),"") | I100: 7.26 | J100: =IFERROR(IF(OR(I100="",I88=""),"",I100/I88-1),"") | K100: =IFERROR(IF(OR(I100="",I99=""),"",I100/I99-1),"") | L100: 27.01 | M100: =IFERROR(IF(OR(L100="",L88=""),"",L100/L88-1),"") | N100: =IFERROR(IF(OR(L100="",L99=""),"",L100/L99-1),"") | O100: 1230.25 | P100: =IFERROR(IF(OR(O100="",O88=""),"",O100/O88-1),"") | Q100: =IFERROR(IF(OR(O100="",O99=""),"",O100/O99-1),"") | R100: 46303

Sheet Quarterly
A1: ICICI Pru Life - quarterly (fiscal Apr-Mar), INR Bn = sum of the three Monthly rows
A2: Live SUM of Monthly; blank if any month of the quarter is missing. Q4 includes the derived March (FY - 11M). Quarter sums are checked against company-reported quarter totals on Quality Check.
A4: Quarter | B4: Fiscal Year | C4: Quarter End | D4: RWRP (INR Bn) | E4: RWRP YoY | F4: RWRP QoQ | G4: APE (INR Bn) | H4: APE YoY | I4: APE QoQ | J4: Retail APE (INR Bn) | K4: Retail APE YoY | L4: Retail APE QoQ | M4: NB Premium (INR Bn) | N4: NB Premium YoY | O4: NB Premium QoQ | P4: NB Sum Assured (INR Bn) | Q4: NB Sum Assured YoY | R4: NB Sum Assured QoQ
A5: Q3FY19 | B5: FY2019 | C5: 43435 | D5: =IF(COUNT(Monthly!C5:C7)<3,"",SUM(Monthly!C5:C7)) | G5: =IF(COUNT(Monthly!F5:F7)<3,"",SUM(Monthly!F5:F7)) | J5: =IF(COUNT(Monthly!I5:I7)<3,"",SUM(Monthly!I5:I7)) | M5: =IF(COUNT(Monthly!L5:L7)<3,"",SUM(Monthly!L5:L7)) | P5: =IF(COUNT(Monthly!O5:O7)<3,"",SUM(Monthly!O5:O7))
A6: Q4FY19 | B6: FY2019 | C6: 43525 | D6: =IF(COUNT(Monthly!C8:C10)<3,"",SUM(Monthly!C8:C10)) | F6: =IFERROR(IF(OR(D6="",D5=""),"",D6/D5-1),"") | G6: =IF(COUNT(Monthly!F8:F10)<3,"",SUM(Monthly!F8:F10)) | I6: =IFERROR(IF(OR(G6="",G5=""),"",G6/G5-1),"") | J6: =IF(COUNT(Monthly!I8:I10)<3,"",SUM(Monthly!I8:I10)) | L6: =IFERROR(IF(OR(J6="",J5=""),"",J6/J5-1),"") | M6: =IF(COUNT(Monthly!L8:L10)<3,"",SUM(Monthly!L8:L10)) | O6: =IFERROR(IF(OR(M6="",M5=""),"",M6/M5-1),"") | P6: =IF(COUNT(Monthly!O8:O10)<3,"",SUM(Monthly!O8:O10)) | R6: =IFERROR(IF(OR(P6="",P5=""),"",P6/P5-1),"")
A7: Q1FY20 | B7: FY2020 | C7: 43617 | D7: =IF(COUNT(Monthly!C11:C13)<3,"",SUM(Monthly!C11:C13)) | F7: =IFERROR(IF(OR(D7="",D6=""),"",D7/D6-1),"") | G7: =IF(COUNT(Monthly!F11:F13)<3,"",SUM(Monthly!F11:F13)) | I7: =IFERROR(IF(OR(G7="",G6=""),"",G7/G6-1),"") | J7: =IF(COUNT(Monthly!I11:I13)<3,"",SUM(Monthly!I11:I13)) | L7: =IFERROR(IF(OR(J7="",J6=""),"",J7/J6-1),"") | M7: =IF(COUNT(Monthly!L11:L13)<3,"",SUM(Monthly!L11:L13)) | O7: =IFERROR(IF(OR(M7="",M6=""),"",M7/M6-1),"") | P7: =IF(COUNT(Monthly!O11:O13)<3,"",SUM(Monthly!O11:O13)) | R7: =IFERROR(IF(OR(P7="",P6=""),"",P7/P6-1),"")
A8: Q2FY20 | B8: FY2020 | C8: 43709 | D8: =IF(COUNT(Monthly!C14:C16)<3,"",SUM(Monthly!C14:C16)) | F8: =IFERROR(IF(OR(D8="",D7=""),"",D8/D7-1),"") | G8: =IF(COUNT(Monthly!F14:F16)<3,"",SUM(Monthly!F14:F16)) | I8: =IFERROR(IF(OR(G8="",G7=""),"",G8/G7-1),"") | J8: =IF(COUNT(Monthly!I14:I16)<3,"",SUM(Monthly!I14:I16)) | L8: =IFERROR(IF(OR(J8="",J7=""),"",J8/J7-1),"") | M8: =IF(COUNT(Monthly!L14:L16)<3,"",SUM(Monthly!L14:L16)) | O8: =IFERROR(IF(OR(M8="",M7=""),"",M8/M7-1),"") | P8: =IF(COUNT(Monthly!O14:O16)<3,"",SUM(Monthly!O14:O16)) | R8: =IFERROR(IF(OR(P8="",P7=""),"",P8/P7-1),"")
A9: Q3FY20 | B9: FY2020 | C9: 43800 | D9: =IF(COUNT(Monthly!C17:C19)<3,"",SUM(Monthly!C17:C19)) | E9: =IFERROR(IF(OR(D9="",D5=""),"",D9/D5-1),"") | F9: =IFERROR(IF(OR(D9="",D8=""),"",D9/D8-1),"") | G9: =IF(COUNT(Monthly!F17:F19)<3,"",SUM(Monthly!F17:F19)) | H9: =IFERROR(IF(OR(G9="",G5=""),"",G9/G5-1),"") | I9: =IFERROR(IF(OR(G9="",G8=""),"",G9/G8-1),"") | J9: =IF(COUNT(Monthly!I17:I19)<3,"",SUM(Monthly!I17:I19)) | K9: =IFERROR(IF(OR(J9="",J5=""),"",J9/J5-1),"") | L9: =IFERROR(IF(OR(J9="",J8=""),"",J9/J8-1),"") | M9: =IF(COUNT(Monthly!L17:L19)<3,"",SUM(Monthly!L17:L19)) | N9: =IFERROR(IF(OR(M9="",M5=""),"",M9/M5-1),"") | O9: =IFERROR(IF(OR(M9="",M8=""),"",M9/M8-1),"") | P9: =IF(COUNT(Monthly!O17:O19)<3,"",SUM(Monthly!O17:O19)) | Q9: =IFERROR(IF(OR(P9="",P5=""),"",P9/P5-1),"") | R9: =IFERROR(IF(OR(P9="",P8=""),"",P9/P8-1),"")
A10: Q4FY20 | B10: FY2020 | C10: 43891 | D10: =IF(COUNT(Monthly!C20:C22)<3,"",SUM(Monthly!C20:C22)) | E10: =IFERROR(IF(OR(D10="",D6=""),"",D10/D6-1),"") | F10: =IFERROR(IF(OR(D10="",D9=""),"",D10/D9-1),"") | G10: =IF(COUNT(Monthly!F20:F22)<3,"",SUM(Monthly!F20:F22)) | H10: =IFERROR(IF(OR(G10="",G6=""),"",G10/G6-1),"") | I10: =IFERROR(IF(OR(G10="",G9=""),"",G10/G9-1),"") | J10: =IF(COUNT(Monthly!I20:I22)<3,"",SUM(Monthly!I20:I22)) | K10: =IFERROR(IF(OR(J10="",J6=""),"",J10/J6-1),"") | L10: =IFERROR(IF(OR(J10="",J9=""),"",J10/J9-1),"") | M10: =IF(COUNT(Monthly!L20:L22)<3,"",SUM(Monthly!L20:L22)) | N10: =IFERROR(IF(OR(M10="",M6=""),"",M10/M6-1),"") | O10: =IFERROR(IF(OR(M10="",M9=""),"",M10/M9-1),"") | P10: =IF(COUNT(Monthly!O20:O22)<3,"",SUM(Monthly!O20:O22)) | Q10: =IFERROR(IF(OR(P10="",P6=""),"",P10/P6-1),"") | R10: =IFERROR(IF(OR(P10="",P9=""),"",P10/P9-1),"")
A11: Q1FY21 | B11: FY2021 | C11: 43983 | D11: =IF(COUNT(Monthly!C23:C25)<3,"",SUM(Monthly!C23:C25)) | E11: =IFERROR(IF(OR(D11="",D7=""),"",D11/D7-1),"") | F11: =IFERROR(IF(OR(D11="",D10=""),"",D11/D10-1),"") | G11: =IF(COUNT(Monthly!F23:F25)<3,"",SUM(Monthly!F23:F25)) | H11: =IFERROR(IF(OR(G11="",G7=""),"",G11/G7-1),"") | I11: =IFERROR(IF(OR(G11="",G10=""),"",G11/G10-1),"") | J11: =IF(COUNT(Monthly!I23:I25)<3,"",SUM(Monthly!I23:I25)) | K11: =IFERROR(IF(OR(J11="",J7=""),"",J11/J7-1),"") | L11: =IFERROR(IF(OR(J11="",J10=""),"",J11/J10-1),"") | M11: =IF(COUNT(Monthly!L23:L25)<3,"",SUM(Monthly!L23:L25)) | N11: =IFERROR(IF(OR(M11="",M7=""),"",M11/M7-1),"") | O11: =IFERROR(IF(OR(M11="",M10=""),"",M11/M10-1),"") | P11: =IF(COUNT(Monthly!O23:O25)<3,"",SUM(Monthly!O23:O25)) | Q11: =IFERROR(IF(OR(P11="",P7=""),"",P11/P7-1),"") | R11: =IFERROR(IF(OR(P11="",P10=""),"",P11/P10-1),"")
A12: Q2FY21 | B12: FY2021 | C12: 44075 | D12: =IF(COUNT(Monthly!C26:C28)<3,"",SUM(Monthly!C26:C28)) | E12: =IFERROR(IF(OR(D12="",D8=""),"",D12/D8-1),"") | F12: =IFERROR(IF(OR(D12="",D11=""),"",D12/D11-1),"") | G12: =IF(COUNT(Monthly!F26:F28)<3,"",SUM(Monthly!F26:F28)) | H12: =IFERROR(IF(OR(G12="",G8=""),"",G12/G8-1),"") | I12: =IFERROR(IF(OR(G12="",G11=""),"",G12/G11-1),"") | J12: =IF(COUNT(Monthly!I26:I28)<3,"",SUM(Monthly!I26:I28)) | K12: =IFERROR(IF(OR(J12="",J8=""),"",J12/J8-1),"") | L12: =IFERROR(IF(OR(J12="",J11=""),"",J12/J11-1),"") | M12: =IF(COUNT(Monthly!L26:L28)<3,"",SUM(Monthly!L26:L28)) | N12: =IFERROR(IF(OR(M12="",M8=""),"",M12/M8-1),"") | O12: =IFERROR(IF(OR(M12="",M11=""),"",M12/M11-1),"") | P12: =IF(COUNT(Monthly!O26:O28)<3,"",SUM(Monthly!O26:O28)) | Q12: =IFERROR(IF(OR(P12="",P8=""),"",P12/P8-1),"") | R12: =IFERROR(IF(OR(P12="",P11=""),"",P12/P11-1),"")
A13: Q3FY21 | B13: FY2021 | C13: 44166 | D13: =IF(COUNT(Monthly!C29:C31)<3,"",SUM(Monthly!C29:C31)) | E13: =IFERROR(IF(OR(D13="",D9=""),"",D13/D9-1),"") | F13: =IFERROR(IF(OR(D13="",D12=""),"",D13/D12-1),"") | G13: =IF(COUNT(Monthly!F29:F31)<3,"",SUM(Monthly!F29:F31)) | H13: =IFERROR(IF(OR(G13="",G9=""),"",G13/G9-1),"") | I13: =IFERROR(IF(OR(G13="",G12=""),"",G13/G12-1),"") | J13: =IF(COUNT(Monthly!I29:I31)<3,"",SUM(Monthly!I29:I31)) | K13: =IFERROR(IF(OR(J13="",J9=""),"",J13/J9-1),"") | L13: =IFERROR(IF(OR(J13="",J12=""),"",J13/J12-1),"") | M13: =IF(COUNT(Monthly!L29:L31)<3,"",SUM(Monthly!L29:L31)) | N13: =IFERROR(IF(OR(M13="",M9=""),"",M13/M9-1),"") | O13: =IFERROR(IF(OR(M13="",M12=""),"",M13/M12-1),"") | P13: =IF(COUNT(Monthly!O29:O31)<3,"",SUM(Monthly!O29:O31)) | Q13: =IFERROR(IF(OR(P13="",P9=""),"",P13/P9-1),"") | R13: =IFERROR(IF(OR(P13="",P12=""),"",P13/P12-1),"")
A14: Q4FY21 | B14: FY2021 | C14: 44256 | D14: =IF(COUNT(Monthly!C32:C34)<3,"",SUM(Monthly!C32:C34)) | E14: =IFERROR(IF(OR(D14="",D10=""),"",D14/D10-1),"") | F14: =IFERROR(IF(OR(D14="",D13=""),"",D14/D13-1),"") | G14: =IF(COUNT(Monthly!F32:F34)<3,"",SUM(Monthly!F32:F34)) | H14: =IFERROR(IF(OR(G14="",G10=""),"",G14/G10-1),"") | I14: =IFERROR(IF(OR(G14="",G13=""),"",G14/G13-1),"") | J14: =IF(COUNT(Monthly!I32:I34)<3,"",SUM(Monthly!I32:I34)) | K14: =IFERROR(IF(OR(J14="",J10=""),"",J14/J10-1),"") | L14: =IFERROR(IF(OR(J14="",J13=""),"",J14/J13-1),"") | M14: =IF(COUNT(Monthly!L32:L34)<3,"",SUM(Monthly!L32:L34)) | N14: =IFERROR(IF(OR(M14="",M10=""),"",M14/M10-1),"") | O14: =IFERROR(IF(OR(M14="",M13=""),"",M14/M13-1),"") | P14: =IF(COUNT(Monthly!O32:O34)<3,"",SUM(Monthly!O32:O34)) | Q14: =IFERROR(IF(OR(P14="",P10=""),"",P14/P10-1),"") | R14: =IFERROR(IF(OR(P14="",P13=""),"",P14/P13-1),"")
A15: Q1FY22 | B15: FY2022 | C15: 44348 | D15: =IF(COUNT(Monthly!C35:C37)<3,"",SUM(Monthly!C35:C37)) | E15: =IFERROR(IF(OR(D15="",D11=""),"",D15/D11-1),"") | F15: =IFERROR(IF(OR(D15="",D14=""),"",D15/D14-1),"") | G15: =IF(COUNT(Monthly!F35:F37)<3,"",SUM(Monthly!F35:F37)) | H15: =IFERROR(IF(OR(G15="",G11=""),"",G15/G11-1),"") | I15: =IFERROR(IF(OR(G15="",G14=""),"",G15/G14-1),"") | J15: =IF(COUNT(Monthly!I35:I37)<3,"",SUM(Monthly!I35:I37)) | K15: =IFERROR(IF(OR(J15="",J11=""),"",J15/J11-1),"") | L15: =IFERROR(IF(OR(J15="",J14=""),"",J15/J14-1),"") | M15: =IF(COUNT(Monthly!L35:L37)<3,"",SUM(Monthly!L35:L37)) | N15: =IFERROR(IF(OR(M15="",M11=""),"",M15/M11-1),"") | O15: =IFERROR(IF(OR(M15="",M14=""),"",M15/M14-1),"") | P15: =IF(COUNT(Monthly!O35:O37)<3,"",SUM(Monthly!O35:O37)) | Q15: =IFERROR(IF(OR(P15="",P11=""),"",P15/P11-1),"") | R15: =IFERROR(IF(OR(P15="",P14=""),"",P15/P14-1),"")
A16: Q2FY22 | B16: FY2022 | C16: 44440 | D16: =IF(COUNT(Monthly!C38:C40)<3,"",SUM(Monthly!C38:C40)) | E16: =IFERROR(IF(OR(D16="",D12=""),"",D16/D12-1),"") | F16: =IFERROR(IF(OR(D16="",D15=""),"",D16/D15-1),"") | G16: =IF(COUNT(Monthly!F38:F40)<3,"",SUM(Monthly!F38:F40)) | H16: =IFERROR(IF(OR(G16="",G12=""),"",G16/G12-1),"") | I16: =IFERROR(IF(OR(G16="",G15=""),"",G16/G15-1),"") | J16: =IF(COUNT(Monthly!I38:I40)<3,"",SUM(Monthly!I38:I40)) | K16: =IFERROR(IF(OR(J16="",J12=""),"",J16/J12-1),"") | L16: =IFERROR(IF(OR(J16="",J15=""),"",J16/J15-1),"") | M16: =IF(COUNT(Monthly!L38:L40)<3,"",SUM(Monthly!L38:L40)) | N16: =IFERROR(IF(OR(M16="",M12=""),"",M16/M12-1),"") | O16: =IFERROR(IF(OR(M16="",M15=""),"",M16/M15-1),"") | P16: =IF(COUNT(Monthly!O38:O40)<3,"",SUM(Monthly!O38:O40)) | Q16: =IFERROR(IF(OR(P16="",P12=""),"",P16/P12-1),"") | R16: =IFERROR(IF(OR(P16="",P15=""),"",P16/P15-1),"")
A17: Q3FY22 | B17: FY2022 | C17: 44531 | D17: =IF(COUNT(Monthly!C41:C43)<3,"",SUM(Monthly!C41:C43)) | E17: =IFERROR(IF(OR(D17="",D13=""),"",D17/D13-1),"") | F17: =IFERROR(IF(OR(D17="",D16=""),"",D17/D16-1),"") | G17: =IF(COUNT(Monthly!F41:F43)<3,"",SUM(Monthly!F41:F43)) | H17: =IFERROR(IF(OR(G17="",G13=""),"",G17/G13-1),"") | I17: =IFERROR(IF(OR(G17="",G16=""),"",G17/G16-1),"") | J17: =IF(COUNT(Monthly!I41:I43)<3,"",SUM(Monthly!I41:I43)) | K17: =IFERROR(IF(OR(J17="",J13=""),"",J17/J13-1),"") | L17: =IFERROR(IF(OR(J17="",J16=""),"",J17/J16-1),"") | M17: =IF(COUNT(Monthly!L41:L43)<3,"",SUM(Monthly!L41:L43)) | N17: =IFERROR(IF(OR(M17="",M13=""),"",M17/M13-1),"") | O17: =IFERROR(IF(OR(M17="",M16=""),"",M17/M16-1),"") | P17: =IF(COUNT(Monthly!O41:O43)<3,"",SUM(Monthly!O41:O43)) | Q17: =IFERROR(IF(OR(P17="",P13=""),"",P17/P13-1),"") | R17: =IFERROR(IF(OR(P17="",P16=""),"",P17/P16-1),"")
A18: Q4FY22 | B18: FY2022 | C18: 44621 | D18: =IF(COUNT(Monthly!C44:C46)<3,"",SUM(Monthly!C44:C46)) | E18: =IFERROR(IF(OR(D18="",D14=""),"",D18/D14-1),"") | F18: =IFERROR(IF(OR(D18="",D17=""),"",D18/D17-1),"") | G18: =IF(COUNT(Monthly!F44:F46)<3,"",SUM(Monthly!F44:F46)) | H18: =IFERROR(IF(OR(G18="",G14=""),"",G18/G14-1),"") | I18: =IFERROR(IF(OR(G18="",G17=""),"",G18/G17-1),"") | J18: =IF(COUNT(Monthly!I44:I46)<3,"",SUM(Monthly!I44:I46)) | K18: =IFERROR(IF(OR(J18="",J14=""),"",J18/J14-1),"") | L18: =IFERROR(IF(OR(J18="",J17=""),"",J18/J17-1),"") | M18: =IF(COUNT(Monthly!L44:L46)<3,"",SUM(Monthly!L44:L46)) | N18: =IFERROR(IF(OR(M18="",M14=""),"",M18/M14-1),"") | O18: =IFERROR(IF(OR(M18="",M17=""),"",M18/M17-1),"") | P18: =IF(COUNT(Monthly!O44:O46)<3,"",SUM(Monthly!O44:O46)) | Q18: =IFERROR(IF(OR(P18="",P14=""),"",P18/P14-1),"") | R18: =IFERROR(IF(OR(P18="",P17=""),"",P18/P17-1),"")
A19: Q1FY23 | B19: FY2023 | C19: 44713 | D19: =IF(COUNT(Monthly!C47:C49)<3,"",SUM(Monthly!C47:C49)) | E19: =IFERROR(IF(OR(D19="",D15=""),"",D19/D15-1),"") | F19: =IFERROR(IF(OR(D19="",D18=""),"",D19/D18-1),"") | G19: =IF(COUNT(Monthly!F47:F49)<3,"",SUM(Monthly!F47:F49)) | H19: =IFERROR(IF(OR(G19="",G15=""),"",G19/G15-1),"") | I19: =IFERROR(IF(OR(G19="",G18=""),"",G19/G18-1),"") | J19: =IF(COUNT(Monthly!I47:I49)<3,"",SUM(Monthly!I47:I49)) | K19: =IFERROR(IF(OR(J19="",J15=""),"",J19/J15-1),"") | L19: =IFERROR(IF(OR(J19="",J18=""),"",J19/J18-1),"") | M19: =IF(COUNT(Monthly!L47:L49)<3,"",SUM(Monthly!L47:L49)) | N19: =IFERROR(IF(OR(M19="",M15=""),"",M19/M15-1),"") | O19: =IFERROR(IF(OR(M19="",M18=""),"",M19/M18-1),"") | P19: =IF(COUNT(Monthly!O47:O49)<3,"",SUM(Monthly!O47:O49)) | Q19: =IFERROR(IF(OR(P19="",P15=""),"",P19/P15-1),"") | R19: =IFERROR(IF(OR(P19="",P18=""),"",P19/P18-1),"")
A20: Q2FY23 | B20: FY2023 | C20: 44805 | D20: =IF(COUNT(Monthly!C50:C52)<3,"",SUM(Monthly!C50:C52)) | E20: =IFERROR(IF(OR(D20="",D16=""),"",D20/D16-1),"") | F20: =IFERROR(IF(OR(D20="",D19=""),"",D20/D19-1),"") | G20: =IF(COUNT(Monthly!F50:F52)<3,"",SUM(Monthly!F50:F52)) | H20: =IFERROR(IF(OR(G20="",G16=""),"",G20/G16-1),"") | I20: =IFERROR(IF(OR(G20="",G19=""),"",G20/G19-1),"") | J20: =IF(COUNT(Monthly!I50:I52)<3,"",SUM(Monthly!I50:I52)) | K20: =IFERROR(IF(OR(J20="",J16=""),"",J20/J16-1),"") | L20: =IFERROR(IF(OR(J20="",J19=""),"",J20/J19-1),"") | M20: =IF(COUNT(Monthly!L50:L52)<3,"",SUM(Monthly!L50:L52)) | N20: =IFERROR(IF(OR(M20="",M16=""),"",M20/M16-1),"") | O20: =IFERROR(IF(OR(M20="",M19=""),"",M20/M19-1),"") | P20: =IF(COUNT(Monthly!O50:O52)<3,"",SUM(Monthly!O50:O52)) | Q20: =IFERROR(IF(OR(P20="",P16=""),"",P20/P16-1),"") | R20: =IFERROR(IF(OR(P20="",P19=""),"",P20/P19-1),"")
A21: Q3FY23 | B21: FY2023 | C21: 44896 | D21: =IF(COUNT(Monthly!C53:C55)<3,"",SUM(Monthly!C53:C55)) | E21: =IFERROR(IF(OR(D21="",D17=""),"",D21/D17-1),"") | F21: =IFERROR(IF(OR(D21="",D20=""),"",D21/D20-1),"") | G21: =IF(COUNT(Monthly!F53:F55)<3,"",SUM(Monthly!F53:F55)) | H21: =IFERROR(IF(OR(G21="",G17=""),"",G21/G17-1),"") | I21: =IFERROR(IF(OR(G21="",G20=""),"",G21/G20-1),"") | J21: =IF(COUNT(Monthly!I53:I55)<3,"",SUM(Monthly!I53:I55)) | K21: =IFERROR(IF(OR(J21="",J17=""),"",J21/J17-1),"") | L21: =IFERROR(IF(OR(J21="",J20=""),"",J21/J20-1),"") | M21: =IF(COUNT(Monthly!L53:L55)<3,"",SUM(Monthly!L53:L55)) | N21: =IFERROR(IF(OR(M21="",M17=""),"",M21/M17-1),"") | O21: =IFERROR(IF(OR(M21="",M20=""),"",M21/M20-1),"") | P21: =IF(COUNT(Monthly!O53:O55)<3,"",SUM(Monthly!O53:O55)) | Q21: =IFERROR(IF(OR(P21="",P17=""),"",P21/P17-1),"") | R21: =IFERROR(IF(OR(P21="",P20=""),"",P21/P20-1),"")
A22: Q4FY23 | B22: FY2023 | C22: 44986 | D22: =IF(COUNT(Monthly!C56:C58)<3,"",SUM(Monthly!C56:C58)) | E22: =IFERROR(IF(OR(D22="",D18=""),"",D22/D18-1),"") | F22: =IFERROR(IF(OR(D22="",D21=""),"",D22/D21-1),"") | G22: =IF(COUNT(Monthly!F56:F58)<3,"",SUM(Monthly!F56:F58)) | H22: =IFERROR(IF(OR(G22="",G18=""),"",G22/G18-1),"") | I22: =IFERROR(IF(OR(G22="",G21=""),"",G22/G21-1),"") | J22: =IF(COUNT(Monthly!I56:I58)<3,"",SUM(Monthly!I56:I58)) | K22: =IFERROR(IF(OR(J22="",J18=""),"",J22/J18-1),"") | L22: =IFERROR(IF(OR(J22="",J21=""),"",J22/J21-1),"") | M22: =IF(COUNT(Monthly!L56:L58)<3,"",SUM(Monthly!L56:L58)) | N22: =IFERROR(IF(OR(M22="",M18=""),"",M22/M18-1),"") | O22: =IFERROR(IF(OR(M22="",M21=""),"",M22/M21-1),"") | P22: =IF(COUNT(Monthly!O56:O58)<3,"",SUM(Monthly!O56:O58)) | Q22: =IFERROR(IF(OR(P22="",P18=""),"",P22/P18-1),"") | R22: =IFERROR(IF(OR(P22="",P21=""),"",P22/P21-1),"")
A23: Q1FY24 | B23: FY2024 | C23: 45078 | D23: =IF(COUNT(Monthly!C59:C61)<3,"",SUM(Monthly!C59:C61)) | E23: =IFERROR(IF(OR(D23="",D19=""),"",D23/D19-1),"") | F23: =IFERROR(IF(OR(D23="",D22=""),"",D23/D22-1),"") | G23: =IF(COUNT(Monthly!F59:F61)<3,"",SUM(Monthly!F59:F61)) | H23: =IFERROR(IF(OR(G23="",G19=""),"",G23/G19-1),"") | I23: =IFERROR(IF(OR(G23="",G22=""),"",G23/G22-1),"") | J23: =IF(COUNT(Monthly!I59:I61)<3,"",SUM(Monthly!I59:I61)) | K23: =IFERROR(IF(OR(J23="",J19=""),"",J23/J19-1),"") | L23: =IFERROR(IF(OR(J23="",J22=""),"",J23/J22-1),"") | M23: =IF(COUNT(Monthly!L59:L61)<3,"",SUM(Monthly!L59:L61)) | N23: =IFERROR(IF(OR(M23="",M19=""),"",M23/M19-1),"") | O23: =IFERROR(IF(OR(M23="",M22=""),"",M23/M22-1),"") | P23: =IF(COUNT(Monthly!O59:O61)<3,"",SUM(Monthly!O59:O61)) | Q23: =IFERROR(IF(OR(P23="",P19=""),"",P23/P19-1),"") | R23: =IFERROR(IF(OR(P23="",P22=""),"",P23/P22-1),"")
A24: Q2FY24 | B24: FY2024 | C24: 45170 | D24: =IF(COUNT(Monthly!C62:C64)<3,"",SUM(Monthly!C62:C64)) | E24: =IFERROR(IF(OR(D24="",D20=""),"",D24/D20-1),"") | F24: =IFERROR(IF(OR(D24="",D23=""),"",D24/D23-1),"") | G24: =IF(COUNT(Monthly!F62:F64)<3,"",SUM(Monthly!F62:F64)) | H24: =IFERROR(IF(OR(G24="",G20=""),"",G24/G20-1),"") | I24: =IFERROR(IF(OR(G24="",G23=""),"",G24/G23-1),"") | J24: =IF(COUNT(Monthly!I62:I64)<3,"",SUM(Monthly!I62:I64)) | K24: =IFERROR(IF(OR(J24="",J20=""),"",J24/J20-1),"") | L24: =IFERROR(IF(OR(J24="",J23=""),"",J24/J23-1),"") | M24: =IF(COUNT(Monthly!L62:L64)<3,"",SUM(Monthly!L62:L64)) | N24: =IFERROR(IF(OR(M24="",M20=""),"",M24/M20-1),"") | O24: =IFERROR(IF(OR(M24="",M23=""),"",M24/M23-1),"") | P24: =IF(COUNT(Monthly!O62:O64)<3,"",SUM(Monthly!O62:O64)) | Q24: =IFERROR(IF(OR(P24="",P20=""),"",P24/P20-1),"") | R24: =IFERROR(IF(OR(P24="",P23=""),"",P24/P23-1),"")
A25: Q3FY24 | B25: FY2024 | C25: 45261 | D25: =IF(COUNT(Monthly!C65:C67)<3,"",SUM(Monthly!C65:C67)) | E25: =IFERROR(IF(OR(D25="",D21=""),"",D25/D21-1),"") | F25: =IFERROR(IF(OR(D25="",D24=""),"",D25/D24-1),"") | G25: =IF(COUNT(Monthly!F65:F67)<3,"",SUM(Monthly!F65:F67)) | H25: =IFERROR(IF(OR(G25="",G21=""),"",G25/G21-1),"") | I25: =IFERROR(IF(OR(G25="",G24=""),"",G25/G24-1),"") | J25: =IF(COUNT(Monthly!I65:I67)<3,"",SUM(Monthly!I65:I67)) | K25: =IFERROR(IF(OR(J25="",J21=""),"",J25/J21-1),"") | L25: =IFERROR(IF(OR(J25="",J24=""),"",J25/J24-1),"") | M25: =IF(COUNT(Monthly!L65:L67)<3,"",SUM(Monthly!L65:L67)) | N25: =IFERROR(IF(OR(M25="",M21=""),"",M25/M21-1),"") | O25: =IFERROR(IF(OR(M25="",M24=""),"",M25/M24-1),"") | P25: =IF(COUNT(Monthly!O65:O67)<3,"",SUM(Monthly!O65:O67)) | Q25: =IFERROR(IF(OR(P25="",P21=""),"",P25/P21-1),"") | R25: =IFERROR(IF(OR(P25="",P24=""),"",P25/P24-1),"")
A26: Q4FY24 | B26: FY2024 | C26: 45352 | D26: =IF(COUNT(Monthly!C68:C70)<3,"",SUM(Monthly!C68:C70)) | E26: =IFERROR(IF(OR(D26="",D22=""),"",D26/D22-1),"") | F26: =IFERROR(IF(OR(D26="",D25=""),"",D26/D25-1),"") | G26: =IF(COUNT(Monthly!F68:F70)<3,"",SUM(Monthly!F68:F70)) | H26: =IFERROR(IF(OR(G26="",G22=""),"",G26/G22-1),"") | I26: =IFERROR(IF(OR(G26="",G25=""),"",G26/G25-1),"") | J26: =IF(COUNT(Monthly!I68:I70)<3,"",SUM(Monthly!I68:I70)) | K26: =IFERROR(IF(OR(J26="",J22=""),"",J26/J22-1),"") | L26: =IFERROR(IF(OR(J26="",J25=""),"",J26/J25-1),"") | M26: =IF(COUNT(Monthly!L68:L70)<3,"",SUM(Monthly!L68:L70)) | N26: =IFERROR(IF(OR(M26="",M22=""),"",M26/M22-1),"") | O26: =IFERROR(IF(OR(M26="",M25=""),"",M26/M25-1),"") | P26: =IF(COUNT(Monthly!O68:O70)<3,"",SUM(Monthly!O68:O70)) | Q26: =IFERROR(IF(OR(P26="",P22=""),"",P26/P22-1),"") | R26: =IFERROR(IF(OR(P26="",P25=""),"",P26/P25-1),"")
A27: Q1FY25 | B27: FY2025 | C27: 45444 | D27: =IF(COUNT(Monthly!C71:C73)<3,"",SUM(Monthly!C71:C73)) | E27: =IFERROR(IF(OR(D27="",D23=""),"",D27/D23-1),"") | F27: =IFERROR(IF(OR(D27="",D26=""),"",D27/D26-1),"") | G27: =IF(COUNT(Monthly!F71:F73)<3,"",SUM(Monthly!F71:F73)) | H27: =IFERROR(IF(OR(G27="",G23=""),"",G27/G23-1),"") | I27: =IFERROR(IF(OR(G27="",G26=""),"",G27/G26-1),"") | J27: =IF(COUNT(Monthly!I71:I73)<3,"",SUM(Monthly!I71:I73)) | K27: =IFERROR(IF(OR(J27="",J23=""),"",J27/J23-1),"") | L27: =IFERROR(IF(OR(J27="",J26=""),"",J27/J26-1),"") | M27: =IF(COUNT(Monthly!L71:L73)<3,"",SUM(Monthly!L71:L73)) | N27: =IFERROR(IF(OR(M27="",M23=""),"",M27/M23-1),"") | O27: =IFERROR(IF(OR(M27="",M26=""),"",M27/M26-1),"") | P27: =IF(COUNT(Monthly!O71:O73)<3,"",SUM(Monthly!O71:O73)) | Q27: =IFERROR(IF(OR(P27="",P23=""),"",P27/P23-1),"") | R27: =IFERROR(IF(OR(P27="",P26=""),"",P27/P26-1),"")
A28: Q2FY25 | B28: FY2025 | C28: 45536 | D28: =IF(COUNT(Monthly!C74:C76)<3,"",SUM(Monthly!C74:C76)) | E28: =IFERROR(IF(OR(D28="",D24=""),"",D28/D24-1),"") | F28: =IFERROR(IF(OR(D28="",D27=""),"",D28/D27-1),"") | G28: =IF(COUNT(Monthly!F74:F76)<3,"",SUM(Monthly!F74:F76)) | H28: =IFERROR(IF(OR(G28="",G24=""),"",G28/G24-1),"") | I28: =IFERROR(IF(OR(G28="",G27=""),"",G28/G27-1),"") | J28: =IF(COUNT(Monthly!I74:I76)<3,"",SUM(Monthly!I74:I76)) | K28: =IFERROR(IF(OR(J28="",J24=""),"",J28/J24-1),"") | L28: =IFERROR(IF(OR(J28="",J27=""),"",J28/J27-1),"") | M28: =IF(COUNT(Monthly!L74:L76)<3,"",SUM(Monthly!L74:L76)) | N28: =IFERROR(IF(OR(M28="",M24=""),"",M28/M24-1),"") | O28: =IFERROR(IF(OR(M28="",M27=""),"",M28/M27-1),"") | P28: =IF(COUNT(Monthly!O74:O76)<3,"",SUM(Monthly!O74:O76)) | Q28: =IFERROR(IF(OR(P28="",P24=""),"",P28/P24-1),"") | R28: =IFERROR(IF(OR(P28="",P27=""),"",P28/P27-1),"")
A29: Q3FY25 | B29: FY2025 | C29: 45627 | D29: =IF(COUNT(Monthly!C77:C79)<3,"",SUM(Monthly!C77:C79)) | E29: =IFERROR(IF(OR(D29="",D25=""),"",D29/D25-1),"") | F29: =IFERROR(IF(OR(D29="",D28=""),"",D29/D28-1),"") | G29: =IF(COUNT(Monthly!F77:F79)<3,"",SUM(Monthly!F77:F79)) | H29: =IFERROR(IF(OR(G29="",G25=""),"",G29/G25-1),"") | I29: =IFERROR(IF(OR(G29="",G28=""),"",G29/G28-1),"") | J29: =IF(COUNT(Monthly!I77:I79)<3,"",SUM(Monthly!I77:I79)) | K29: =IFERROR(IF(OR(J29="",J25=""),"",J29/J25-1),"") | L29: =IFERROR(IF(OR(J29="",J28=""),"",J29/J28-1),"") | M29: =IF(COUNT(Monthly!L77:L79)<3,"",SUM(Monthly!L77:L79)) | N29: =IFERROR(IF(OR(M29="",M25=""),"",M29/M25-1),"") | O29: =IFERROR(IF(OR(M29="",M28=""),"",M29/M28-1),"") | P29: =IF(COUNT(Monthly!O77:O79)<3,"",SUM(Monthly!O77:O79)) | Q29: =IFERROR(IF(OR(P29="",P25=""),"",P29/P25-1),"") | R29: =IFERROR(IF(OR(P29="",P28=""),"",P29/P28-1),"")
A30: Q4FY25 | B30: FY2025 | C30: 45717 | D30: =IF(COUNT(Monthly!C80:C82)<3,"",SUM(Monthly!C80:C82)) | E30: =IFERROR(IF(OR(D30="",D26=""),"",D30/D26-1),"") | F30: =IFERROR(IF(OR(D30="",D29=""),"",D30/D29-1),"") | G30: =IF(COUNT(Monthly!F80:F82)<3,"",SUM(Monthly!F80:F82)) | H30: =IFERROR(IF(OR(G30="",G26=""),"",G30/G26-1),"") | I30: =IFERROR(IF(OR(G30="",G29=""),"",G30/G29-1),"") | J30: =IF(COUNT(Monthly!I80:I82)<3,"",SUM(Monthly!I80:I82)) | K30: =IFERROR(IF(OR(J30="",J26=""),"",J30/J26-1),"") | L30: =IFERROR(IF(OR(J30="",J29=""),"",J30/J29-1),"") | M30: =IF(COUNT(Monthly!L80:L82)<3,"",SUM(Monthly!L80:L82)) | N30: =IFERROR(IF(OR(M30="",M26=""),"",M30/M26-1),"") | O30: =IFERROR(IF(OR(M30="",M29=""),"",M30/M29-1),"") | P30: =IF(COUNT(Monthly!O80:O82)<3,"",SUM(Monthly!O80:O82)) | Q30: =IFERROR(IF(OR(P30="",P26=""),"",P30/P26-1),"") | R30: =IFERROR(IF(OR(P30="",P29=""),"",P30/P29-1),"")
A31: Q1FY26 | B31: FY2026 | C31: 45809 | D31: =IF(COUNT(Monthly!C83:C85)<3,"",SUM(Monthly!C83:C85)) | E31: =IFERROR(IF(OR(D31="",D27=""),"",D31/D27-1),"") | F31: =IFERROR(IF(OR(D31="",D30=""),"",D31/D30-1),"") | G31: =IF(COUNT(Monthly!F83:F85)<3,"",SUM(Monthly!F83:F85)) | H31: =IFERROR(IF(OR(G31="",G27=""),"",G31/G27-1),"") | I31: =IFERROR(IF(OR(G31="",G30=""),"",G31/G30-1),"") | J31: =IF(COUNT(Monthly!I83:I85)<3,"",SUM(Monthly!I83:I85)) | K31: =IFERROR(IF(OR(J31="",J27=""),"",J31/J27-1),"") | L31: =IFERROR(IF(OR(J31="",J30=""),"",J31/J30-1),"") | M31: =IF(COUNT(Monthly!L83:L85)<3,"",SUM(Monthly!L83:L85)) | N31: =IFERROR(IF(OR(M31="",M27=""),"",M31/M27-1),"") | O31: =IFERROR(IF(OR(M31="",M30=""),"",M31/M30-1),"") | P31: =IF(COUNT(Monthly!O83:O85)<3,"",SUM(Monthly!O83:O85)) | Q31: =IFERROR(IF(OR(P31="",P27=""),"",P31/P27-1),"") | R31: =IFERROR(IF(OR(P31="",P30=""),"",P31/P30-1),"")
A32: Q2FY26 | B32: FY2026 | C32: 45901 | D32: =IF(COUNT(Monthly!C86:C88)<3,"",SUM(Monthly!C86:C88)) | E32: =IFERROR(IF(OR(D32="",D28=""),"",D32/D28-1),"") | F32: =IFERROR(IF(OR(D32="",D31=""),"",D32/D31-1),"") | G32: =IF(COUNT(Monthly!F86:F88)<3,"",SUM(Monthly!F86:F88)) | H32: =IFERROR(IF(OR(G32="",G28=""),"",G32/G28-1),"") | I32: =IFERROR(IF(OR(G32="",G31=""),"",G32/G31-1),"") | J32: =IF(COUNT(Monthly!I86:I88)<3,"",SUM(Monthly!I86:I88)) | K32: =IFERROR(IF(OR(J32="",J28=""),"",J32/J28-1),"") | L32: =IFERROR(IF(OR(J32="",J31=""),"",J32/J31-1),"") | M32: =IF(COUNT(Monthly!L86:L88)<3,"",SUM(Monthly!L86:L88)) | N32: =IFERROR(IF(OR(M32="",M28=""),"",M32/M28-1),"") | O32: =IFERROR(IF(OR(M32="",M31=""),"",M32/M31-1),"") | P32: =IF(COUNT(Monthly!O86:O88)<3,"",SUM(Monthly!O86:O88)) | Q32: =IFERROR(IF(OR(P32="",P28=""),"",P32/P28-1),"") | R32: =IFERROR(IF(OR(P32="",P31=""),"",P32/P31-1),"")
A33: Q3FY26 | B33: FY2026 | C33: 45992 | D33: =IF(COUNT(Monthly!C89:C91)<3,"",SUM(Monthly!C89:C91)) | E33: =IFERROR(IF(OR(D33="",D29=""),"",D33/D29-1),"") | F33: =IFERROR(IF(OR(D33="",D32=""),"",D33/D32-1),"") | G33: =IF(COUNT(Monthly!F89:F91)<3,"",SUM(Monthly!F89:F91)) | H33: =IFERROR(IF(OR(G33="",G29=""),"",G33/G29-1),"") | I33: =IFERROR(IF(OR(G33="",G32=""),"",G33/G32-1),"") | J33: =IF(COUNT(Monthly!I89:I91)<3,"",SUM(Monthly!I89:I91)) | K33: =IFERROR(IF(OR(J33="",J29=""),"",J33/J29-1),"") | L33: =IFERROR(IF(OR(J33="",J32=""),"",J33/J32-1),"") | M33: =IF(COUNT(Monthly!L89:L91)<3,"",SUM(Monthly!L89:L91)) | N33: =IFERROR(IF(OR(M33="",M29=""),"",M33/M29-1),"") | O33: =IFERROR(IF(OR(M33="",M32=""),"",M33/M32-1),"") | P33: =IF(COUNT(Monthly!O89:O91)<3,"",SUM(Monthly!O89:O91)) | Q33: =IFERROR(IF(OR(P33="",P29=""),"",P33/P29-1),"") | R33: =IFERROR(IF(OR(P33="",P32=""),"",P33/P32-1),"")
A34: Q4FY26 | B34: FY2026 | C34: 46082 | D34: =IF(COUNT(Monthly!C92:C94)<3,"",SUM(Monthly!C92:C94)) | E34: =IFERROR(IF(OR(D34="",D30=""),"",D34/D30-1),"") | F34: =IFERROR(IF(OR(D34="",D33=""),"",D34/D33-1),"") | G34: =IF(COUNT(Monthly!F92:F94)<3,"",SUM(Monthly!F92:F94)) | H34: =IFERROR(IF(OR(G34="",G30=""),"",G34/G30-1),"") | I34: =IFERROR(IF(OR(G34="",G33=""),"",G34/G33-1),"") | J34: =IF(COUNT(Monthly!I92:I94)<3,"",SUM(Monthly!I92:I94)) | K34: =IFERROR(IF(OR(J34="",J30=""),"",J34/J30-1),"") | L34: =IFERROR(IF(OR(J34="",J33=""),"",J34/J33-1),"") | M34: =IF(COUNT(Monthly!L92:L94)<3,"",SUM(Monthly!L92:L94)) | N34: =IFERROR(IF(OR(M34="",M30=""),"",M34/M30-1),"") | O34: =IFERROR(IF(OR(M34="",M33=""),"",M34/M33-1),"") | P34: =IF(COUNT(Monthly!O92:O94)<3,"",SUM(Monthly!O92:O94)) | Q34: =IFERROR(IF(OR(P34="",P30=""),"",P34/P30-1),"") | R34: =IFERROR(IF(OR(P34="",P33=""),"",P34/P33-1),"")
A35: Q1FY27 | B35: FY2027 | C35: 46174 | D35: =IF(COUNT(Monthly!C95:C97)<3,"",SUM(Monthly!C95:C97)) | E35: =IFERROR(IF(OR(D35="",D31=""),"",D35/D31-1),"") | F35: =IFERROR(IF(OR(D35="",D34=""),"",D35/D34-1),"") | G35: =IF(COUNT(Monthly!F95:F97)<3,"",SUM(Monthly!F95:F97)) | H35: =IFERROR(IF(OR(G35="",G31=""),"",G35/G31-1),"") | I35: =IFERROR(IF(OR(G35="",G34=""),"",G35/G34-1),"") | J35: =IF(COUNT(Monthly!I95:I97)<3,"",SUM(Monthly!I95:I97)) | K35: =IFERROR(IF(OR(J35="",J31=""),"",J35/J31-1),"") | L35: =IFERROR(IF(OR(J35="",J34=""),"",J35/J34-1),"") | M35: =IF(COUNT(Monthly!L95:L97)<3,"",SUM(Monthly!L95:L97)) | N35: =IFERROR(IF(OR(M35="",M31=""),"",M35/M31-1),"") | O35: =IFERROR(IF(OR(M35="",M34=""),"",M35/M34-1),"") | P35: =IF(COUNT(Monthly!O95:O97)<3,"",SUM(Monthly!O95:O97)) | Q35: =IFERROR(IF(OR(P35="",P31=""),"",P35/P31-1),"") | R35: =IFERROR(IF(OR(P35="",P34=""),"",P35/P34-1),"")
A36: Q2FY27 | B36: FY2027 | C36: 46266 | D36: =IF(COUNT(Monthly!C98:C100)<3,"",SUM(Monthly!C98:C100)) | E36: =IFERROR(IF(OR(D36="",D32=""),"",D36/D32-1),"") | F36: =IFERROR(IF(OR(D36="",D35=""),"",D36/D35-1),"") | G36: =IF(COUNT(Monthly!F98:F100)<3,"",SUM(Monthly!F98:F100)) | H36: =IFERROR(IF(OR(G36="",G32=""),"",G36/G32-1),"") | I36: =IFERROR(IF(OR(G36="",G35=""),"",G36/G35-1),"") | J36: =IF(COUNT(Monthly!I98:I100)<3,"",SUM(Monthly!I98:I100)) | K36: =IFERROR(IF(OR(J36="",J32=""),"",J36/J32-1),"") | L36: =IFERROR(IF(OR(J36="",J35=""),"",J36/J35-1),"") | M36: =IF(COUNT(Monthly!L98:L100)<3,"",SUM(Monthly!L98:L100)) | N36: =IFERROR(IF(OR(M36="",M32=""),"",M36/M32-1),"") | O36: =IFERROR(IF(OR(M36="",M35=""),"",M36/M35-1),"") | P36: =IF(COUNT(Monthly!O98:O100)<3,"",SUM(Monthly!O98:O100)) | Q36: =IFERROR(IF(OR(P36="",P32=""),"",P36/P32-1),"") | R36: =IFERROR(IF(OR(P36="",P35=""),"",P36/P35-1),"")

Sheet FY Totals
A1: ICICI Pru Life - fiscal-year totals as reported (INR Bn); 11M = Apr-Feb cumulative, used to derive March
A3: Fiscal Year | B3: RWRP FY (INR Bn) | C3: RWRP FY YoY | D3: RWRP 11M (INR Bn) | E3: APE FY (INR Bn) | F3: APE FY YoY | G3: APE 11M (INR Bn) | H3: Retail APE FY (INR Bn) | I3: Retail APE FY YoY | J3: Retail APE 11M (INR Bn) | K3: NB Premium FY (INR Bn) | L3: NB Premium FY YoY | M3: NB Premium 11M (INR Bn) | N3: NB Sum Assured FY (INR Bn) | O3: NB Sum Assured FY YoY | P3: NB Sum Assured 11M (INR Bn)
A4: FY2019 | B4: 70.95 | D4: 61.58 | E4: 77.99 | G4: 68.07
A5: FY2020 | B5: 66.43 | C5: =IFERROR(IF(OR(B5="",B4=""),"",B5/B4-1),"") | D5: 61.65 | E5: 73.81 | F5: =IFERROR(IF(OR(E5="",E4=""),"",E5/E4-1),"") | G5: 68.52 | I5: =IFERROR(IF(OR(H5="",H4=""),"",H5/H4-1),"") | K5: 123.48 | L5: =IFERROR(IF(OR(K5="",K4=""),"",K5/K4-1),"") | N5: 5711.84 | O5: =IFERROR(IF(OR(N5="",N4=""),"",N5/N4-1),"")
A6: FY2021 | B6: 54.54 | C6: =IFERROR(IF(OR(B6="",B5=""),"",B6/B5-1),"") | D6: 45.06 | E6: 64.62 | F6: =IFERROR(IF(OR(E6="",E5=""),"",E6/E5-1),"") | G6: 53.61 | I6: =IFERROR(IF(OR(H6="",H5=""),"",H6/H5-1),"") | K6: 130.32 | L6: =IFERROR(IF(OR(K6="",K5=""),"",K6/K5-1),"") | M6: 108.75 | N6: 6166.84 | O6: =IFERROR(IF(OR(N6="",N5=""),"",N6/N5-1),"") | P6: 5354.69
A7: FY2022 | B7: 62.99 | C7: =IFERROR(IF(OR(B7="",B6=""),"",B7/B6-1),"") | D7: 53.41 | E7: 77.33 | F7: =IFERROR(IF(OR(E7="",E6=""),"",E7/E6-1),"") | G7: 65.52 | I7: =IFERROR(IF(OR(H7="",H6=""),"",H7/H6-1),"") | K7: 150.36 | L7: =IFERROR(IF(OR(K7="",K6=""),"",K7/K6-1),"") | M7: 128.45 | N7: 7731.46 | O7: =IFERROR(IF(OR(N7="",N6=""),"",N7/N6-1),"") | P7: 6790.52
A8: FY2023 | B8: 67.38 | C8: =IFERROR(IF(OR(B8="",B7=""),"",B8/B7-1),"") | D8: 52.15 | E8: 86.4 | F8: =IFERROR(IF(OR(E8="",E7=""),"",E8/E7-1),"") | G8: 68.35 | I8: =IFERROR(IF(OR(H8="",H7=""),"",H8/H7-1),"") | K8: 169.22 | L8: =IFERROR(IF(OR(K8="",K7=""),"",K8/K7-1),"") | M8: 140.57 | N8: 10413.92 | O8: =IFERROR(IF(OR(N8="",N7=""),"",N8/N7-1),"") | P8: 9313.38
A9: FY2024 | B9: 72.13 | C9: =IFERROR(IF(OR(B9="",B8=""),"",B9/B8-1),"") | D9: 57.13 | E9: 90.46 | F9: =IFERROR(IF(OR(E9="",E8=""),"",E9/E8-1),"") | G9: 72.72 | H9: 76.8 | I9: =IFERROR(IF(OR(H9="",H8=""),"",H9/H8-1),"") | K9: 180.81 | L9: =IFERROR(IF(OR(K9="",K8=""),"",K9/K8-1),"") | M9: 148.55 | N9: 10221.11 | O9: =IFERROR(IF(OR(N9="",N8=""),"",N9/N8-1),"") | P9: 9112.8
A10: FY2025 | B10: 83.07 | C10: =IFERROR(IF(OR(B10="",B9=""),"",B10/B9-1),"") | D10: 69.88 | E10: 104.07 | F10: =IFERROR(IF(OR(E10="",E9=""),"",E10/E9-1),"") | G10: 87.34 | H10: 87.05 | I10: =IFERROR(IF(OR(H10="",H9=""),"",H10/H9-1),"") | J10: 72.95 | K10: 225.83 | L10: =IFERROR(IF(OR(K10="",K9=""),"",K10/K9-1),"") | M10: 187.74 | N10: 11944.01 | O10: =IFERROR(IF(OR(N10="",N9=""),"",N10/N9-1),"") | P10: 10849.97
A11: FY2026 | B11: 82.06 | C11: =IFERROR(IF(OR(B11="",B10=""),"",B11/B10-1),"") | D11: 68.99 | E11: 106.41 | F11: =IFERROR(IF(OR(E11="",E10=""),"",E11/E10-1),"") | G11: 87.88 | H11: 86.92 | I11: =IFERROR(IF(OR(H11="",H10=""),"",H11/H10-1),"") | J11: 72.91 | K11: 248.1 | L11: =IFERROR(IF(OR(K11="",K10=""),"",K11/K10-1),"") | M11: 192.29 | N11: 14502.24 | O11: =IFERROR(IF(OR(N11="",N10=""),"",N11/N10-1),"") | P11: 12912.94
A12: FY2027 | C12: =IFERROR(IF(OR(B12="",B11=""),"",B12/B11-1),"") | F12: =IFERROR(IF(OR(E12="",E11=""),"",E12/E11-1),"") | I12: =IFERROR(IF(OR(H12="",H11=""),"",H12/H11-1),"") | L12: =IFERROR(IF(OR(K12="",K11=""),"",K12/K11-1),"") | O12: =IFERROR(IF(OR(N12="",N11=""),"",N12/N11-1),"")

Sheet Prior-Year Check
A1: Prior-year cross-check: prior-year figure implied by each release's YoY (value / (1+YoY)) vs the figure published earlier
A2: A reclassification or restatement of last year shows up as CHECK. Tolerance = rounding of the value (0.005), of the YoY (0.05pp) and of the earlier figure (0.005). Latest release first.
A4: Release Date | B4: Metric | C4: Period | D4: Reported Value (INR Bn) | E4: Reported YoY | F4: Implied Prior-Year (INR Bn) | G4: Prior Period | H4: Prior as Published Earlier (INR Bn) | I4: Published On | J4: Difference | K4: Rounding Tolerance | L4: Status | M4: Note
A5: 46303 | B5: NB Sum Assured | C5: Sep-26 | D5: 1230.25 | E5: 0.12 | F5: =D5/(1+E5) | G5: Sep-25 | H5: 1098.59 | I5: 45939 | J5: =F5-H5 | K5: =0.005/(1+E5)+D5*0.0005/(1+E5)^2+0.005 | L5: =IF(ABS(J5)<=K5,"OK",IF(M5<>"","EXPLAINED","CHECK"))
A6: 46303 | B6: NB Sum Assured | C6: Aug-26 | D6: 1377.1 | E6: 0.579 | F6: =D6/(1+E6) | G6: Aug-25 | H6: 871.99 | I6: 45939 | J6: =F6-H6 | K6: =0.005/(1+E6)+D6*0.0005/(1+E6)^2+0.005 | L6: =IF(ABS(J6)<=K6,"OK",IF(M6<>"","EXPLAINED","CHECK"))
A7: 46303 | B7: NB Sum Assured | C7: Jul-26 | D7: 1307.91 | E7: 0.205 | F7: =D7/(1+E7) | G7: Jul-25 | H7: 1085.67 | I7: 45939 | J7: =F7-H7 | K7: =0.005/(1+E7)+D7*0.0005/(1+E7)^2+0.005 | L7: =IF(ABS(J7)<=K7,"OK",IF(M7<>"","EXPLAINED","CHECK"))
A8: 46303 | B8: NB Premium | C8: Sep-26 | D8: 27.01 | E8: 0.534 | F8: =D8/(1+E8) | G8: Sep-25 | H8: 17.61 | I8: 45939 | J8: =F8-H8 | K8: =0.005/(1+E8)+D8*0.0005/(1+E8)^2+0.005 | L8: =IF(ABS(J8)<=K8,"OK",IF(M8<>"","EXPLAINED","CHECK"))
A9: 46303 | B9: NB Premium | C9: Aug-26 | D9: 19.53 | E9: 0.1 | F9: =D9/(1+E9) | G9: Aug-25 | H9: 17.76 | I9: 45939 | J9: =F9-H9 | K9: =0.005/(1+E9)+D9*0.0005/(1+E9)^2+0.005 | L9: =IF(ABS(J9)<=K9,"OK",IF(M9<>"","EXPLAINED","CHECK"))
A10: 46303 | B10: NB Premium | C10: Jul-26 | D10: 23.01 | E10: 0.207 | F10: =D10/(1+E10) | G10: Jul-25 | H10: 19.06 | I10: 45939 | J10: =F10-H10 | K10: =0.005/(1+E10)+D10*0.0005/(1+E10)^2+0.005 | L10: =IF(ABS(J10)<=K10,"OK",IF(M10<>"","EXPLAINED","CHECK"))
A11: 46303 | B11: Retail APE | C11: Sep-26 | D11: 7.26 | E11: -0.018 | F11: =D11/(1+E11) | G11: Sep-25 | H11: 7.39 | I11: 45939 | J11: =F11-H11 | K11: =0.005/(1+E11)+D11*0.0005/(1+E11)^2+0.005 | L11: =IF(ABS(J11)<=K11,"OK",IF(M11<>"","EXPLAINED","CHECK"))
A12: 46303 | B12: Retail APE | C12: Aug-26 | D12: 7.36 | E12: 0.245 | F12: =D12/(1+E12) | G12: Aug-25 | H12: 5.91 | I12: 45939 | J12: =F12-H12 | K12: =0.005/(1+E12)+D12*0.0005/(1+E12)^2+0.005 | L12: =IF(ABS(J12)<=K12,"OK",IF(M12<>"","EXPLAINED","CHECK"))
A13: 46303 | B13: Retail APE | C13: Jul-26 | D13: 7.58 | E13: 0.12 | F13: =D13/(1+E13) | G13: Jul-25 | H13: 6.77 | I13: 45939 | J13: =F13-H13 | K13: =0.005/(1+E13)+D13*0.0005/(1+E13)^2+0.005 | L13: =IF(ABS(J13)<=K13,"OK",IF(M13<>"","EXPLAINED","CHECK"))
A14: 46303 | B14: APE | C14: Sep-26 | D14: 9.59 | E14: 0.101 | F14: =D14/(1+E14) | G14: Sep-25 | H14: 8.71 | I14: 45939 | J14: =F14-H14 | K14: =0.005/(1+E14)+D14*0.0005/(1+E14)^2+0.005 | L14: =IF(ABS(J14)<=K14,"OK",IF(M14<>"","EXPLAINED","CHECK"))
A15: 46303 | B15: APE | C15: Aug-26 | D15: 8.91 | E15: 0.234 | F15: =D15/(1+E15) | G15: Aug-25 | H15: 7.22 | I15: 45939 | J15: =F15-H15 | K15: =0.005/(1+E15)+D15*0.0005/(1+E15)^2+0.005 | L15: =IF(ABS(J15)<=K15,"OK",IF(M15<>"","EXPLAINED","CHECK"))
A16: 46303 | B16: APE | C16: Jul-26 | D16: 9.49 | E16: 0.145 | F16: =D16/(1+E16) | G16: Jul-25 | H16: 8.29 | I16: 45939 | J16: =F16-H16 | K16: =0.005/(1+E16)+D16*0.0005/(1+E16)^2+0.005 | L16: =IF(ABS(J16)<=K16,"OK",IF(M16<>"","EXPLAINED","CHECK"))
... A242: 45877 | B242: RWRP | C242: Jul-25 | D242: 6.54 | E242: -0.04 | F242: =D242/(1+E242) | G242: Jul-24 | H242: 6.81 | I242: 45576 | J242: =F242-H242 | K242: =0.005/(1+E242)+D242*0.0005/(1+E242)^2+0.005 | L242: =IF(ABS(J242)<=K242,"OK",IF(M242<>"","EXPLAINED","CHECK"))
A243: 45848 | B243: NB Sum Assured | C243: Q1-FY2026 | D243: 3741.52 | E243: 0.363 | F243: =D243/(1+E243) | G243: Q1-FY2025 | H243: 2724.68 | I243: 45727 | J243: =F243-H243 | K243: =0.005/(1+E243)+D243*0.0005/(1+E243)^2+0.005 | L243: =IF(ABS(J243)<=K243,"OK",IF(M243<>"","EXPLAINED","CHECK")) | M243: Reported 3,741.52 later revised to 3,714.52 from the 2025-08-08 release; its own YoY matches the revised figure
A244: 45848 | B244: NB Sum Assured | C244: FY2025 | D244: 11944.01 | E244: 0.169 | F244: =D244/(1+E244) | G244: FY2024 | H244: 10221.11 | I244: 45727 | J244: =F244-H244 | K244: =0.005/(1+E244)+D244*0.0005/(1+E244)^2+0.005 | L244: =IF(ABS(J244)<=K244,"OK",IF(M244<>"","EXPLAINED","CHECK"))
A245: 45848 | B245: NB Sum Assured | C245: Jun-25 | D245: 1007.37 | E245: 0.18 | F245: =D245/(1+E245) | G245: Jun-24 | H245: 853.48 | I245: 45481 | J245: =F245-H245 | K245: =0.005/(1+E245)+D245*0.0005/(1+E245)^2+0.005 | L245: =IF(ABS(J245)<=K245,"OK",IF(M245<>"","EXPLAINED","CHECK"))
A246: 45848 | B246: NB Sum Assured | C246: May-25 | D246: 979.92 | E246: 0.102 | F246: =D246/(1+E246) | G246: May-24 | H246: 889.24 | I246: 45481 | J246: =F246-H246 | K246: =0.005/(1+E246)+D246*0.0005/(1+E246)^2+0.005 | L246: =IF(ABS(J246)<=K246,"OK",IF(M246<>"","EXPLAINED","CHECK"))
A247: 45848 | B247: NB Sum Assured | C247: Apr-25 | D247: 1727.22 | E247: 0.759 | F247: =D247/(1+E247) | G247: Apr-24 | H247: 981.96 | I247: 45481 | J247: =F247-H247 | K247: =0.005/(1+E247)+D247*0.0005/(1+E247)^2+0.005 | L247: =IF(ABS(J247)<=K247,"OK",IF(M247<>"","EXPLAINED","CHECK"))
A248: 45848 | B248: NB Premium | C248: Q1-FY2026 | D248: 40.12 | E248: 0.065 | F248: =D248/(1+E248) | G248: Q1-FY2025 | H248: 37.69 | I248: 45727 | J248: =F248-H248 | K248: =0.005/(1+E248)+D248*0.0005/(1+E248)^2+0.005 | L248: =IF(ABS(J248)<=K248,"OK",IF(M248<>"","EXPLAINED","CHECK"))
A249: 45848 | B249: NB Premium | C249: FY2025 | D249: 225.83 | E249: 0.249 | F249: =D249/(1+E249) | G249: FY2024 | H249: 180.81 | I249: 45727 | J249: =F249-H249 | K249: =0.005/(1+E249)+D249*0.0005/(1+E249)^2+0.005 | L249: =IF(ABS(J249)<=K249,"OK",IF(M249<>"","EXPLAINED","CHECK"))
A250: 45848 | B250: NB Premium | C250: Jun-25 | D250: 15.73 | E250: 0.041 | F250: =D250/(1+E250) | G250: Jun-24 | H250: 15.11 | I250: 45481 | J250: =F250-H250 | K250: =0.005/(1+E250)+D250*0.0005/(1+E250)^2+0.005 | L250: =IF(ABS(J250)<=K250,"OK",IF(M250<>"","EXPLAINED","CHECK"))
A251: 45848 | B251: NB Premium | C251: May-25 | D251: 14.07 | E251: 0.068 | F251: =D251/(1+E251) | G251: May-24 | H251: 13.18 | I251: 45481 | J251: =F251-H251 | K251: =0.005/(1+E251)+D251*0.0005/(1+E251)^2+0.005 | L251: =IF(ABS(J251)<=K251,"OK",IF(M251<>"","EXPLAINED","CHECK"))
A252: 45848 | B252: NB Premium | C252: Apr-25 | D252: 10.32 | E252: 0.098 | F252: =D252/(1+E252) | G252: Apr-24 | H252: 9.4 | I252: 45481 | J252: =F252-H252 | K252: =0.005/(1+E252)+D252*0.0005/(1+E252)^2+0.005 | L252: =IF(ABS(J252)<=K252,"OK",IF(M252<>"","EXPLAINED","CHECK"))
A253: 45848 | B253: Retail APE | C253: Q1-FY2026 | D253: 15.12 | E253: -0.092 | F253: =D253/(1+E253) | G253: Q1-FY2025 | H253: 16.66 | I253: 45727 | J253: =F253-H253 | K253: =0.005/(1+E253)+D253*0.0005/(1+E253)^2+0.005 | L253: =IF(ABS(J253)<=K253,"OK",IF(M253<>"","EXPLAINED","CHECK"))
A254: 45848 | B254: Retail APE | C254: FY2025 | D254: 87.05 | E254: 0.133 | F254: =D254/(1+E254) | G254: FY2024 | H254: 76.8 | I254: 45727 | J254: =F254-H254 | K254: =0.005/(1+E254)+D254*0.0005/(1+E254)^2+0.005 | L254: =IF(ABS(J254)<=K254,"OK",IF(M254<>"","EXPLAINED","CHECK"))
A255: 45848 | B255: APE | C255: Q1-FY2026 | D255: 18.64 | E255: -0.05 | F255: =D255/(1+E255) | G255: Q1-FY2025 | H255: 19.63 | I255: 45727 | J255: =F255-H255 | K255: =0.005/(1+E255)+D255*0.0005/(1+E255)^2+0.005 | L255: =IF(ABS(J255)<=K255,"OK",IF(M255<>"","EXPLAINED","CHECK"))
... A1081: 43589 | B1081: RWRP | C1081: FY2019 | D1081: 70.95 | E1081: -0.049 | F1081: =D1081/(1+E1081) | G1081: FY2018 | H1081: 74.61 | I1081: 43572 | J1081: =F1081-H1081 | K1081: =0.005/(1+E1081)+D1081*0.0005/(1+E1081)^2+0.005 | L1081: =IF(ABS(J1081)<=K1081,"OK",IF(M1081<>"","EXPLAINED","CHECK"))

Sheet Release Log
A1: BSE filings scanned (Investor Presentation / Performance Update, Dec-2018 onward)
A3: Filing Date | B3: Months in Table | C3: Status | D3: Table Page | E3: Filing Subject | F3: BSE PDF
A4: 46308 | C4: Earnings-call / other presentation (no monthly table) | E4: Please find attached the Investor Presentation | F4: Open PDF
A5: 46308 | C5: Earnings-call / other presentation (no monthly table) | E5: Please find attached the Investor Presentation | F5: Open PDF
A6: 46303 | B6: Jul-26, Aug-26, Sep-26 | C6: Parsed | D6: 3 | E6: Monthly Business Performance Update for the Month of September 2026 | F6: Open PDF
A7: 46272 | C7: Image-only PDF (no text layer) | E7: Monthly Business Performance Update for the Month of August 2026. | F7: Open PDF
A8: 46241 | B8: Jul-26 | C8: Parsed | D8: 3 | E8: Monthly business performance update for the month of July 2026. | F8: Open PDF
A9: 46218 | C9: Earnings-call / other presentation (no monthly table) | E9: Investor Presentation | F9: Open PDF
A10: 46211 | B10: Apr-26, May-26, Jun-26 | C10: Parsed | D10: 3 | E10: Investor Presentation for the month of June 2026. | F10: Open PDF
A11: 46182 | B11: Apr-26, May-26 | C11: Parsed | D11: 3 | E11: Investor presentation for the month of May 2026. | F11: Open PDF
A12: 46150 | B12: Apr-26 | C12: Parsed | D12: 3 | E12: Investor presentation for the month of April 2026. | F12: Open PDF
A13: 46126 | C13: Earnings-call / other presentation (no monthly table) | E13: Please find enclosed earnings call presentation. | F13: Open PDF
A14: 46090 | B14: Jan-26, Feb-26 | C14: Parsed | D14: 3 | E14: Investor presentation for the month of February 2026 | F14: Open PDF
A15: 46062 | B15: Jan-26 | C15: Parsed | D15: 3 | E15: Investor presentation for the month of January 2026. | F15: Open PDF
A16: 46035 | C16: Earnings-call / other presentation (no monthly table) | E16: Please find enclosed herewith the earning''s call presentation. | F16: Open PDF
A17: 46032 | B17: Oct-25, Nov-25, Dec-25 | C17: Parsed | D17: 3 | E17: Please find attached herewith the performance update for the month of December 2025. | F17: Open PDF
A18: 45999 | B18: Oct-25, Nov-25 | C18: Parsed | D18: 3 | E18: Please find attached herewith the performance update for the month of November 2025. | F18: Open PDF
A19: 45968 | B19: Oct-25 | C19: Parsed | D19: 4 | E19: Please find attached the performance update of the Company for the month of October 2025. | F19: Open PDF
A20: 45944 | C20: Earnings-call / other presentation (no monthly table) | E20: Please find enclosed herewith the Earnings Call - Presentation. | F20: Open PDF
A21: 45939 | B21: Jul-25, Aug-25, Sep-25 | C21: Parsed | D21: 4 | E21: Please find attached the performance update of the Company for the month of September 2025. | F21: Open PDF
A22: 45909 | B22: Jul-25, Aug-25 | C22: Parsed | D22: 4 | E22: Please find attached the performance update of the Company for the month of August 2025. | F22: Open PDF
A23: 45877 | B23: Jul-25 | C23: Parsed | D23: 4 | E23: Please find attached the monthly investor presentation, on the performance of the Company. | F23: Open PDF
A24: 45853 | C24: Earnings-call / other presentation (no monthly table) | E24: Please find enclosed herewith the Earnings Call - Presentation. | F24: Open PDF
A25: 45848 | B25: Apr-25, May-25, Jun-25 | C25: Parsed | D25: 4 | E25: Please find attached the monthly investor presentation, on the performance of the Company. | F25: Open PDF
A26: 45817 | B26: Apr-25, May-25 | C26: Parsed | D26: 4 | E26: Please find attached the monthly investor presentation, on the performance of the Company. | F26: Open PDF
A27: 45790 | B27: Apr-25 | C27: Parsed | D27: 4 | E27: Please find attached the monthly investor presentation, on the performance of the Company. | F27: Open PDF
A28: 45762 | C28: Earnings-call / other presentation (no monthly table) | E28: Please find attached the business presentation for earnings conference call to discuss the performance of the Company for FY2025 | F28: Open PDF
A29: 45727 | B29: Jan-25, Feb-25 | C29: Parsed | D29: 4 | E29: Please find attached the monthly investor presentation, on the performance of the Company. | F29: Open PDF
A30: 45695 | B30: Jan-25 | C30: Parsed | D30: 4 | E30: Please find attached the monthly investor presentation, on the performance of the Company. | F30: Open PDF
A31: 45678 | C31: Earnings-call / other presentation (no monthly table) | E31: Please find enclosed investor presentation for earnings conference call to discuss performance of the company for 9M-FY2025 | F31: Open PDF
A32: 45667 | B32: Oct-24, Nov-24, Dec-24 | C32: Parsed | D32: 4 | E32: Please find attached the monthly investor presentation, on the performance of the Company. | F32: Open PDF
A33: 45635 | B33: Oct-24, Nov-24 | C33: Parsed | D33: 4 | E33: Please find attached the monthly investor presentation, on the performance of the Company. | F33: Open PDF
A34: 45604 | B34: Oct-24 | C34: Parsed | D34: 4 | E34: Please find attached the monthly investor presentation, on the performance of the Company. | F34: Open PDF
A35: 45587 | C35: Earnings-call / other presentation (no monthly table) | E35: Please find enclosed investor presentation for earnings conference call to discuss performance of the company for H1-FY2025 | F35: Open PDF
A36: 45576 | B36: Jul-24, Aug-24, Sep-24 | C36: Parsed | D36: 4 | E36: Please find attached the monthly investor presentation, on the performance of the Company. | F36: Open PDF
A37: 45544 | B37: Jul-24, Aug-24 | C37: Parsed | D37: 4 | E37: Please note the updated investor presentation enclosed along with this letter. | F37: Open PDF
A38: 45516 | B38: Jul-24 | C38: Parsed | D38: 4 | E38: Please note the updated investor presentation enclosed along with this letter. | F38: Open PDF
A39: 45496 | C39: Earnings-call / other presentation (no monthly table) | E39: Please find attached Investor presentation for earnings conference call to discuss the performance of the Company for Q1-FY2025. | F39: Open PDF
A40: 45481 | B40: Apr-24, May-24, Jun-24 | C40: Parsed | D40: 4 | E40: Please find enclosed the investor presentation. | F40: Open PDF
A41: 45453 | B41: Apr-24, May-24 | C41: Parsed | D41: 4 | E41: Please find enclosed herewith the investor presentation enclosed along with this letter. The same is also made available on the website of the Company. | F41: Open PDF
A42: 45421 | B42: Apr-24 | C42: Parsed | D42: 4 | E42: Please find enclosed herewith the updated investor presentation. | F42: Open PDF
A43: 45405 | C43: Earnings-call / other presentation (no monthly table) | E43: Please find attached investor presentation for FY2024 | F43: Open PDF
A44: 45400 | B44: Jan-24, Feb-24, Mar-24 | C44: Parsed | D44: 4 | E44: Please find enclosed herewith the updated investor presentation. | F44: Open PDF
A45: 45358 | B45: Jan-24, Feb-24 | C45: Parsed | D45: 4 | E45: Please note the updated investor presentation enclosed along with this letter. The same is also made available on the website of the Company. | F45: Open PDF
A46: 45329 | B46: Jan-24 | C46: Parsed | D46: 4 | E46: Please note the updated investor presentation enclosed along with this letter. The same is also made available on the website of the Company. | F46: Open PDF
A47: 45308 | C47: Earnings-call / other presentation (no monthly table) | E47: Please find enclosed Investor Presentation for earnings conference call to discuss performance of the Company for 9M-FY2024. | F47: Open PDF
A48: 45300 | B48: Dec-23 | C48: Parsed | D48: 4 | E48: Please note the updated investor presentation enclosed along with this letter. The same is also made available on the website of the Company. | F48: Open PDF
A49: 45267 | B49: Oct-23, Nov-23 | C49: Parsed | D49: 4 | E49: Please note the updated investor presentation enclosed along with this letter. The same is also made available on the website of the Company. | F49: Open PDF
A50: 45237 | B50: Oct-23 | C50: Parsed | D50: 4 | E50: Please note the updated investor presentation enclosed along with this letter. The same is also made available on the website of the Company. | F50: Open PDF
A51: 45216 | C51: Earnings-call / other presentation (no monthly table) | E51: Please find attached the investor presentation for earnings conference call to discuss the performance of the Company for H1 FY2024. | F51: Open PDF
A52: 45208 | B52: Jul-23, Aug-23, Sep-23 | C52: Parsed | D52: 4 | E52: Please note the updated investor presentation enclosed along with this letter. The same is also made available on the website of the Company. | F52: Open PDF
A53: 45176 | B53: Jul-23, Aug-23 | C53: Parsed | D53: 4 | E53: Please note the updated investor presentation enclosed along with this letter. The same is also made available on the website of the Company. | F53: Open PDF
A54: 45146 | B54: Jul-23 | C54: Parsed | D54: 4 | E54: Please note the updated investor presentation enclosed along with this letter. The same is also made available on the website of the Company. | F54: Open PDF
A55: 45125 | C55: Earnings-call / other presentation (no monthly table) | E55: This is further to our letter dated July 7, 2023 with reference to the earnings conference call to be hosted by the Company on July 18, 2023 with investors and | F55: Open PDF
A56: 45114 | B56: Apr-23, May-23, Jun-23 | C56: Parsed | D56: 4 | E56: Please note the updated investor presentation enclosed along with this letter. The same is also made available on the website of the Company. | F56: Open PDF
A57: 45086 | B57: Apr-23, May-23 | C57: Parsed | D57: 4 | E57: Please note the updated investor presentation enclosed alongwith this letter. The same is also made available on the website of the Company. | F57: Open PDF
A58: 45058 | B58: Apr-23 | C58: Parsed | D58: 4 | E58: Please note the updated investor presentation enclosed alongwith this letter. The same is also made available on the website of the Company. | F58: Open PDF
A59: 45036 | C59: Earnings-call / other presentation (no monthly table) | E59: This is further to our letter dated April 10, 2023 with reference to the earnings call to be hosted by the Company on April 20, 2023 with investors and analysts | F59: Open PDF
A60: 44993 | B60: Jan-23, Feb-23 | C60: Parsed | D60: 4 | E60: Please note the updated investor presentation enclosed alongwith this letter. The same is also made available on the website of the Company. | F60: Open PDF
A61: 44964 | B61: Jan-23 | C61: Parsed | D61: 4 | E61: Please note the updated investor presentation enclosed alongwith this letter. The same is also made available on the website of the Company. | F61: Open PDF
A62: 44943 | C62: Earnings-call / other presentation (no monthly table) | E62: This is further to our letter dated January 10, 2023 with reference to the earnings call to be hosted by the Company on January 18, 2023 with investors and anal | F62: Open PDF
A63: 44935 | B63: Oct-22, Nov-22, Dec-22 | C63: Parsed | D63: 4 | E63: Please find enclosed the business presentation. | F63: Open PDF
A64: 44902 | B64: Oct-22, Nov-22 | C64: Parsed | D64: 4 | E64: Please find enclosed the business presentation. | F64: Open PDF
A65: 44872 | B65: Oct-22 | C65: Parsed | D65: 4 | E65: Please find enclosed the investor presentation | F65: Open PDF
A66: 44849 | C66: Earnings-call / other presentation (no monthly table) | E66: Please find enclosed the business presentation for 'earnings conference call' to discuss the performance of the Company for H1-FY2023. | F66: Open PDF
A67: 44841 | B67: Jul-22, Aug-22, Sep-22 | C67: Parsed | D67: 4 | E67: Please find enclosed the updated business presentation. | F67: Open PDF
A68: 44811 | B68: Jul-22, Aug-22 | C68: Parsed | D68: 4 | E68: Please find enclosed the updated business presentation | F68: Open PDF
A69: 44781 | B69: Jul-22 | C69: Parsed | D69: 4 | E69: Please find enclosed investor presentation. | F69: Open PDF
A70: 44758 | C70: Earnings-call / other presentation (no monthly table) | E70: Please find enclosed the business presentation for ''earnings conference call'' to discuss the financial performance of the Company for O1-FY2023. | F70: Open PDF
A71: 44749 | B71: Apr-22, May-22, Jun-22 | C71: Parsed | D71: 4 | E71: please find enclosed investor presentation. | F71: Open PDF
A72: 44719 | B72: Apr-22, May-22 | C72: Parsed | D72: 4 | E72: Please note the updated investor presentation. | F72: Open PDF
A73: 44690 | B73: Apr-22 | C73: Parsed | D73: 4 | E73: Please note the updated investor presentation. | F73: Open PDF
A74: 44667 | C74: Earnings-call / other presentation (no monthly table) | E74: ICICI Prudential Life Insurance Company Limited has informed the Exchange about the business presentation for earnings conference call of the Company for FY2022 | F74: Open PDF
A75: 44627 | B75: Jan-22, Feb-22 | C75: Parsed | D75: 4 | E75: Please note the updated investor presentation. | F75: Open PDF
A76: 44599 | B76: Jan-22 | C76: Parsed | D76: 4 | E76: Please note the updated investor presentation. | F76: Open PDF
A77: 44579 | C77: Earnings-call / other presentation (no monthly table) | E77: ICICI Prudential Life Insurance Company Limited has informed the Exchange about the business presentation for earnings conference call to discuss the financial | F77: Open PDF
A78: 44568 | B78: Oct-21, Nov-21, Dec-21 | C78: Parsed | D78: 4 | E78: Please note the updated investor presentation. | F78: Open PDF
A79: 44537 | B79: Oct-21, Nov-21 | C79: Parsed | D79: 4 | E79: Please note the updated investor presentation. | F79: Open PDF
A80: 44508 | B80: Oct-21 | C80: Parsed | D80: 5 | E80: Please note the updated investor presentation. | F80: Open PDF
A81: 44488 | C81: Earnings-call / other presentation (no monthly table) | E81: ICICI Prudential Life Insurance Company Limited has informed the exchange about the business presentation of the Company on the performance update for H1-FY2022 | F81: Open PDF
A82: 44476 | B82: Jul-21, Aug-21, Sep-21 | C82: Parsed | D82: 4 | E82: Please note the updated investor presentation. | F82: Open PDF
A83: 44446 | B83: Jul-21, Aug-21 | C83: Parsed | D83: 4 | E83: Please note the updated investor presentation. | F83: Open PDF
A84: 44417 | B84: Jul-21 | C84: Parsed | D84: 4 | E84: Please note the updated investor presentation. | F84: Open PDF
A85: 44397 | C85: Earnings-call / other presentation (no monthly table) | E85: ICICI Prudential Life Insurance Company Limited has informed the exchange about the business presentation of the Company on the performance update for O1-FY2022 | F85: Open PDF
A86: 44385 | B86: Apr-21, May-21, Jun-21 | C86: Parsed | D86: 4 | E86: The Company has informed the Exchange regarding the updated Investor Presentation. | F86: Open PDF
A87: 44354 | B87: Apr-21, May-21 | C87: Parsed | D87: 4 | E87: Please note the updated investor presentation. | F87: Open PDF
A88: 44344 | C88: Image-only PDF (no text layer) | E88: Kindly note that Prudential Plc has scheduled a virtual investor day on June 2, 2021. <BR> <BR> A video has been made available as part of the virtual showcase | F88: Open PDF
A89: 44323 | B89: Apr-21 | C89: Parsed | D89: 4 | E89: The Company has informed the Exchange regarding the updated Investor Presentation. | F89: Open PDF
A90: 44305 | C90: Earnings-call / other presentation (no monthly table) | E90: ICICI Prudential Life Insurance Company Limited has informed the exchange about the business presentation of the Company on the performance update for FY2021 | F90: Open PDF
A91: 44263 | B91: Jan-21, Feb-21 | C91: Parsed | D91: 4 | E91: The Company has informed the Exchange regarding the updated Investor Presentation. | F91: Open PDF
A92: 44235 | B92: Jan-21 | C92: Parsed | D92: 4 | E92: The Company has informed the Exchange regarding the updated Investor Presentation.<BR> | F92: Open PDF
A93: 44223 | C93: Earnings-call / other presentation (no monthly table) | E93: ICICI Prudential Life Insurance Company Limited has informed the exchange about the business presentation of the Company on the performance update for 9MFY2021. | F93: Open PDF
A94: 44204 | B94: Oct-20, Nov-20, Dec-20 | C94: Parsed | D94: 4 | E94: The Company has informed the Exchange regarding the updated Investor Presentation.<BR> | F94: Open PDF
A95: 44174 | B95: Oct-20, Nov-20 | C95: Parsed | D95: 4 | E95: The Company has informed the Exchange regarding the updated Investor Presentation.<BR> | F95: Open PDF
A96: 44142 | B96: Oct-20 | C96: Parsed | D96: 5 | E96: The Company has informed the Exchange regarding the updated Investor Presentation. | F96: Open PDF
A97: 44131 | C97: Earnings-call / other presentation (no monthly table) | E97: ICICI Prudential Life Insurance Company Limited has informed the exchange about the business presentation of the Company on the performance update for H1-FY2021 | F97: Open PDF
A98: 44111 | B98: Jul-20, Aug-20, Sep-20 | C98: Parsed | D98: 4 | E98: The Company has informed the Exchange regarding the updated Investor Presentation. | F98: Open PDF
A99: 44082 | B99: Jul-20, Aug-20 | C99: Parsed | D99: 4 | E99: The Company has informed the Exchange regarding the updated Investor Presentation.<BR> | F99: Open PDF
A100: 44050 | B100: Jul-20 | C100: Parsed | D100: 4 | E100: The Company has informed the Exchange regarding the updated Investor Presentation.<BR> | F100: Open PDF
A101: 44033 | C101: Earnings-call / other presentation (no monthly table) | E101: ICICI Prudential Life Insurance Company Limited has informed the exchange about the business presentation of the Company on the performance update for Q1-FY2021 | F101: Open PDF
...
